customer_id,signup_date,acquisition_channel,city,gender,age,senior_citizen,plan,contract_type,payment_method,paperless_billing,addon_count,monthly_charge,is_verified,is_activated,tenure_months,monthly_logins,last_active_date,total_revenue,churn_date,is_churned
CUST-100000,2026-05-26,Referral,Mumbai,Male,21,0,Standard,Two-Year,Debit Card,No,1,579.0,1,1,0,9.0,2026-05-23,579.0,,0
CUST-100001,2025-08-27,Paid Social,Surat,Male,19,0,Basic,Monthly,UPI,No,2,319.0,0,0,9,20.0,2026-05-07,2871.0,,0
CUST-100002,2025-11-04,Affiliate,Surat,Male,36,0,Standard,Monthly,Net Banking,Yes,0,470.0,1,1,6,19.0,2026-05-17,2820.0,,0
CUST-100003,2026-05-28,Referral,Delhi,Male,60,1,Premium,Annual,UPI,Yes,1,846.0,1,1,0,13.0,2026-05-28,846.0,2026-05-28,1
CUST-100004,2025-02-01,Organic Search,Delhi,Male,35,0,Standard,Monthly,Credit Card,Yes,2,607.0,1,1,15,33.0,2026-05-15,9105.0,,0
CUST-100005,2025-09-20,Email,Bengaluru,Female,40,0,Premium,Monthly,Wallet,No,1,866.0,1,0,8,11.0,2026-05-17,6928.0,,0
CUST-100006,2025-09-19,Referral,Delhi,Female,45,0,Standard,Monthly,UPI,Yes,0,478.0,1,1,2,25.0,2025-11-18,956.0,2025-11-18,1
CUST-100007,2026-03-24,Referral,Surat,Female,34,0,Basic,Annual,Debit Card,Yes,0,213.0,1,1,2,10.0,2026-05-25,426.0,,0
CUST-100008,2025-10-25,Organic Search,Mumbai,Male,43,0,Basic,Monthly,Debit Card,Yes,1,266.0,1,1,7,25.0,2026-05-07,1862.0,,0
CUST-100009,2024-12-12,Paid Social,Delhi,Male,49,0,Basic,Monthly,UPI,No,0,214.0,1,1,17,25.0,2026-05-03,3638.0,,0
CUST-100010,2026-03-09,Paid Social,Delhi,Female,62,1,Standard,Monthly,UPI,Yes,3,669.0,1,1,2,15.0,2026-05-14,1338.0,,0
CUST-100011,2026-01-15,Email,Ahmedabad,Male,57,0,Standard,Monthly,Net Banking,Yes,2,625.0,1,1,4,23.0,2026-05-23,2500.0,,0
CUST-100012,2024-09-10,Paid Search,Delhi,Female,60,1,Basic,Monthly,Wallet,No,2,303.0,1,0,20,15.0,2026-05-21,6060.0,,0
CUST-100013,2025-11-20,Affiliate,Kolkata,Male,45,0,Standard,Monthly,UPI,No,1,569.0,1,1,6,8.0,2026-05-17,3414.0,,0
CUST-100014,2024-12-10,Paid Social,Mumbai,M,54,0,Basic,Monthly,Net Banking,No,3,375.0,0,0,17,21.0,2026-05-20,6375.0,,0
CUST-100015,2024-12-15,Organic Search,Pune,Male,25,0,Basic,Monthly,Net Banking,Yes,2,317.0,1,1,17,19.0,2026-05-04,5389.0,,0
CUST-100016,2025-03-22,Paid Search,Delhi,Female,25,0,Standard,Monthly,Credit Card,Yes,2,619.0,0,0,14,18.0,2026-05-24,8666.0,,0
CUST-100017,2025-01-16,Organic Search,Mumbai,Female,65,1,Standard,Monthly,Net Banking,No,1,533.0,1,1,16,10.0,2026-05-09,8528.0,,0
CUST-100018,2026-01-13,Affiliate,Ahmedabad,Female,49,0,Basic,Annual,UPI,No,0,217.0,1,1,4,23.0,2026-05-13,868.0,,0
CUST-100019,2024-10-21,Paid Search,Mumbai,Male,23,0,Standard,Monthly,Credit Card,Yes,0,500.0,1,1,19,14.0,2026-05-17,9500.0,,0
CUST-100020,2026-03-14,Referral,Ahmedabad,Female,39,0,Premium,Monthly,Wallet,Yes,2,937.0,1,1,2,15.0,2026-05-08,1874.0,,0
CUST-100021,2024-07-11,Paid Social,Delhi,Male,68,1,Standard,Monthly,Debit Card,No,3,696.0,1,0,22,12.0,2026-05-18,15312.0,,0
CUST-100022,2024-12-20,Email,Chennai,Male,19,0,Premium,Annual,UPI,Yes,0,787.0,1,1,17,25.0,2026-05-26,13379.0,,0
CUST-100023,2025-04-26,Affiliate,Hyderabad,Female,41,0,Basic,Monthly,Debit Card,No,0,195.0,1,1,13,6.0,2026-05-23,2535.0,,0
CUST-100024,2025-06-03,Referral,Jaipur,Female,61,1,Basic,Annual,UPI,Yes,0,176.0,1,1,11,6.0,2026-05-08,1936.0,,0
CUST-100025,2026-03-08,Organic Search,Delhi,Male,67,1,Basic,Annual,UPI,No,1,277.0,1,1,2,20.0,2026-05-08,554.0,,0
CUST-100026,2025-08-18,Paid Social,Hyderabad,Male,37,0,Standard,Monthly,UPI,Yes,0,504.0,0,0,9,9.0,2026-05-11,4536.0,,0
CUST-100027,2025-06-21,Organic Search,Pune,Male,65,1,Basic,Monthly,UPI,Yes,2,322.0,1,1,11,25.0,2026-05-03,3542.0,,0
CUST-100028,2024-09-29,Organic Search,Mumbai,Male,55,0,Premium,Two-Year,Credit Card,No,3,975.0,1,0,20,34.0,2026-05-10,19500.0,,0
CUST-100029,2024-07-02,Referral,Delhi,Male,39,0,Standard,Monthly,UPI,No,2,604.0,1,1,22,30.0,2026-05-06,13288.0,,0
CUST-100030,2025-12-30,Referral,Bengaluru,Female,58,0,Premium,Monthly,Debit Card,Yes,1,878.0,1,1,5,23.0,2026-05-23,4390.0,,0
CUST-100031,2025-07-25,Email,Chennai,Male,59,0,Basic,Monthly,Net Banking,Yes,1,289.0,1,1,10,12.0,2026-05-18,2890.0,,0
CUST-100032,2025-05-10,Paid Social,Bengaluru,Female,32,0,Standard,Monthly,Credit Card,Yes,3,699.0,1,0,12,27.0,2026-05-12,8388.0,,0
CUST-100033,2025-06-03,Paid Social,Mumbai,Male,22,0,Basic,Annual,UPI,No,3,376.0,0,0,11,19.0,2026-05-03,4136.0,,0
CUST-100034,2026-03-15,Paid Social,Surat,Male,58,0,Standard,Monthly,Wallet,Yes,0,505.0,1,1,2,6.0,2026-05-10,1010.0,,0
CUST-100035,2025-04-30,Organic Search,Ahmedabad,Male,22,0,Standard,Monthly,UPI,Yes,1,575.0,1,1,12,23.0,2026-04-25,6900.0,2026-04-25,1
CUST-100036,2025-07-05,Organic Search,Jaipur,Male,58,0,Basic,Annual,Credit Card,Yes,0,200.0,1,1,10,14.0,2026-05-31,2000.0,,0
CUST-100037,2025-06-11,Paid Social,Chennai,Female,36,0,Premium,Two-Year,UPI,No,3,1008.0,0,0,11,21.0,2026-05-10,11088.0,,0
CUST-100038,2026-01-29,Organic Search,Chennai,Female,54,0,Standard,Monthly,Wallet,Yes,2,638.0,1,1,3,23.0,2026-04-29,1914.0,2026-04-29,1
CUST-100039,2024-11-11,Paid Search,Chennai,Female,49,0,Standard,Annual,UPI,No,0,541.0,1,1,18,23.0,2026-05-22,9738.0,,0
CUST-100040,2024-07-06,Paid Social,Mumbai,Male,19,0,Basic,Monthly,Wallet,No,2,322.0,0,0,22,15.0,2026-05-27,7084.0,,0
CUST-100041,2026-04-30,Affiliate,Pune,Female,18,0,Basic,Annual,Wallet,No,1,223.0,1,1,1,17.0,2026-05-08,223.0,,0
CUST-100042,2025-04-16,Referral,Hyderabad,Female,50,0,Basic,Monthly,Wallet,Yes,3,380.0,1,0,13,27.0,2026-05-10,4940.0,,0
CUST-100043,2025-07-26,Paid Social,Hyderabad,Male,44,0,Standard,Monthly,Net Banking,Yes,0,493.0,0,0,10,8.0,2026-05-03,4930.0,,0
CUST-100044,2025-04-02,Affiliate,Mumbai,Female,20,0,Basic,Two-Year,Debit Card,No,1,262.0,0,0,13,8.0,2026-05-16,3406.0,,0
CUST-100045,2025-01-01,Affiliate,Mumbai,Female,68,1,Premium,Annual,Wallet,Yes,2,946.0,1,1,16,17.0,2026-05-02,15136.0,,0
CUST-100046,2024-10-20,Paid Social,Delhi,Female,30,0,Premium,Monthly,UPI,No,0,791.0,1,0,19,11.0,2026-05-09,15029.0,,0
CUST-100047,2025-10-08,Paid Social,Bengaluru,Female,62,1,Basic,Two-Year,Net Banking,Yes,1,247.0,1,1,7,18.0,2026-05-16,1729.0,,0
CUST-100048,2025-07-15,Referral,Bengaluru,Female,24,0,Standard,Monthly,UPI,No,2,609.0,1,1,10,36.0,2026-05-03,6090.0,,0
CUST-100049,2025-08-30,Organic Search,Chennai,Male,30,0,Basic,Annual,UPI,No,2,351.0,0,0,9,16.0,2026-05-03,3159.0,,0
CUST-100050,2025-11-30,Organic Search,Hyderabad,Female,45,0,Basic,Annual,Credit Card,No,0,192.0,1,0,6,16.0,2026-05-10,1152.0,,0
CUST-100051,2025-01-05,Organic Search,Pune,Female,45,0,Basic,Annual,Wallet,No,2,323.0,0,0,16,13.0,2026-05-13,5168.0,,0
CUST-100052,2025-05-26,Referral,Mumbai,Male,49,0,Premium,Monthly,UPI,Yes,2,947.0,1,0,12,22.0,2026-05-26,11364.0,,0
CUST-100053,2025-08-12,Paid Search,Bengaluru,Female,26,0,Premium,Annual,Credit Card,Yes,1,869.0,1,1,9,23.0,2026-05-09,7821.0,,0
CUST-100054,2026-01-28,Referral,Delhi,Male,31,0,Basic,Annual,Debit Card,Yes,3,345.0,1,0,4,29.0,2026-05-19,1380.0,,0
CUST-100055,2024-08-11,Referral,Mumbai,Male,31,0,Basic,Monthly,Debit Card,No,2,312.0,0,0,21,21.0,2026-05-15,6552.0,,0
CUST-100056,2024-12-31,Paid Social,Ahmedabad,Female,40,0,Basic,Two-Year,UPI,Yes,3,369.0,1,0,17,23.0,2026-05-24,6273.0,,0
CUST-100057,2024-10-22,Paid Search,Delhi,Female,65,1,Standard,Monthly,Credit Card,Yes,2,593.0,0,0,19,3.0,2026-05-23,11267.0,,0
CUST-100058,2025-01-04,Organic Search,Mumbai,Female,42,0,Basic,Monthly,Debit Card,Yes,3,372.0,1,1,16,28.0,2026-05-28,5952.0,,0
CUST-100059,2026-04-13,Organic Search,Bengaluru,Female,69,1,Premium,Annual,Wallet,No,3,938.0,1,1,0,30.0,2026-04-13,938.0,2026-04-13,1
CUST-100060,2024-09-30,Paid Search,Ahmedabad,Male,31,0,Premium,Monthly,Wallet,No,1,864.0,1,1,20,11.0,2026-05-26,17280.0,,0
CUST-100061,2025-11-29,Paid Social,Mumbai,Female,30,0,Basic,Annual,UPI,No,0,199.0,1,1,6,10.0,2026-05-21,1194.0,,0
CUST-100062,2025-12-24,Paid Search,Ahmedabad,Female,23,0,Premium,Monthly,UPI,Yes,2,908.0,1,1,5,13.0,2026-05-12,4540.0,,0
CUST-100063,2025-11-25,Referral,Pune,Female,29,0,Standard,Monthly,Debit Card,No,2,592.0,1,1,6,25.0,2026-05-21,3552.0,,0
CUST-100064,2024-09-16,Paid Search,Bengaluru,Male,34,0,Standard,Annual,Credit Card,Yes,3,700.0,1,0,20,15.0,2026-05-06,14000.0,,0
CUST-100065,2024-07-31,Paid Search,Delhi,Male,37,0,Premium,Two-Year,Debit Card,No,3,970.0,1,1,22,23.0,2026-05-11,21340.0,,0
CUST-100066,2024-09-18,Paid Search,Mumbai,Female,55,0,Standard,Annual,Net Banking,No,0,515.0,1,1,20,7.0,2026-05-13,10300.0,,0
CUST-100067,2026-01-31,Paid Social,Jaipur,Male,41,0,Standard,Monthly,UPI,Yes,1,557.0,1,0,4,17.0,2026-05-16,2228.0,,0
CUST-100068,2024-06-06,Organic Search,Pune,Male,53,0,Basic,Monthly,Net Banking,Yes,2,341.0,1,1,23,18.0,2026-05-14,7843.0,,0
CUST-100069,2025-11-08,Paid Social,Pune,Female,22,0,Standard,Annual,UPI,Yes,2,628.0,1,0,6,21.0,2026-05-14,3768.0,,0
CUST-100070,2025-03-11,Organic Search,Bengaluru,Female,67,1,Basic,Two-Year,Wallet,Yes,1,261.0,1,1,14,14.0,2026-05-19,3654.0,,0
CUST-100071,2026-04-23,Paid Social,Chennai,Female,25,0,Basic,Annual,Credit Card,Yes,1,246.0,1,1,1,13.0,2026-05-19,246.0,,0
CUST-100072,2025-04-15,Affiliate,Kolkata,Female,19,0,Standard,Annual,Net Banking,Yes,1,578.0,1,0,13,14.0,2026-05-20,7514.0,,0
CUST-100073,2025-05-02,Organic Search,Delhi,Female,40,0,Basic,Monthly,UPI,Yes,3,376.0,1,1,12,16.0,2026-05-13,4512.0,,0
CUST-100074,2025-04-25,Organic Search,Hyderabad,Male,51,0,Basic,Monthly,Credit Card,Yes,3,367.0,1,1,13,16.0,2026-05-04,4771.0,,0
CUST-100075,2026-01-10,Paid Social,Mumbai,Female,30,0,Basic,Monthly,UPI,Yes,2,317.0,1,1,4,11.0,2026-05-17,1268.0,,0
CUST-100076,2025-12-11,Paid Social,Pune,Female,26,0,Premium,Monthly,Debit Card,No,0,798.0,1,1,5,18.0,2026-05-29,3990.0,,0
CUST-100077,2026-04-30,Paid Search,Delhi,Female,61,1,Standard,Monthly,Wallet,No,3,692.0,1,1,0,21.0,2026-04-30,692.0,2026-04-30,1
CUST-100078,2025-03-30,Paid Search,Ahmedabad,Male,60,1,Basic,Annual,Net Banking,Yes,2,291.0,1,0,14,17.0,2026-05-08,4074.0,,0
CUST-100079,2026-02-03,Referral,Jaipur,Male,57,0,Premium,Monthly,Debit Card,No,2,955.0,1,0,3,22.0,2026-05-14,2865.0,,0
CUST-100080,2024-06-04,Paid Search,Kolkata,Female,29,0,Premium,Monthly,UPI,No,2,926.0,1,1,23,32.0,2026-05-29,21298.0,,0
CUST-100081,2025-08-26,Paid Social,Delhi,Female,45,0,Basic,Two-Year,Wallet,Yes,1,259.0,1,0,9,12.0,2026-05-27,2331.0,,0
CUST-100082,2025-08-19,Affiliate,Surat,Female,53,0,Standard,Monthly,UPI,No,2,626.0,1,1,9,21.0,2026-05-07,5634.0,,0
CUST-100083,2024-07-08,Organic Search,Delhi,Female,40,0,Basic,Annual,Debit Card,No,2,296.0,0,0,22,22.0,2026-05-14,6512.0,,0
CUST-100084,2024-10-03,Organic Search,Bengaluru,Female,27,0,Standard,Annual,UPI,No,0,501.0,0,0,19,12.0,2026-05-19,9519.0,,0
CUST-100085,2026-05-12,Organic Search,Kolkata,Male,61,1,Standard,Annual,Net Banking,Yes,3,689.0,1,1,0,14.0,2026-05-12,689.0,2026-05-12,1
CUST-100086,2024-06-19,Referral,Delhi,Female,66,1,Basic,Annual,UPI,Yes,1,255.0,1,1,20,37.0,2026-02-09,5100.0,2026-02-09,1
CUST-100087,2025-06-04,Paid Social,Bengaluru,Female,26,0,Standard,Annual,UPI,Yes,2,627.0,1,1,11,24.0,2026-05-21,6897.0,,0
CUST-100088,2025-12-19,Organic Search,Pune,Male,54,0,Basic,Monthly,UPI,No,0,211.0,1,1,5,16.0,2026-05-18,1055.0,2026-05-18,1
CUST-100089,2026-05-18,Paid Search,Mumbai,Male,64,1,Standard,Annual,Credit Card,No,0,488.0,1,0,0,18.0,2026-05-05,488.0,,0
CUST-100090,2024-11-27,Organic Search,Delhi,Female,46,0,Basic,Two-Year,UPI,Yes,1,278.0,1,1,18,37.0,2026-05-29,5004.0,,0
CUST-100091,2025-08-30,Referral,Delhi,Female,20,0,Premium,Monthly,Wallet,Yes,1,858.0,1,0,9,13.0,2026-05-21,7722.0,,0
CUST-100092,2025-12-03,Paid Social,Pune,Male,53,0,Standard,Annual,Net Banking,Yes,0,528.0,0,0,5,15.0,2026-05-30,2640.0,,0
CUST-100093,2026-03-22,Paid Social,Mumbai,Male,66,1,Basic,Monthly,Wallet,No,2,,1,1,2,17.0,2026-05-05,678.0,,0
CUST-100094,2025-09-11,Paid Social,Mumbai,Male,31,0,Standard,Annual,UPI,Yes,0,505.0,0,0,8,23.0,2026-05-08,4040.0,,0
CUST-100095,2024-11-17,Paid Search,Hyderabad,Female,25,0,Basic,Monthly,Debit Card,Yes,0,187.0,0,0,18,19.0,2026-05-23,3366.0,,0
CUST-100096,2026-03-06,Paid Social,Mumbai,Female,31,0,Standard,Annual,Credit Card,Yes,2,617.0,1,1,2,10.0,2026-05-30,1234.0,,0
CUST-100097,2026-04-20,Organic Search,Delhi,Male,60,1,Standard,Monthly,Wallet,Yes,2,634.0,1,1,1,6.0,2026-05-20,634.0,2026-05-20,1
CUST-100098,2025-02-17,Organic Search,Hyderabad,Female,46,0,Basic,Monthly,UPI,No,2,311.0,1,1,15,28.0,2026-05-26,4665.0,,0
CUST-100099,2025-05-28,Email,Hyderabad,Male,18,0,Basic,Monthly,UPI,Yes,3,386.0,1,1,12,25.0,2026-05-02,4632.0,,0
CUST-100100,2025-09-17,Affiliate,Ahmedabad,Male,48,0,Basic,Annual,UPI,Yes,3,387.0,1,1,8,21.0,2026-05-04,3096.0,,0
CUST-100101,2026-01-28,Referral,Kolkata,Male,60,1,Standard,Two-Year,Credit Card,No,1,557.0,1,1,4,14.0,2026-05-22,2228.0,,0
CUST-100102,2025-07-20,Organic Search,Hyderabad,Female,27,0,Standard,Monthly,Net Banking,Yes,2,607.0,1,0,10,32.0,2026-05-23,6070.0,,0
CUST-100103,2025-11-29,Email,Delhi,Female,48,0,Basic,Monthly,UPI,Yes,0,223.0,0,0,6,17.0,2026-05-02,1338.0,,0
CUST-100104,2025-12-23,Referral,Hyderabad,Male,29,0,Basic,Annual,Debit Card,No,3,386.0,1,1,5,28.0,2026-05-02,1930.0,,0
CUST-100105,2024-10-30,Referral,Hyderabad,Female,18,0,Premium,Annual,UPI,No,3,974.0,1,1,19,29.0,2026-05-19,18506.0,,0
CUST-100106,2025-01-27,Paid Social,Pune,Female,38,0,Basic,Monthly,UPI,Yes,2,307.0,1,0,16,21.0,2026-05-02,4912.0,,0
CUST-100107,2026-02-06,Paid Social,Bengaluru,Female,58,0,Basic,Annual,Wallet,No,1,272.0,1,1,3,14.0,2026-05-08,816.0,,0
CUST-100108,2025-08-12,Organic Search,Hyderabad,Female,52,0,Standard,Two-Year,Net Banking,Yes,2,618.0,0,0,9,20.0,2026-05-26,5562.0,,0
CUST-100109,2024-10-24,Affiliate,Surat,Female,23,0,Basic,Monthly,Wallet,No,3,394.0,1,1,19,25.0,2026-05-26,7486.0,,0
CUST-100110,2025-06-30,Paid Social,Bengaluru,Male,27,0,Premium,Monthly,Credit Card,No,3,965.0,1,0,11,24.0,2026-05-25,10615.0,,0
CUST-100111,2024-11-02,Organic Search,Chennai,Male,46,0,Basic,Monthly,Debit Card,Yes,0,204.0,0,0,18,24.0,2026-05-25,3672.0,,0
CUST-100112,2024-07-02,Paid Social,Hyderabad,Female,34,0,Premium,Two-Year,Debit Card,No,2,912.0,0,0,22,16.0,2026-05-21,20064.0,,0
CUST-100113,2025-05-02,Paid Search,Kolkata,Female,35,0,Basic,Annual,Debit Card,Yes,0,225.0,0,0,12,18.0,2026-05-13,2700.0,,0
CUST-100114,2024-06-25,Organic Search,Jaipur,Male,40,0,Basic,Monthly,UPI,Yes,0,205.0,1,0,23,9.0,2026-05-29,4715.0,,0
CUST-100115,2026-04-27,Affiliate,Mumbai,Female,57,0,Basic,Two-Year,UPI,Yes,0,184.0,1,0,1,16.0,2026-05-03,184.0,,0
CUST-100116,2026-03-21,Referral,Mumbai,Female,47,0,Premium,Monthly,UPI,No,0,813.0,1,1,2,12.0,2026-05-25,1626.0,,0
CUST-100117,2024-11-06,Referral,Pune,Female,62,1,Standard,Annual,Debit Card,Yes,1,578.0,1,1,18,20.0,2026-05-04,10404.0,,0
CUST-100118,2025-09-11,Paid Social,Bengaluru,Female,23,0,Basic,Annual,Net Banking,No,3,374.0,1,1,8,29.0,2026-05-29,2992.0,,0
CUST-100119,2025-03-09,Paid Search,Bengaluru,Male,42,0,Premium,Annual,Debit Card,Yes,3,967.0,1,1,14,17.0,2026-05-09,13538.0,,0
CUST-100120,2025-08-21,Paid Search,Chennai,Female,46,0,Basic,Annual,UPI,Yes,3,346.0,0,0,9,36.0,2026-05-16,3114.0,,0
CUST-100121,2025-06-16,Paid Search,Jaipur,Female,57,0,Basic,Monthly,Debit Card,No,2,336.0,1,1,11,29.0,2026-05-07,3696.0,,0
CUST-100122,2025-11-24,Organic Search,Delhi,Male,44,0,Basic,Monthly,UPI,Yes,2,293.0,1,1,6,8.0,2026-05-23,1758.0,2026-05-23,1
CUST-100123,2025-12-05,Paid Social,Hyderabad,Male,65,1,Premium,Monthly,Net Banking,No,0,798.0,1,1,1,15.0,2026-01-04,798.0,2026-01-04,1
CUST-100124,2024-06-12,Organic Search,Mumbai,Female,61,1,Basic,Two-Year,UPI,No,3,353.0,1,1,23,16.0,2026-05-21,8119.0,,0
CUST-100125,2026-02-07,Paid Search,Bengaluru,Male,53,0,Basic,Monthly,Debit Card,No,0,226.0,1,1,3,18.0,2026-05-02,678.0,,0
CUST-100126,2024-11-17,Paid Social,Ahmedabad,Male,38,0,Premium,Monthly,UPI,Yes,3,999.0,1,0,18,11.0,2026-05-09,17982.0,,0
CUST-100127,2025-09-07,Organic Search,Bengaluru,Male,34,0,Standard,Monthly,UPI,Yes,2,624.0,1,1,2,28.0,2025-11-06,1248.0,2025-11-06,1
CUST-100128,2025-09-17,Organic Search,Bengaluru,Male,45,0,Basic,Monthly,Credit Card,Yes,1,275.0,1,1,7,27.0,2026-04-15,1925.0,2026-04-15,1
CUST-100129,2025-09-05,Paid Search,Hyderabad,Male,42,0,Standard,Monthly,Credit Card,No,0,497.0,1,0,8,10.0,2026-05-09,3976.0,,0
CUST-100130,2025-11-06,Organic Search,Pune,Female,19,0,Basic,Monthly,UPI,Yes,3,367.0,1,0,6,22.0,2026-05-23,2202.0,,0
CUST-100131,2024-09-04,Email,Delhi,Female,29,0,Standard,Monthly,Credit Card,No,0,474.0,1,0,20,5.0,2026-05-20,9480.0,,0
CUST-100132,2025-09-02,Paid Search,Ahmedabad,Female,61,1,Basic,Monthly,UPI,No,2,331.0,1,1,8,15.0,2026-04-30,2648.0,2026-04-30,1
CUST-100133,2025-03-01,Paid Social,Ahmedabad,Male,41,0,Standard,Monthly,Wallet,No,2,604.0,0,0,14,16.0,2026-05-29,8456.0,,0
CUST-100134,2025-03-27,Paid Search,Surat,Male,67,1,Standard,Two-Year,Credit Card,No,1,597.0,1,1,14,8.0,2026-05-22,8358.0,,0
CUST-100135,2024-09-16,Organic Search,Jaipur,Male,30,0,Basic,Annual,Credit Card,No,0,182.0,1,1,20,29.0,2026-05-24,3640.0,,0
CUST-100136,2025-08-04,Email,Delhi,Female,68,1,Basic,Annual,Credit Card,Yes,1,274.0,1,0,9,20.0,2026-05-16,2466.0,,0
CUST-100137,2025-01-22,Paid Social,Mumbai,Female,59,0,Basic,Two-Year,Net Banking,No,1,278.0,1,0,16,25.0,2026-05-09,4448.0,,0
CUST-100138,2025-10-24,Referral,Delhi,Male,36,0,Standard,Annual,UPI,Yes,1,539.0,1,1,7,18.0,2026-05-03,3773.0,,0
CUST-100139,2025-05-13,Organic Search,Hyderabad,Female,49,0,Standard,Annual,Debit Card,No,1,552.0,1,1,12,14.0,2026-05-17,6624.0,,0
CUST-100140,2025-03-24,Paid Social,Delhi,Male,69,1,Standard,Monthly,Wallet,Yes,0,496.0,1,0,14,12.0,2026-05-31,6944.0,,0
CUST-100141,2025-06-07,Paid Search,Ahmedabad,Male,50,0,Premium,Monthly,Credit Card,No,1,911.0,1,1,0,24.0,2025-06-07,911.0,2025-06-07,1
CUST-100142,2025-07-17,Email,Delhi,Female,66,1,Premium,Monthly,UPI,Yes,1,855.0,1,1,10,13.0,2026-05-15,8550.0,,0
CUST-100143,2025-10-07,Paid Search,Mumbai,Male,23,0,Premium,Two-Year,UPI,No,1,842.0,1,0,7,20.0,2026-05-04,5894.0,,0
CUST-100144,2024-07-28,Paid Social,Delhi,Female,26,0,Standard,Monthly,Wallet,Yes,0,506.0,1,0,22,8.0,2026-05-22,11132.0,,0
CUST-100145,2026-01-06,Organic Search,Mumbai,Male,18,0,Basic,Monthly,UPI,No,1,243.0,1,1,4,3.0,2026-05-04,972.0,,0
CUST-100146,2024-10-02,Paid Social,Pune,Female,34,0,Standard,Annual,UPI,Yes,3,678.0,0,0,19,20.0,2026-05-29,12882.0,,0
CUST-100147,2024-11-17,Paid Search,Bengaluru,Male,59,0,Basic,Monthly,Wallet,Yes,0,192.0,1,0,18,15.0,2026-05-28,3456.0,,0
CUST-100148,2025-12-16,Paid Social,Mumbai,Male,68,1,Basic,Annual,Net Banking,No,2,327.0,1,0,5,17.0,2026-05-05,1635.0,,0
CUST-100149,2024-06-03,Organic Search,Bengaluru,Male,46,0,Basic,Annual,Credit Card,No,3,371.0,1,1,23,21.0,2026-05-31,8533.0,,0
CUST-100150,2025-03-05,Affiliate,Bengaluru,Female,39,0,Basic,Monthly,UPI,Yes,3,369.0,1,1,14,23.0,2026-05-16,5166.0,,0
CUST-100151,2025-09-28,Affiliate,Chennai,Female,66,1,Standard,Monthly,Credit Card,Yes,1,575.0,1,1,8,13.0,2026-05-13,4600.0,,0
CUST-100152,2025-12-20,Organic Search,Jaipur,Female,48,0,Basic,Monthly,Net Banking,No,0,203.0,1,1,5,19.0,2026-05-05,1015.0,,0
CUST-100153,2026-03-14,Paid Search,Mumbai,Male,45,0,Basic,Annual,UPI,Yes,2,319.0,1,1,2,18.0,2026-05-29,638.0,,0
CUST-100154,2025-10-05,Organic Search,Kolkata,Male,22,0,Premium,Two-Year,UPI,Yes,1,830.0,1,0,7,25.0,2026-05-24,5810.0,,0
CUST-100155,2024-11-18,Referral,Hyderabad,Male,29,0,Standard,Annual,Wallet,No,1,568.0,1,1,18,10.0,2026-05-10,10224.0,,0
CUST-100156,2025-02-20,Paid Social,Hyderabad,Female,54,0,Basic,Monthly,Debit Card,Yes,2,312.0,0,0,15,19.0,2026-05-25,4680.0,,0
CUST-100157,2024-06-17,Paid Search,Delhi,Male,54,0,Basic,Monthly,Credit Card,No,1,263.0,1,1,23,22.0,2026-05-21,6049.0,,0
CUST-100158,2025-12-14,Referral,Delhi,Male,43,0,Basic,Annual,Wallet,Yes,2,291.0,1,1,5,30.0,2026-05-27,1455.0,,0
CUST-100159,2024-06-06,Referral,Ahmedabad,Female,54,0,Premium,Annual,Debit Card,No,1,863.0,1,1,10,15.0,2025-04-02,8630.0,2025-04-02,1
CUST-100160,2024-09-01,Organic Search,Surat,Female,53,0,Basic,Monthly,Wallet,Yes,3,382.0,1,1,20,30.0,2026-05-23,7640.0,,0
CUST-100161,2026-05-11,Affiliate,Pune,Male,21,0,Premium,Monthly,UPI,Yes,2,916.0,0,0,0,20.0,2026-05-03,916.0,,0
CUST-100162,2024-09-26,Organic Search,Delhi,Male,61,1,Basic,Monthly,Credit Card,No,1,246.0,1,0,20,28.0,2026-05-24,4920.0,,0
CUST-100163,2024-12-25,Organic Search,Bengaluru,Male,54,0,Standard,Monthly,Debit Card,No,0,516.0,1,1,1,5.0,2025-01-24,516.0,2025-01-24,1
CUST-100164,2025-03-26,Paid Search,Ahmedabad,Female,29,0,Basic,Annual,Credit Card,No,0,188.0,1,1,14,19.0,2026-05-09,2632.0,,0
CUST-100165,2024-09-09,Paid Social,Mumbai,Male,29,0,Standard,Two-Year,UPI,No,0,513.0,1,0,20,16.0,2026-05-06,10260.0,,0
CUST-100166,2025-09-22,Affiliate,Pune,Female,67,1,Basic,Monthly,Debit Card,Yes,3,395.0,1,0,8,21.0,2026-05-19,3160.0,,0
CUST-100167,2025-01-13,Affiliate,Bengaluru,Male,31,0,Basic,Monthly,Debit Card,No,3,367.0,1,1,16,28.0,2026-05-03,5872.0,,0
CUST-100168,2025-01-04,Paid Social,Chennai,Female,19,0,Premium,Monthly,UPI,Yes,0,810.0,1,1,13,23.0,2026-01-29,10530.0,2026-01-29,1
CUST-100169,2025-07-24,Email,Pune,Female,19,0,Standard,Monthly,Credit Card,Yes,1,553.0,1,1,1,20.0,2025-08-23,553.0,2025-08-23,1
CUST-100170,2025-01-22,Paid Social,Pune,Male,29,0,Basic,Monthly,Debit Card,Yes,0,209.0,1,1,16,4.0,2026-05-17,3344.0,,0
CUST-100171,2024-11-06,Paid Search,Chennai,Male,50,0,Standard,Monthly,Debit Card,Yes,3,665.0,1,1,18,19.0,2026-05-29,11970.0,,0
CUST-100172,2026-02-19,Organic Search,Ahmedabad,Male,41,0,Basic,Monthly,Credit Card,Yes,2,317.0,1,1,3,41.0,2026-05-04,951.0,,0
CUST-100173,2025-07-28,Email,Hyderabad,Female,56,0,Premium,Annual,UPI,Yes,0,800.0,1,0,10,10.0,2026-05-28,8000.0,,0
CUST-100174,2026-03-19,Organic Search,Hyderabad,Female,30,0,Basic,Annual,UPI,No,2,319.0,1,1,2,22.0,2026-05-18,638.0,2026-05-18,1
CUST-100175,2025-02-17,Organic Search,Mumbai,Female,29,0,Basic,Annual,Net Banking,No,3,385.0,1,0,15,28.0,2026-05-29,5775.0,,0
CUST-100176,2026-03-28,Paid Social,Mumbai,Male,39,0,Basic,Monthly,Net Banking,Yes,0,187.0,0,0,2,20.0,2026-05-10,374.0,,0
CUST-100177,2026-03-10,Email,Mumbai,Male,59,0,Basic,Monthly,Debit Card,Yes,2,311.0,1,1,2,16.0,2026-05-09,622.0,2026-05-09,1
CUST-100178,2024-06-17,Affiliate,Mumbai,Female,44,0,Premium,Monthly,Credit Card,Yes,2,930.0,0,0,23,29.0,2026-05-02,21390.0,,0
CUST-100179,2024-08-31,Referral,Bengaluru,Female,57,0,Basic,Monthly,UPI,No,0,193.0,1,1,21,25.0,2026-05-04,4053.0,,0
CUST-100180,2026-01-04,Affiliate,Mumbai,Female,22,0,Basic,Monthly,Credit Card,Yes,3,372.0,1,1,4,22.0,2026-05-02,1488.0,,0
CUST-100181,2025-01-02,Affiliate,Pune,Female,39,0,Premium,Monthly,Credit Card,No,0,786.0,0,0,16,8.0,2026-05-04,12576.0,,0
CUST-100182,2025-12-08,Paid Search,Ahmedabad,Female,40,0,Basic,Two-Year,Credit Card,Yes,1,252.0,1,1,5,16.0,2026-05-23,1260.0,,0
CUST-100183,2025-04-13,Paid Social,Ahmedabad,Male,21,0,Basic,Two-Year,UPI,No,3,364.0,0,0,13,17.0,2026-05-05,4732.0,,0
CUST-100184,2024-12-06,Referral,Delhi,Female,34,0,Standard,Annual,UPI,No,1,570.0,1,1,17,18.0,2026-05-05,9690.0,,0
CUST-100185,2024-11-07,Paid Search,Mumbai,Female,32,0,Basic,Annual,Wallet,Yes,1,252.0,0,0,18,28.0,2026-05-20,4536.0,,0
CUST-100186,2024-11-13,Paid Social,Surat,Female,41,0,Premium,Annual,Credit Card,No,2,903.0,1,0,18,21.0,2026-05-10,16254.0,,0
CUST-100187,2025-09-28,Organic Search,Delhi,Female,26,0,Standard,Annual,Net Banking,Yes,0,496.0,1,1,8,22.0,2026-05-31,3968.0,,0
CUST-100188,2024-06-26,Referral,Mumbai,Male,32,0,Basic,Annual,Debit Card,Yes,2,298.0,1,1,23,23.0,2026-05-11,6854.0,,0
CUST-100189,2024-10-16,Organic Search,Mumbai,Female,67,1,Standard,Monthly,Net Banking,Yes,0,486.0,1,1,15,27.0,2026-01-09,7290.0,2026-01-09,1
CUST-100190,2026-01-21,Email,Delhi,Female,25,0,Basic,Two-Year,UPI,Yes,0,219.0,1,1,4,6.0,2026-05-31,876.0,,0
CUST-100191,2025-01-19,Organic Search,Pune,Male,60,1,Standard,Annual,UPI,No,1,543.0,1,1,16,0.0,2026-05-22,8688.0,,0
CUST-100192,2025-08-17,Organic Search,Chennai,Female,46,0,Standard,Monthly,Debit Card,Yes,0,497.0,1,1,9,13.0,2026-05-31,4473.0,,0
CUST-100193,2025-01-05,Affiliate,Delhi,Male,22,0,Standard,Monthly,Credit Card,No,2,652.0,1,1,16,20.0,2026-05-14,10432.0,,0
CUST-100194,2024-06-12,Organic Search,Pune,Male,38,0,Standard,Annual,UPI,No,1,563.0,1,1,23,19.0,2026-05-16,12949.0,,0
CUST-100195,2025-04-23,Organic Search,Bengaluru,Male,44,0,Standard,Two-Year,Debit Card,No,1,551.0,1,0,13,14.0,2026-05-07,7163.0,,0
CUST-100196,2024-11-12,Paid Search,Chennai,Female,32,0,Basic,Monthly,UPI,Yes,3,349.0,1,0,18,11.0,2026-05-23,6282.0,,0
CUST-100197,2025-11-19,Affiliate,Bengaluru,Female,31,0,Premium,Monthly,UPI,Yes,3,982.0,1,0,6,20.0,2026-05-09,5892.0,,0
CUST-100198,2026-01-27,Organic Search,Mumbai,Male,55,0,Basic,Monthly,Wallet,No,1,247.0,1,1,4,13.0,2026-05-27,988.0,2026-05-27,1
CUST-100199,2026-03-05,Paid Social,Hyderabad,Male,19,0,Premium,Monthly,Credit Card,Yes,0,807.0,1,0,2,14.0,2026-05-02,1614.0,,0
CUST-100200,2025-08-13,Referral,Chennai,Female,66,1,Standard,Monthly,UPI,No,0,489.0,1,1,9,21.0,2026-05-13,4401.0,,0
CUST-100201,2024-07-29,Email,Bengaluru,Male,34,0,Basic,Monthly,UPI,Yes,2,323.0,1,0,22,28.0,2026-05-12,7106.0,,0
CUST-100202,2026-02-14,Paid Search,Surat,Male,37,0,Basic,Monthly,Wallet,Yes,3,401.0,1,1,3,27.0,2026-05-05,1203.0,,0
CUST-100203,2026-02-06,Organic Search,Kolkata,Male,24,0,Premium,Monthly,Wallet,No,3,989.0,1,1,3,21.0,2026-05-07,2967.0,,0
CUST-100204,2024-09-15,Organic Search,Mumbai,Female,63,1,Premium,Annual,UPI,No,3,959.0,1,1,20,26.0,2026-05-11,19180.0,,0
CUST-100205,2025-03-25,Organic Search,Chennai,Male,29,0,Standard,Monthly,Credit Card,Yes,0,500.0,1,1,14,8.0,2026-05-04,7000.0,,0
CUST-100206,2026-04-26,Organic Search,Pune,Female,59,0,Basic,Monthly,Debit Card,No,3,393.0,1,1,1,15.0,2026-05-12,393.0,,0
CUST-100207,2026-01-10,Referral,Bengaluru,Female,34,0,Standard,Monthly,UPI,Yes,3,656.0,1,1,4,35.0,2026-05-20,2624.0,,0
CUST-100208,2024-10-30,Organic Search,Bengaluru,Male,19,0,Basic,Annual,Credit Card,Yes,0,224.0,1,0,19,24.0,2026-05-28,4256.0,,0
CUST-100209,2025-09-01,Paid Search,Kolkata,Female,39,0,Standard,Monthly,UPI,Yes,1,561.0,1,0,8,7.0,2026-05-28,4488.0,,0
CUST-100210,2025-01-08,Referral,Pune,Male,45,0,Basic,Annual,UPI,No,3,388.0,0,0,16,18.0,2026-05-03,6208.0,,0
CUST-100211,2026-02-23,Paid Search,Bengaluru,Male,42,0,Premium,Monthly,Debit Card,No,1,854.0,1,0,3,27.0,2026-05-31,2562.0,,0
CUST-100212,2026-04-07,Organic Search,Ahmedabad,Male,69,1,Standard,Monthly,UPI,No,2,620.0,1,1,1,13.0,2026-05-06,620.0,,0
CUST-100213,2025-12-23,Affiliate,Bengaluru,Female,45,0,Basic,Two-Year,Credit Card,Yes,0,186.0,1,0,5,3.0,2026-05-07,930.0,,0
CUST-100214,2025-01-15,Referral,Kolkata,Female,58,0,Standard,Monthly,UPI,No,2,642.0,1,1,16,18.0,2026-05-03,10272.0,,0
CUST-100215,2025-03-15,Referral,Hyderabad,Female,37,0,Basic,Monthly,Credit Card,Yes,1,286.0,1,1,5,16.0,2025-08-12,1430.0,2025-08-12,1
CUST-100216,2025-08-08,Organic Search,Ahmedabad,Female,25,0,Basic,Monthly,Wallet,Yes,3,411.0,1,1,1,29.0,2025-09-07,411.0,2025-09-07,1
CUST-100217,2026-04-23,Organic Search,Kolkata,Male,43,0,Basic,Monthly,Credit Card,No,0,173.0,1,1,1,20.0,2026-05-31,173.0,,0
CUST-100218,2025-02-06,Email,Chennai,Female,47,0,Basic,Annual,Credit Card,Yes,3,384.0,0,0,15,19.0,2026-05-04,5760.0,,0
CUST-100219,2025-07-10,Paid Social,Bengaluru,Male,39,0,Basic,Annual,Credit Card,Yes,0,205.0,1,1,10,16.0,2026-05-14,2050.0,,0
CUST-100220,2025-11-22,Paid Social,Ahmedabad,Male,57,0,Standard,Two-Year,Net Banking,No,1,548.0,1,0,6,19.0,2026-05-04,3288.0,,0
CUST-100221,2025-02-27,Paid Social,Bengaluru,Female,68,1,Standard,Monthly,Debit Card,No,0,505.0,1,0,15,18.0,2026-05-16,7575.0,,0
CUST-100222,2025-01-14,Paid Search,Ahmedabad,Male,22,0,Standard,Monthly,UPI,Yes,0,477.0,0,0,16,12.0,2026-05-07,7632.0,,0
CUST-100223,2025-03-13,Email,Delhi,Male,21,0,Premium,Two-Year,UPI,No,3,1001.0,1,1,14,26.0,2026-05-17,14014.0,,0
CUST-100224,2025-04-18,Paid Social,Pune,Male,32,0,Premium,Monthly,Credit Card,No,2,896.0,1,1,13,28.0,2026-05-21,11648.0,,0
CUST-100225,2024-08-08,Email,Jaipur,Male,48,0,Basic,Annual,Debit Card,Yes,3,383.0,1,0,21,22.0,2026-05-02,8043.0,,0
CUST-100226,2024-08-01,Organic Search,Delhi,Female,20,0,Standard,Annual,UPI,No,3,691.0,1,1,21,24.0,2026-05-24,14511.0,,0
CUST-100227,2025-10-23,Paid Search,Kolkata,Male,28,0,Premium,Monthly,Credit Card,Yes,2,910.0,1,1,7,25.0,2026-05-29,6370.0,,0
CUST-100228,2026-04-03,Paid Search,Jaipur,Female,39,0,Basic,Two-Year,Debit Card,Yes,2,340.0,1,1,1,18.0,2026-05-20,340.0,,0
CUST-100229,2026-01-09,Organic Search,Ahmedabad,Male,37,0,Basic,Monthly,Credit Card,Yes,1,232.0,1,1,4,10.0,2026-05-09,928.0,2026-05-09,1
CUST-100230,2026-03-23,Organic Search,Mumbai,Female,62,1,Premium,Annual,Debit Card,Yes,2,919.0,1,0,2,20.0,2026-05-13,1838.0,,0
CUST-100231,2026-02-02,Paid Social,Hyderabad,Female,46,0,Standard,Monthly,UPI,No,3,654.0,1,1,0,24.0,2026-02-02,654.0,2026-02-02,1
CUST-100232,2026-01-08,Email,Hyderabad,Female,63,1,Premium,Annual,Debit Card,Yes,0,787.0,1,1,4,16.0,2026-05-17,3148.0,,0
CUST-100233,2024-07-13,Paid Search,Delhi,Male,57,0,Premium,Monthly,Debit Card,Yes,3,972.0,1,1,22,19.0,2026-05-26,21384.0,,0
CUST-100234,2026-02-27,Email,Pune,Female,39,0,Basic,Monthly,Wallet,Yes,2,311.0,1,0,3,15.0,2026-05-19,933.0,,0
CUST-100235,2025-04-23,Affiliate,Pune,Female,68,1,Standard,Two-Year,Debit Card,No,3,698.0,0,0,13,24.0,2026-05-28,9074.0,,0
CUST-100236,2025-08-14,Paid Social,Hyderabad,Female,61,1,Premium,Monthly,UPI,Yes,1,841.0,1,1,4,8.0,2025-12-12,3364.0,2025-12-12,1
CUST-100237,2026-03-11,Referral,Hyderabad,Male,43,0,Basic,Monthly,Debit Card,Yes,2,296.0,1,1,2,28.0,2026-05-31,592.0,,0
CUST-100238,2024-08-02,Organic Search,Ahmedabad,Male,62,1,Basic,Monthly,Net Banking,No,2,313.0,1,1,21,30.0,2026-05-13,6573.0,,0
CUST-100239,2024-12-02,Organic Search,Mumbai,Female,31,0,Basic,Annual,Credit Card,Yes,1,261.0,1,1,17,9.0,2026-05-17,4437.0,,0
CUST-100240,2024-07-22,Affiliate,Mumbai,Male,28,0,Standard,Monthly,UPI,No,0,507.0,1,1,22,20.0,2026-05-19,11154.0,,0
CUST-100241,2025-04-02,Referral,Jaipur,Male,59,0,Standard,Annual,UPI,Yes,3,696.0,1,1,13,29.0,2026-05-25,9048.0,,0
CUST-100242,2025-12-26,Organic Search,Jaipur,Female,59,0,Premium,Annual,Debit Card,Yes,2,887.0,1,1,5,27.0,2026-05-30,4435.0,,0
CUST-100243,2025-05-25,Paid Search,Chennai,Male,29,0,Basic,Annual,Credit Card,Yes,1,284.0,1,1,12,8.0,2026-05-28,3408.0,,0
CUST-100244,2025-06-12,Paid Search,Ahmedabad,Male,57,0,Standard,Two-Year,UPI,No,2,607.0,1,1,11,19.0,2026-05-14,6677.0,,0
CUST-100245,2024-11-18,Affiliate,Bengaluru,Female,44,0,Basic,Two-Year,Credit Card,No,2,315.0,0,0,18,17.0,2026-05-13,5670.0,,0
CUST-100246,2024-12-19,Paid Search,Mumbai,Male,47,0,Premium,Monthly,Wallet,Yes,0,799.0,1,1,17,14.0,2026-05-02,13583.0,,0
CUST-100247,2025-07-12,Paid Social,Delhi,Male,62,1,Standard,Annual,UPI,No,0,466.0,1,0,10,6.0,2026-05-16,4660.0,,0
CUST-100248,2024-06-28,Paid Social,Mumbai,Male,26,0,Standard,Monthly,Credit Card,No,3,673.0,1,1,23,32.0,2026-05-19,15479.0,2026-05-19,1
CUST-100249,2025-04-20,Paid Social,Chennai,Male,38,0,Basic,Monthly,Wallet,Yes,0,214.0,1,0,13,16.0,2026-05-31,2782.0,,0
CUST-100250,2026-05-19,Paid Search,Mumbai,Male,33,0,Basic,Monthly,Wallet,Yes,0,208.0,1,1,0,8.0,2026-05-13,208.0,,0
CUST-100251,2025-07-21,Affiliate,Pune,Female,46,0,Basic,Monthly,UPI,Yes,3,371.0,1,0,10,15.0,2026-05-23,3710.0,,0
CUST-100252,2024-08-10,Paid Social,Surat,Male,26,0,Premium,Monthly,UPI,Yes,3,982.0,1,0,21,30.0,2026-05-03,20622.0,,0
CUST-100253,2025-04-02,Organic Search,Hyderabad,Male,24,0,Basic,Monthly,Credit Card,No,2,326.0,1,1,12,20.0,2026-03-28,3912.0,2026-03-28,1
CUST-100254,2025-02-21,Organic Search,Ahmedabad,Female,54,0,Premium,Annual,UPI,No,3,975.0,1,0,15,32.0,2026-05-11,14625.0,,0
CUST-100255,2025-10-24,Referral,Kolkata,Male,20,0,Basic,Two-Year,Credit Card,No,2,326.0,1,1,7,27.0,2026-05-04,2282.0,,0
CUST-100256,2025-10-09,Affiliate,Pune,Male,39,0,Standard,Monthly,Credit Card,No,0,487.0,1,1,7,6.0,2026-05-07,3409.0,,0
CUST-100257,2026-05-15,Organic Search,Bengaluru,Male,69,1,Basic,Monthly,Debit Card,No,0,185.0,1,1,0,7.0,2026-05-15,185.0,2026-05-15,1
CUST-100258,2025-08-29,Organic Search,Pune,Male,69,1,Basic,Monthly,Debit Card,No,3,375.0,0,0,9,12.0,2026-05-10,3375.0,,0
CUST-100259,2024-11-20,Paid Search,Kolkata,Male,27,0,Standard,Monthly,Net Banking,No,1,523.0,1,1,18,21.0,2026-05-15,9414.0,,0
CUST-100260,2024-09-01,Organic Search,Bengaluru,Male,66,1,Basic,Two-Year,Debit Card,No,1,269.0,1,0,20,33.0,2026-05-22,5380.0,,0
CUST-100261,2024-09-23,Affiliate,Bengaluru,Female,35,0,Basic,Monthly,Credit Card,No,1,260.0,0,0,20,17.0,2026-05-21,5200.0,,0
CUST-100262,2025-08-27,Paid Social,Bengaluru,Female,28,0,Standard,Monthly,UPI,No,3,676.0,1,1,2,20.0,2025-10-26,1352.0,2025-10-26,1
CUST-100263,2025-08-10,Organic Search,Ahmedabad,Female,44,0,Basic,Monthly,Net Banking,Yes,3,391.0,1,1,9,26.0,2026-05-29,3519.0,,0
CUST-100264,2025-02-01,Email,Chennai,Male,43,0,Standard,Monthly,Debit Card,Yes,2,625.0,1,1,15,19.0,2026-05-27,9375.0,,0
CUST-100265,2025-11-20,Organic Search,Ahmedabad,Female,37,0,Standard,Monthly,UPI,No,1,575.0,0,0,6,12.0,2026-05-03,3450.0,,0
CUST-100266,2024-10-03,Paid Social,Delhi,Female,40,0,Basic,Two-Year,UPI,Yes,2,343.0,1,0,19,22.0,2026-05-27,6517.0,,0
CUST-100267,2025-11-03,Organic Search,Delhi,Male,23,0,Basic,Annual,Debit Card,Yes,1,264.0,1,0,6,24.0,2026-05-27,1584.0,,0
CUST-100268,2025-08-24,Organic Search,Mumbai,Female,31,0,Basic,Monthly,UPI,Yes,1,248.0,1,1,8,15.0,2026-04-21,1984.0,2026-04-21,1
CUST-100269,2024-10-06,Organic Search,Delhi,Female,28,0,Basic,Annual,Net Banking,Yes,0,210.0,1,1,19,11.0,2026-05-03,3990.0,,0
CUST-100270,2026-03-19,Organic Search,Pune,Male,66,1,Basic,Two-Year,UPI,Yes,1,248.0,1,1,0,26.0,2026-03-19,248.0,2026-03-19,1
CUST-100271,2026-02-24,Organic Search,Delhi,Female,43,0,Standard,Monthly,Credit Card,Yes,1,548.0,1,0,3,2.0,2026-05-15,1644.0,,0
CUST-100272,2025-11-30,Organic Search,Mumbai,Male,46,0,Basic,Annual,UPI,No,1,255.0,1,1,5,10.0,2026-04-29,1275.0,2026-04-29,1
CUST-100273,2025-09-28,Paid Search,Kolkata,Male,40,0,Premium,Annual,Credit Card,No,1,876.0,1,1,8,18.0,2026-05-31,7008.0,,0
CUST-100274,2024-09-27,Referral,Surat,Male,64,1,Standard,Annual,Net Banking,Yes,2,630.0,1,1,20,28.0,2026-05-18,12600.0,,0
CUST-100275,2026-05-07,Paid Social,Bengaluru,Male,59,0,Basic,Monthly,UPI,Yes,3,392.0,0,0,0,20.0,2026-05-12,392.0,,0
CUST-100276,2024-10-05,Paid Social,Delhi,Female,53,0,Standard,Annual,UPI,Yes,3,681.0,1,1,19,19.0,2026-05-17,12939.0,,0
CUST-100277,2026-01-10,Paid Search,Ahmedabad,Female,34,0,Basic,Annual,UPI,Yes,3,388.0,1,1,4,29.0,2026-05-14,1552.0,,0
CUST-100278,2025-05-09,Affiliate,Ahmedabad,Male,34,0,Basic,Annual,UPI,No,3,388.0,1,1,12,18.0,2026-05-17,4656.0,,0
CUST-100279,2025-10-01,Affiliate,Delhi,Female,66,1,Premium,Monthly,Credit Card,No,1,849.0,1,0,7,21.0,2026-05-08,5943.0,,0
CUST-100280,2024-06-16,Organic Search,Jaipur,Female,66,1,Standard,Monthly,UPI,Yes,3,688.0,1,1,23,20.0,2026-05-28,15824.0,,0
CUST-100281,2025-01-17,Organic Search,Hyderabad,Female,32,0,Basic,Annual,Credit Card,Yes,1,259.0,1,1,16,11.0,2026-05-28,4144.0,,0
CUST-100282,2024-06-16,Organic Search,Delhi,Female,35,0,Premium,Annual,Debit Card,No,3,973.0,1,1,23,29.0,2026-05-22,22379.0,,0
CUST-100283,2025-11-13,Organic Search,Surat,Female,35,0,Premium,Two-Year,Net Banking,No,3,974.0,1,1,6,34.0,2026-05-13,5844.0,,0
CUST-100284,2024-12-01,Paid Search,Delhi,Female,58,0,Standard,Monthly,UPI,No,3,671.0,1,1,17,20.0,2026-05-03,11407.0,,0
CUST-100285,2025-01-16,Paid Social,Mumbai,Male,67,1,Standard,Monthly,Net Banking,Yes,1,555.0,1,0,16,22.0,2026-05-13,8880.0,,0
CUST-100286,2024-08-17,Organic Search,Delhi,Female,64,1,Standard,Annual,Wallet,Yes,1,559.0,1,1,21,5.0,2026-05-25,11739.0,,0
CUST-100287,2024-09-05,Paid Social,Mumbai,Male,61,1,Standard,Annual,Debit Card,Yes,2,629.0,1,1,20,11.0,2026-05-07,12580.0,,0
CUST-100288,2025-07-04,Paid Search,Kolkata,Male,36,0,Standard,Monthly,Debit Card,Yes,3,702.0,1,1,10,15.0,2026-05-05,7020.0,,0
CUST-100289,2025-02-05,Organic Search,Delhi,Male,34,0,Premium,Annual,Credit Card,No,0,808.0,1,0,15,14.0,2026-05-02,12120.0,,0
CUST-100290,2024-07-02,Affiliate,Pune,Male,64,1,Standard,Monthly,UPI,Yes,1,561.0,0,0,22,21.0,2026-05-06,12342.0,,0
CUST-100291,2026-02-02,Organic Search,Delhi,Female,38,0,Basic,Monthly,Wallet,No,1,229.0,1,1,1,8.0,2026-03-04,229.0,2026-03-04,1
CUST-100292,2024-11-25,Email,Kolkata,Female,29,0,Basic,Monthly,Wallet,No,3,415.0,1,1,6,14.0,2025-05-24,2490.0,2025-05-24,1
CUST-100293,2024-07-02,Organic Search,Pune,Male,61,1,Basic,Monthly,UPI,No,0,188.0,0,0,22,20.0,2026-05-11,4136.0,,0
CUST-100294,2024-07-13,Affiliate,Bengaluru,Female,42,0,Basic,Annual,UPI,No,1,249.0,0,0,22,13.0,2026-05-20,5478.0,,0
CUST-100295,2025-03-24,Affiliate,Mumbai,Male,22,0,Basic,Monthly,UPI,Yes,0,218.0,1,0,14,23.0,2026-05-12,3052.0,,0
CUST-100296,2025-06-22,Email,Kolkata,Female,64,1,Standard,Two-Year,Credit Card,No,2,602.0,1,0,11,16.0,2026-05-11,6622.0,,0
CUST-100297,2024-09-02,Affiliate,Bengaluru,Male,33,0,Premium,Monthly,Wallet,No,0,805.0,1,1,20,22.0,2026-05-26,16100.0,,0
CUST-100298,2025-02-13,Referral,Mumbai,Male,34,0,Basic,Annual,UPI,Yes,0,192.0,1,1,15,23.0,2026-05-26,2880.0,,0
CUST-100299,2025-02-09,Paid Search,Kolkata,Female,45,0,Basic,Monthly,Debit Card,Yes,1,255.0,1,1,15,19.0,2026-05-17,3825.0,,0
CUST-100300,2024-07-31,Referral,Ahmedabad,Male,32,0,Premium,Monthly,Net Banking,Yes,0,800.0,1,1,22,19.0,2026-05-31,17600.0,,0
CUST-100301,2025-09-17,Organic Search,Delhi,Male,61,1,Basic,Annual, UPI ,Yes,1,241.0,1,1,8,20.0,2026-05-09,1928.0,,0
CUST-100302,2025-02-14,Paid Search,Bengaluru,Male,53,0,Standard,Two-Year,Debit Card,No,3,677.0,1,1,15,31.0,2026-05-03,10155.0,,0
CUST-100303,2025-10-25,Paid Search,Delhi,Male,47,0,Standard,Two-Year,Credit Card,Yes,3,694.0,1,1,7,8.0,2026-05-03,4858.0,,0
CUST-100304,2024-06-01,Affiliate,Bengaluru,Female,28,0,Standard,Monthly,UPI,Yes,2,618.0,1,1,23,17.0,2026-05-20,14214.0,,0
CUST-100305,2024-06-25,Paid Social,Mumbai,Male,43,0,Basic,Monthly, UPI ,No,1,311.0,1,0,23,17.0,2026-05-25,7153.0,,0
CUST-100306,2026-01-23,Paid Social,Mumbai,Male,32,0,Basic,Monthly,UPI,No,3,380.0,0,0,4,27.0,2026-05-24,1520.0,,0
CUST-100307,2025-01-24,Paid Search,Ahmedabad,Female,68,1,Standard,Monthly,Debit Card,Yes,0,481.0,1,1,16,12.0,2026-05-30,7696.0,,0
CUST-100308,2025-02-21,Organic Search,Mumbai,Female,59,0,Basic,Monthly,UPI,No,1,251.0,1,1,14,4.0,2026-04-17,3514.0,2026-04-17,1
CUST-100309,2025-04-01,Organic Search,Jaipur,Male,24,0,Basic,Two-Year,Net Banking,No,1,230.0,1,1,13,2.0,2026-05-07,2990.0,,0
CUST-100310,2025-09-29,Paid Social,Bengaluru,Female,45,0,Basic,Annual,Credit Card,Yes,0,215.0,1,1,8,18.0,2026-05-08,1720.0,,0
CUST-100311,2025-11-01,Paid Social,Bengaluru,Male,58,0,Standard,Monthly,Wallet,Yes,0,523.0,1,1,4,4.0,2026-03-01,2092.0,2026-03-01,1
CUST-100312,2025-10-30,Organic Search,Delhi,Male,45,0,Standard,Two-Year,Debit Card,Yes,1,572.0,1,1,7,18.0,2026-05-31,4004.0,,0
CUST-100313,2026-02-27,Paid Social,Hyderabad,Female,24,0,Standard,Annual,Debit Card,No,0,486.0,1,1,3,8.0,2026-05-27,1458.0,,0
CUST-100314,2025-07-10,Paid Social,Mumbai,Male,25,0,Standard,Monthly,UPI,No,3,666.0,1,1,3,19.0,2025-10-08,1998.0,2025-10-08,1
CUST-100315,2024-12-01,Paid Social,Mumbai,Male,56,0,Basic,Annual,Credit Card,Yes,0,210.0,1,1,7,31.0,2025-06-29,1470.0,2025-06-29,1
CUST-100316,2025-08-04,Paid Social,Pune,Female,45,0,Premium,Annual,Debit Card,No,0,791.0,1,1,3,25.0,2025-11-02,2373.0,2025-11-02,1
CUST-100317,2024-12-30,Referral,Bengaluru,Female,46,0,Premium,Monthly,Debit Card,Yes,3,966.0,1,0,17,22.0,2026-05-27,16422.0,,0
CUST-100318,2025-04-09,Paid Social,Chennai,Female,32,0,Basic,Monthly,Debit Card,No,1,244.0,1,0,13,13.0,2026-05-12,3172.0,,0
CUST-100319,2024-06-21,Email,Kolkata,Female,31,0,Standard,Monthly,UPI,Yes,1,587.0,1,1,23,12.0,2026-05-30,13501.0,,0
CUST-100320,2025-03-25,Affiliate,Chennai,Male,39,0,Basic,Monthly,UPI,Yes,1,252.0,1,1,14,21.0,2026-05-24,3528.0,,0
CUST-100321,2025-08-12,Paid Social,Mumbai,Female,46,0,Premium,Annual,UPI,No,0,811.0,1,1,5,12.0,2026-01-09,4055.0,2026-01-09,1
CUST-100322,2025-01-10,Paid Social,Ahmedabad,Male,42,0,Basic,Monthly,UPI,No,2,327.0,1,1,16,28.0,2026-05-23,5232.0,,0
CUST-100323,2024-08-19,Paid Search,Mumbai,Female,63,1,Basic,Monthly,Debit Card,Yes,2,306.0,1,1,21,21.0,2026-05-03,6426.0,,0
CUST-100324,2024-07-22,Affiliate,Chennai,Male,27,0,Premium,Two-Year,Credit Card,No,1,860.0,1,1,22,21.0,2026-05-03,18920.0,,0
CUST-100325,2024-08-26,Paid Search,Jaipur,Male,42,0,Standard,Two-Year,Credit Card,Yes,0,484.0,1,1,21,6.0,2026-05-07,10164.0,,0
CUST-100326,2025-02-10,Affiliate,Jaipur,Male,30,0,Basic,Annual,UPI,No,0,221.0,1,1,15,13.0,2026-05-26,3315.0,,0
CUST-100327,2026-05-27,Paid Search,Delhi,Female,18,0,Standard,Annual,Debit Card,Yes,2,605.0,1,0,0,32.0,2026-05-14,605.0,,0
CUST-100328,2025-05-04,Paid Search,Chennai,Male,39,0,Standard,Two-Year,UPI,Yes,0,504.0,1,1,12,7.0,2026-05-30,6048.0,,0
CUST-100329,2026-03-25,Paid Social,Bengaluru,Female,20,0,Basic,Annual,UPI,Yes,3,372.0,1,1,2,21.0,2026-05-28,744.0,,0
CUST-100330,2024-09-06,Referral,Chennai,Female,37,0,Standard,Monthly,Net Banking,Yes,2,605.0,1,1,20,19.0,2026-05-16,12100.0,,0
CUST-100331,2026-05-10,Organic Search,Bengaluru,Female,50,0,Standard,Monthly,Debit Card,Yes,0,515.0,1,1,0,16.0,2026-05-10,515.0,2026-05-10,1
CUST-100332,2026-03-24,Referral,Mumbai,Male,37,0,Standard,Monthly,UPI,Yes,3,671.0,1,0,2,24.0,2026-05-14,1342.0,,0
CUST-100333,2024-08-03,Affiliate,Ahmedabad,Male,53,0,Premium,Monthly,UPI,No,1,832.0,0,0,21,12.0,2026-05-09,17472.0,,0
CUST-100334,2024-06-07,Organic Search,Jaipur,Female,33,0,Standard,Monthly,Credit Card,Yes,1,565.0,1,1,23,25.0,2026-05-30,12995.0,,0
CUST-100335,2025-09-12,Paid Search,Delhi,Female,38,0,Standard,Monthly,Debit Card,No,2,608.0,1,1,8,14.0,2026-05-10,4864.0,2026-05-10,1
CUST-100336,2024-11-11,Organic Search,Delhi,Male,63,1,Standard,Monthly,UPI,Yes,0,501.0,1,1,18,20.0,2026-05-11,9018.0,,0
CUST-100337,2025-09-11,Referral,Delhi,Female,30,0,Basic,Annual,Credit Card,No,2,332.0,1,1,8,10.0,2026-05-29,2656.0,,0
CUST-100338,2025-10-09,Organic Search,Delhi,Male,44,0,Basic,Monthly,UPI,No,1,264.0,1,0,7,10.0,2026-05-10,1848.0,,0
CUST-100339,2024-07-17,Email,Jaipur,Male,55,0,Premium,Monthly,Credit Card,No,3,992.0,1,1,22,11.0,2026-05-11,21824.0,,0
CUST-100340,2026-01-22,Organic Search,Ahmedabad,Male,36,0,Standard,Annual,Debit Card,Yes,1,540.0,1,1,4,21.0,2026-05-04,2160.0,,0
CUST-100341,2026-02-22,Email,Ahmedabad,Male,33,0,Basic,Monthly,Net Banking,No,2,337.0,1,1,2,21.0,2026-04-23,674.0,2026-04-23,1
CUST-100342,2025-05-12,Affiliate,Chennai,Male,54,0,Basic,Monthly,UPI,No,1,255.0,1,0,12,14.0,2026-05-27,3060.0,,0
CUST-100343,2026-04-10,Paid Search,Bengaluru,Female,21,0,Basic,Monthly,UPI,No,0,178.0,1,1,1,17.0,2026-05-10,178.0,2026-05-10,1
CUST-100344,2025-08-04,Referral,Ahmedabad,Male,31,0,Basic,Annual,UPI,Yes,1,222.0,1,1,9,11.0,2026-05-04,1998.0,,0
CUST-100345,2025-11-15,Referral,Ahmedabad,Female,39,0,Basic,Two-Year,UPI,No,3,374.0,1,1,6,32.0,2026-05-29,2244.0,,0
CUST-100346,2024-12-17,Email,Mumbai,Female,29,0,Standard,Monthly,UPI,No,2,607.0,1,0,17,25.0,2026-05-02,10319.0,,0
CUST-100347,2025-09-05,Organic Search,Mumbai,Female,46,0,Basic,Annual,UPI,No,0,187.0,1,1,8,10.0,2026-05-18,1496.0,,0
CUST-100348,2026-04-27,Paid Search,Ahmedabad,Male,50,0,Standard,Two-Year,Net Banking,Yes,0,504.0,1,0,1,7.0,2026-05-11,504.0,,0
CUST-100349,2025-12-18,Organic Search,Mumbai,Female,68,1,Premium,Two-Year,Net Banking,Yes,0,825.0,1,0,5,13.0,2026-05-02,4125.0,,0
CUST-100350,2025-09-13,Paid Search,Hyderabad,Male,49,0,Premium,Annual,Debit Card,No,3,965.0,1,1,8,24.0,2026-05-22,7720.0,,0
CUST-100351,2025-03-24,Organic Search,Kolkata,Female,48,0,Premium,Annual,UPI,Yes,3,980.0,1,1,14,24.0,2026-05-09,13720.0,,0
CUST-100352,2024-09-04,Paid Search,Kolkata,Male,55,0,Basic,Monthly,Debit Card,No,2,310.0,1,0,20,12.0,2026-05-08,6200.0,,0
CUST-100353,2025-02-05,Paid Search,Delhi,Female,28,0,Standard,Monthly,Credit Card,Yes,2,604.0,1,1,15,16.0,2026-05-16,9060.0,,0
CUST-100354,2025-11-19,Paid Social,Delhi,Male,42,0,Standard,Monthly,Debit Card,No,2,604.0,1,0,6,19.0,2026-05-18,3624.0,,0
CUST-100355,2025-06-19,Paid Search,Surat,Female,61,1,Basic,Monthly,UPI,Yes,1,284.0,1,1,11,15.0,2026-05-26,3124.0,,0
CUST-100356,2024-09-02,Referral,Hyderabad,Male,27,0,Premium,Two-Year,Net Banking,Yes,3,979.0,1,1,20,24.0,2026-05-15,19580.0,,0
CUST-100357,2024-11-19,Referral,Bengaluru,Male,33,0,Standard,Monthly,UPI,No,1,556.0,1,1,18,24.0,2026-05-24,10008.0,,0
CUST-100358,2025-03-22,Paid Search,Mumbai,Female,29,0,Standard,Monthly,UPI,Yes,2,609.0,1,1,14,16.0,2026-05-24,8526.0,,0
CUST-100359,2024-07-04,Paid Search,Delhi,Male,67,1,Basic,Two-Year,UPI,Yes,0,200.0,1,1,22,23.0,2026-05-07,4400.0,,0
CUST-100360,2025-05-25,Email,Bengaluru,Female,36,0,Basic,Monthly,UPI,No,2,309.0,1,0,12,18.0,2026-05-12,3708.0,,0
CUST-100361,2026-03-29,Organic Search,Bengaluru,Female,34,0,Premium,Monthly,Wallet,Yes,2,948.0,1,0,2,15.0,2026-05-30,1896.0,,0
CUST-100362,2025-11-09,Organic Search,Ahmedabad,Female,60,1,Basic,Monthly,Debit Card,Yes,0,203.0,1,1,6,6.0,2026-05-22,1218.0,,0
CUST-100363,2026-04-14,Organic Search,Jaipur,Female,65,1,Basic,Monthly,Net Banking,Yes,3,381.0,1,1,1,27.0,2026-05-15,381.0,,0
CUST-100364,2026-05-28,Paid Search,Bengaluru,Female,18,0,Standard,Monthly,Wallet,Yes,0,501.0,1,1,0,27.0,2026-05-28,501.0,2026-05-28,1
CUST-100365,2024-07-10,Paid Social,Pune,Female,63,1,Standard,Monthly,Credit Card,No,2,639.0,1,1,22,10.0,2026-05-09,14058.0,,0
CUST-100366,2025-02-26,Referral,Mumbai,Male,54,0,Basic,Annual,Net Banking,No,1,259.0,1,1,15,13.0,2026-05-04,3885.0,,0
CUST-100367,2024-10-26,Referral,Hyderabad,Female,62,1,Basic,Monthly,Wallet,No,3,372.0,1,1,19,32.0,2026-05-19,7068.0,2026-05-19,1
CUST-100368,2025-10-06,Paid Social,Hyderabad,Female,22,0,Standard,Annual,UPI,No,1,561.0,1,0,7,21.0,2026-05-19,3927.0,,0
CUST-100369,2024-06-26,Affiliate,Ahmedabad,Male,20,0,Premium,Monthly,UPI,No,2,931.0,1,1,13,15.0,2025-07-21,12103.0,2025-07-21,1
CUST-100370,2025-10-04,Referral,Pune,Male,35,0,Standard,Monthly,Credit Card,Yes,2,637.0,1,1,2,32.0,2025-12-03,1274.0,2025-12-03,1
CUST-100371,2025-03-09,Paid Social,Pune,Male,62,1,Standard,Monthly,Debit Card,No,0,502.0,1,0,14,10.0,2026-05-18,7028.0,,0
CUST-100372,2024-10-13,Paid Social,Chennai,Female,43,0,Basic,Annual,Debit Card,No,0,202.0,0,0,19,15.0,2026-05-26,3838.0,,0
CUST-100373,2024-10-31,Paid Social,Mumbai,Male,55,0,Standard,Annual,UPI,No,1,574.0,1,1,19,21.0,2026-05-04,10906.0,,0
CUST-100374,2025-09-12,Organic Search,Kolkata,Female,30,0,Standard,Monthly,Net Banking,No,1,518.0,1,1,7,22.0,2026-04-10,3626.0,2026-04-10,1
CUST-100375,2025-05-12,Organic Search,Bengaluru,Female,35,0,Premium,Annual,Debit Card,No,0,800.0,0,0,12,19.0,2026-05-24,9600.0,,0
CUST-100376,2026-03-04,Email,Ahmedabad,Female,63,1,Standard,Monthly,UPI,Yes,2,610.0,1,0,2,32.0,2026-05-09,1220.0,,0
CUST-100377,2026-05-15,Paid Social,Ahmedabad,Male,43,0,Basic,Annual,Debit Card,Yes,0,200.0,1,0,0,27.0,2026-05-06,200.0,,0
CUST-100378,2025-07-11,Paid Social,Mumbai,Female,58,0,Basic,Two-Year,Net Banking,Yes,3,384.0,1,1,10,35.0,2026-05-10,3840.0,,0
CUST-100379,2025-10-16,Referral,Mumbai,Female,51,0,Premium,Monthly,UPI,No,0,818.0,1,1,1,12.0,2025-11-15,818.0,2025-11-15,1
CUST-100380,2025-05-16,Paid Search,Bengaluru,Male,27,0,Basic,Monthly,UPI,No,2,298.0,1,1,7,22.0,2025-12-12,2086.0,2025-12-12,1
CUST-100381,2025-03-13,Email,Hyderabad,Male,67,1,Standard,Monthly,Debit Card,Yes,3,668.0,1,0,14,33.0,2026-05-15,9352.0,,0
CUST-100382,2025-09-16,Referral,Mumbai,Male,67,1,Standard,Annual,Credit Card,Yes,1,546.0,1,1,8,17.0,2026-05-19,4368.0,,0
CUST-100383,2024-06-10,Paid Social,Surat,Female,58,0,Basic,Monthly,UPI,Yes,0,190.0,1,1,2,12.0,2024-08-09,380.0,2024-08-09,1
CUST-100384,2026-01-10,Paid Social,Mumbai,Male,42,0,Standard,Monthly,Net Banking,Yes,0,478.0,1,0,4,19.0,2026-05-16,1912.0,,0
CUST-100385,2025-10-13,Email,Pune,Male,40,0,Standard,Two-Year,UPI,Yes,1,591.0,1,1,7,23.0,2026-05-26,4137.0,,0
CUST-100386,2024-11-12,Referral,Jaipur,Male,33,0,Premium,Monthly,UPI,No,1,872.0,1,1,18,18.0,2026-05-07,15696.0,,0
CUST-100387,2024-06-03,Email,Chennai,Male,51,0,Basic,Annual,Net Banking,Yes,3,367.0,1,1,23,26.0,2026-05-24,8441.0,,0
CUST-100388,2024-09-27,Organic Search,Pune,Male,34,0,Basic,Monthly,Debit Card,No,3,379.0,1,1,20,8.0,2026-05-15,7580.0,,0
CUST-100389,2025-10-25,Affiliate,Hyderabad,Female,27,0,Basic,Two-Year,Credit Card,No,2,312.0,0,0,7,18.0,2026-05-27,2184.0,,0
CUST-100390,2025-09-18,Paid Search,Mumbai,Male,21,0,Basic,Annual,UPI,No,1,261.0,1,1,8,13.0,2026-05-04,2088.0,,0
CUST-100391,2025-09-29,Organic Search,Ahmedabad,Female,40,0,Standard,Monthly,UPI,Yes,0,487.0,1,1,8,27.0,2026-05-10,3896.0,,0
CUST-100392,2024-06-26,Paid Search,Delhi,Male,60,1,Basic,Monthly,UPI,Yes,0,176.0,1,1,6,15.0,2024-12-23,1056.0,2024-12-23,1
CUST-100393,2024-06-12,Referral,Ahmedabad,Male,59,0,Basic,Monthly,Wallet,Yes,1,250.0,1,1,23,19.0,2026-05-15,5750.0,,0
CUST-100394,2026-01-23,Organic Search,Delhi,Female,62,1,Premium,Annual,UPI,Yes,3,1000.0,1,0,4,29.0,2026-05-14,4000.0,,0
CUST-100395,2025-04-28,Paid Social,Mumbai,Female,49,0,Basic,Monthly,UPI,Yes,3,357.0,0,0,13,30.0,2026-05-24,4641.0,,0
CUST-100396,2025-01-07,Affiliate,Jaipur,Female,63,1,Basic,Two-Year,Debit Card,Yes,3,395.0,0,0,16,25.0,2026-05-14,6320.0,,0
CUST-100397,2024-07-28,Paid Social,Kolkata,Male,58,0,Premium,Annual,Net Banking,No,1,867.0,1,0,22,11.0,2026-05-30,19074.0,,0
CUST-100398,2024-08-20,Paid Social,Chennai,Male,59,0,Standard,Two-Year,Debit Card,Yes,2,613.0,1,0,21,17.0,2026-05-22,12873.0,,0
CUST-100399,2025-11-22,Paid Social,Hyderabad,Female,44,0,Basic,Monthly,UPI,No,0,210.0,1,0,6,14.0,2026-05-08,1260.0,,0
CUST-100400,2025-12-10,Paid Social,Mumbai,Male,22,0,Premium,Monthly,UPI,Yes,2,922.0,1,1,5,22.0,2026-05-24,4610.0,,0
CUST-100401,2024-12-23,Affiliate,Ahmedabad,Female,37,0,Standard,Monthly,Wallet,Yes,2,587.0,1,1,3,14.0,2025-03-23,1761.0,2025-03-23,1
CUST-100402,2024-11-10,Referral,Pune,Male,62,1,Basic,Monthly,Debit Card,Yes,0,193.0,1,1,18,2.0,2026-05-08,3474.0,,0
CUST-100403,2025-01-06,Organic Search,Pune,Male,56,0,Basic,Monthly,Net Banking,Yes,1,253.0,1,1,16,6.0,2026-05-09,4048.0,,0
CUST-100404,2025-03-20,Email,Delhi,Female,18,0,Premium,Monthly,Credit Card,Yes,3,1001.0,1,1,14,15.0,2026-05-22,14014.0,,0
CUST-100405,2026-02-09,Affiliate,Bengaluru,Female,22,0,Basic,Annual,Debit Card,No,2,313.0,1,1,3,19.0,2026-05-25,939.0,,0
CUST-100406,2025-03-29,Paid Social,Bengaluru,Female,52,0,Premium,Monthly,Wallet,Yes,1,856.0,1,1,7,13.0,2025-10-25,5992.0,2025-10-25,1
CUST-100407,2025-12-15,Affiliate,Mumbai,Female,68,1,Basic,Monthly,UPI,Yes,0,182.0,0,0,5,1.0,2026-05-10,910.0,,0
CUST-100408,2026-01-19,Organic Search,Delhi,Male,56,0,Basic,Monthly,UPI,Yes,3,378.0,1,0,4,19.0,2026-05-28,1512.0,,0
CUST-100409,2025-08-10,Email,Delhi,Female,67,1,Premium,Annual,UPI,Yes,3,961.0,1,1,9,35.0,2026-05-25,8649.0,,0
CUST-100410,2024-12-10,Paid Search,Pune,Female,21,0,Premium,Annual,Debit Card,No,3,995.0,0,0,17,24.0,2026-05-17,16915.0,,0
CUST-100411,2026-05-21,Paid Search,Jaipur,Male,63,1,Basic,Annual,UPI,No,3,373.0,1,0,0,36.0,2026-05-21,373.0,,0
CUST-100412,2025-09-05,Organic Search,Bengaluru,Male,24,0,Basic,Monthly,UPI,No,3,361.0,1,1,8,21.0,2026-05-10,2888.0,,0
CUST-100413,2025-10-19,Affiliate,Hyderabad,Female,63,1,Standard,Annual,Debit Card,No,1,577.0,1,0,7,16.0,2026-05-29,4039.0,,0
CUST-100414,2026-05-30,Organic Search,Chennai,Male,68,1,Standard,Annual,Debit Card,Yes,3,659.0,1,1,0,25.0,2026-05-31,659.0,,0
CUST-100415,2025-08-20,Organic Search,Ahmedabad,Female,44,0,Basic,Monthly,Credit Card,Yes,1,263.0,0,0,9,29.0,2026-05-26,2367.0,,0
CUST-100416,2025-08-11,Organic Search,Pune,Male,45,0,Basic,Monthly,Wallet,Yes,1,237.0,1,1,2,28.0,2025-10-10,474.0,2025-10-10,1
CUST-100417,2026-01-26,Referral,Bengaluru,Female,43,0,Premium,Two-Year,UPI,No,0,803.0,1,1,4,23.0,2026-05-24,3212.0,,0
CUST-100418,2024-09-11,Organic Search,Bengaluru,Female,46,0,Basic,Monthly,Credit Card,No,0,215.0,1,1,20,19.0,2026-05-20,4300.0,,0
CUST-100419,2026-05-04,Affiliate,Ahmedabad,Female,60,1,Basic,Monthly,Debit Card,No,2,309.0,1,1,0,12.0,2026-05-11,309.0,,0
CUST-100420,2024-12-24,Paid Search,Kolkata,Female,32,0,Basic,Monthly,Debit Card,No,0,181.0,1,0,17,5.0,2026-05-20,3077.0,,0
CUST-100421,2026-05-08,Organic Search,Jaipur,Male,32,0,Basic,Two-Year,Debit Card,No,0,182.0,1,1,0,15.0,2026-05-19,182.0,,0
CUST-100422,2025-06-26,Organic Search,Ahmedabad,Female,68,1,Standard,Monthly,Debit Card,No,0,498.0,1,1,11,26.0,2026-05-05,5478.0,,0
CUST-100423,2026-03-04,Organic Search,Mumbai,Female,62,1,Basic,Two-Year,Net Banking,No,2,348.0,1,1,2,34.0,2026-05-31,696.0,,0
CUST-100424,2025-01-21,Paid Search,Mumbai,Female,46,0,Standard,Annual,Net Banking,Yes,1,575.0,1,0,16,8.0,2026-05-14,9200.0,,0
CUST-100425,2025-12-06,Affiliate,Chennai,Female,28,0,Basic,Annual,Wallet,Yes,3,397.0,1,1,5,32.0,2026-05-10,1985.0,,0
CUST-100426,2025-06-12,Organic Search,Pune,Female,67,1,Basic,Monthly,Wallet,Yes,2,303.0,1,1,11,32.0,2026-05-14,3333.0,,0
CUST-100427,2025-09-15,Affiliate,Mumbai,Female,63,1,Premium,Monthly,Credit Card,Yes,0,815.0,1,1,8,25.0,2026-05-25,6520.0,,0
CUST-100428,2025-07-02,Organic Search,Chennai,Female,35,0,Standard,Annual,Debit Card,Yes,1,574.0,1,1,10,16.0,2026-05-26,5740.0,,0
CUST-100429,2026-05-21,Affiliate,Delhi,Female,46,0,Basic,Two-Year,Credit Card,No,0,204.0,1,1,0,23.0,2026-05-21,204.0,2026-05-21,1
CUST-100430,2025-11-19,Email,Bengaluru,Female,39,0,Basic,Two-Year,Debit Card,Yes,1,250.0,0,0,6,8.0,2026-05-23,1500.0,,0
CUST-100431,2024-12-01,Referral,Delhi,Male,61,1,Standard,Two-Year,UPI,Yes,0,514.0,1,1,17,8.0,2026-05-12,8738.0,,0
CUST-100432,2025-08-29,Referral,Bengaluru,Male,53,0,Standard,Annual,UPI,Yes,1,549.0,1,1,9,37.0,2026-05-17,4941.0,,0
CUST-100433,2025-02-22,Affiliate,Bengaluru,Female,43,0,Standard,Monthly,Wallet,Yes,1,569.0,1,1,12,14.0,2026-02-17,6828.0,2026-02-17,1
CUST-100434,2025-10-22,Organic Search,Mumbai,Male,68,1,Standard,Monthly,Debit Card,No,0,493.0,1,1,7,5.0,2026-05-05,3451.0,,0
CUST-100435,2025-05-16,Organic Search,Delhi,Male,49,0,Basic,Monthly,UPI,Yes,3,364.0,1,1,12,21.0,2026-05-04,4368.0,,0
CUST-100436,2024-11-07,Organic Search,Kolkata,Male,43,0,Premium,Monthly,Credit Card,Yes,1,853.0,1,1,18,31.0,2026-05-07,15354.0,,0
CUST-100437,2024-11-11,Paid Search,Bengaluru,Female,66,1,Basic,Monthly,UPI,Yes,0,229.0,1,1,18,25.0,2026-05-18,4122.0,,0
CUST-100438,2025-04-05,Referral,Jaipur,Female,41,0,Basic,Monthly,Net Banking,No,2,302.0,1,1,13,14.0,2026-05-23,3926.0,,0
CUST-100439,2025-05-18,Paid Search,Bengaluru,Female,39,0,Standard,Monthly,UPI,Yes,2,634.0,1,0,12,18.0,2026-05-29,7608.0,,0
CUST-100440,2026-01-23,Affiliate,Hyderabad,Female,38,0,Basic,Monthly,Debit Card,Yes,1,272.0,1,0,4,21.0,2026-05-18,1088.0,,0
CUST-100441,2025-09-09,Organic Search,Delhi,Female,29,0,Basic,Annual,Debit Card,Yes,1,256.0,1,1,8,24.0,2026-05-18,2048.0,,0
CUST-100442,2025-12-01,Referral,Chennai,Male,32,0,Basic,Annual,Credit Card,Yes,0,191.0,1,1,5,21.0,2026-05-18,955.0,,0
CUST-100443,2024-09-17,Organic Search,Mumbai,Male,22,0,Standard,Annual,UPI,No,1,540.0,1,1,20,12.0,2026-05-21,10800.0,,0
CUST-100444,2024-10-11,Paid Social,Ahmedabad,Male,55,0,Standard,Annual,Net Banking,Yes,0,518.0,1,0,19,15.0,2026-05-13,9842.0,,0
CUST-100445,2024-06-27,Referral,Mumbai,Male,48,0,Standard,Monthly,Net Banking,Yes,0,481.0,1,1,23,9.0,2026-05-28,11063.0,,0
CUST-100446,2024-07-17,Email,Ahmedabad,Female,66,1,Basic,Monthly,UPI,No,1,217.0,1,0,22,22.0,2026-05-29,4774.0,,0
CUST-100447,2024-09-15,Paid Search,Jaipur,Male,49,0,Basic,Monthly,UPI,Yes,3,384.0,1,1,20,23.0,2026-05-27,7680.0,,0
CUST-100448,2025-09-20,Organic Search,Surat,Female,22,0,Premium,Monthly,Debit Card,Yes,0,779.0,1,0,8,18.0,2026-05-31,6232.0,,0
CUST-100449,2025-04-30,Paid Search,Hyderabad,Female,50,0,Standard,Annual,UPI,No,3,677.0,1,1,13,19.0,2026-05-14,8801.0,,0
CUST-100450,2025-04-20,Organic Search,Ahmedabad,Male,27,0,Standard,Annual,UPI,Yes,3,659.0,0,0,13,28.0,2026-05-18,8567.0,,0
CUST-100451,2025-11-22,Affiliate,Kolkata,Female,19,0,Basic,Monthly,Credit Card,Yes,0,190.0,0,0,6,19.0,2026-05-02,1140.0,,0
CUST-100452,2025-03-27,Referral,Hyderabad,Female,52,0,Basic,Two-Year,Credit Card,Yes,1,260.0,0,0,14,10.0,2026-05-10,3640.0,,0
CUST-100453,2024-06-05,Organic Search,Delhi,Female,19,0,Basic,Monthly,Net Banking,No,2,323.0,1,0,23,27.0,2026-05-05,7429.0,,0
CUST-100454,2024-06-19,Organic Search,Bengaluru,Female,39,0,Standard,Monthly,Wallet,No,0,519.0,1,1,0,7.0,2024-06-19,519.0,2024-06-19,1
CUST-100455,2024-10-09,Organic Search,Pune,Female,64,1,Premium,Two-Year,Debit Card,Yes,1,859.0,1,1,19,15.0,2026-05-30,16321.0,,0
CUST-100456,2025-03-06,Email,Ahmedabad,Female,31,0,Premium,Annual,UPI,No,2,921.0,1,1,14,28.0,2026-05-07,12894.0,,0
CUST-100457,2026-03-06,Paid Social,Bengaluru,Female,54,0,Basic,Annual,UPI,Yes,0,195.0,1,0,2,10.0,2026-05-20,390.0,,0
CUST-100458,2024-10-09,Referral,Hyderabad,Male,37,0,Standard,Annual,UPI,Yes,2,633.0,1,0,19,22.0,2026-05-24,12027.0,,0
CUST-100459,2025-11-18,Paid Search,Mumbai,Female,23,0,Standard,Monthly,Debit Card,No,1,542.0,1,0,6,16.0,2026-05-16,3252.0,,0
CUST-100460,2024-06-26,Paid Search,Bengaluru,Male,28,0,Basic,Annual,Credit Card,Yes,3,372.0,1,0,23,13.0,2026-05-14,8556.0,,0
CUST-100461,2024-08-19,Organic Search,Bengaluru,Male,21,0,Standard,Annual,Wallet,Yes,0,499.0,0,0,21,26.0,2026-05-29,10479.0,,0
CUST-100462,2025-03-18,Email,Hyderabad,Male,25,0,Standard,Monthly,Credit Card,Yes,2,605.0,1,1,14,30.0,2026-05-27,8470.0,,0
CUST-100463,2025-09-08,Paid Social,Surat,Male,26,0,Basic,Monthly,UPI,No,3,400.0,1,1,8,25.0,2026-05-05,3200.0,,0
CUST-100464,2026-01-23,Paid Search,Chennai,Male,63,1,Basic,Two-Year,Credit Card,No,1,264.0,1,1,4,17.0,2026-05-19,1056.0,,0
CUST-100465,2025-11-22,Referral,Pune,Male,59,0,Basic,Monthly,UPI,No,1,241.0,1,1,6,19.0,2026-05-03,1446.0,,0
CUST-100466,2026-03-12,Paid Search,Pune,Male,36,0,Standard,Two-Year,UPI,No,1,565.0,1,1,2,29.0,2026-05-09,1130.0,,0
CUST-100467,2025-04-13,Email,Pune,Female,55,0,Basic,Monthly,UPI,No,3,399.0,1,1,13,19.0,2026-05-27,5187.0,,0
CUST-100468,2024-11-21,Organic Search,Bengaluru,Female,28,0,Basic,Monthly,UPI,No,1,248.0,1,1,18,16.0,2026-05-25,4464.0,,0
CUST-100469,2025-04-03,Paid Search,Ahmedabad,Female,51,0,Basic,Annual,UPI,No,3,399.0,1,1,13,22.0,2026-05-26,5187.0,,0
CUST-100470,2024-12-18,Paid Social,Hyderabad,Male,28,0,Premium,Annual,Credit Card,Yes,0,803.0,1,1,17,2.0,2026-05-06,13651.0,,0
CUST-100471,2025-02-15,Paid Social,Hyderabad,Female,51,0,Premium,Monthly,Net Banking,No,1,862.0,1,0,15,20.0,2026-05-22,12930.0,,0
CUST-100472,2024-08-11,Organic Search,Bengaluru,Male,36,0,Premium,Monthly,Net Banking,Yes,2,937.0,1,0,21,20.0,2026-05-09,19677.0,,0
CUST-100473,2025-12-12,Organic Search,Kolkata,Male,62,1,Premium,Monthly,UPI,Yes,2,922.0,1,1,3,24.0,2026-03-12,2766.0,2026-03-12,1
CUST-100474,2026-03-25,Paid Social,Pune,Male,61,1,Basic,Annual,Credit Card,No,1,265.0,1,1,2,15.0,2026-05-14,530.0,,0
CUST-100475,2024-08-09,Paid Social,Delhi,Female,35,0,Basic,Monthly,Net Banking,No,3,380.0,1,0,21,9.0,2026-05-12,7980.0,,0
CUST-100476,2024-07-18,Paid Social,Ahmedabad,Female,20,0,Standard,Monthly,Wallet,Yes,1,533.0,0,0,22,17.0,2026-05-16,11726.0,,0
CUST-100477,2026-01-07,Paid Search,Ahmedabad,Female,34,0,Standard,Monthly,Net Banking,Yes,0,505.0,1,1,4,8.0,2026-05-05,2020.0,,0
CUST-100478,2026-04-15,Paid Search,Delhi,Female,32,0,Standard,Monthly,Credit Card,No,1,563.0,1,1,1,21.0,2026-05-15,563.0,2026-05-15,1
CUST-100479,2024-06-12,Paid Social,Bengaluru,Male,40,0,Basic,Monthly,Net Banking,Yes,0,193.0,0,0,23,21.0,2026-05-04,4439.0,,0
CUST-100480,2025-09-11,Paid Social,Mumbai,Female,47,0,Premium,Monthly,Debit Card,Yes,1,821.0,1,0,8,31.0,2026-05-23,6568.0,,0
CUST-100481,2025-03-30,Organic Search,Mumbai,Male,69,1,Basic,Annual,UPI,Yes,1,268.0,0,0,14,29.0,2026-05-30,3752.0,,0
CUST-100482,2025-12-26,Paid Search,Mumbai,Male,21,0,Standard,Two-Year,UPI,Yes,0,486.0,1,1,5,20.0,2026-05-03,2430.0,,0
CUST-100483,2025-06-12,Paid Social,Chennai,Female,46,0,Premium,Monthly,Wallet,Yes,1,842.0,1,0,11,13.0,2026-05-17,9262.0,,0
CUST-100484,2024-11-08,Organic Search,Chennai,Female,26,0,Standard,Monthly,Wallet,Yes,0,481.0,1,1,18,23.0,2026-05-20,8658.0,,0
CUST-100485,2024-12-29,Paid Social,Delhi,Male,46,0,Standard,Two-Year,Credit Card,No,3,650.0,1,0,17,25.0,2026-05-23,11050.0,,0
CUST-100486,2025-08-17,Paid Social,Mumbai,Male,51,0,Standard,Monthly,Debit Card,Yes,0,506.0,1,1,8,13.0,2026-04-14,4048.0,2026-04-14,1
CUST-100487,2024-12-06,Organic Search,Ahmedabad,Male,60,1,Standard,Monthly,UPI,Yes,1,594.0,1,1,17,4.0,2026-05-19,10098.0,,0
CUST-100488,2024-08-19,Paid Search,Ahmedabad,Male,47,0,Premium,Annual,Debit Card,Yes,0,790.0,1,1,7,34.0,2025-03-17,5530.0,2025-03-17,1
CUST-100489,2025-06-24,Paid Search,Delhi,Male,27,0,Basic,Monthly,Credit Card,Yes,1,271.0,1,1,11,26.0,2026-05-04,2981.0,,0
CUST-100490,2025-09-24,Referral,Ahmedabad,Female,65,1,Basic,Monthly,UPI,No,1,258.0,1,1,5,23.0,2026-02-21,1290.0,2026-02-21,1
CUST-100491,2026-01-04,Paid Search,Delhi,Male,39,0,Premium,Two-Year,Credit Card,Yes,1,863.0,1,1,4,20.0,2026-05-07,3452.0,,0
CUST-100492,2025-08-12,Paid Search,Surat,Male,42,0,Standard,Annual,Credit Card,No,1,558.0,1,1,4,33.0,2025-12-10,2232.0,2025-12-10,1
CUST-100493,2025-03-21,Paid Social,Bengaluru,Male,51,0,Standard,Annual,Wallet,Yes,1,571.0,1,0,14,23.0,2026-05-05,7994.0,,0
CUST-100494,2026-01-22,Referral,Chennai,Female,31,0,Basic,Monthly,Net Banking,No,1,241.0,1,1,4,9.0,2026-05-06,964.0,,0
CUST-100495,2025-04-30,Paid Search,Ahmedabad,Male,69,1,Basic,Monthly,UPI,Yes,3,380.0,1,1,7,21.0,2025-11-26,2660.0,2025-11-26,1
CUST-100496,2025-09-14,Paid Social,Mumbai,Male,20,0,Standard,Two-Year,UPI,No,2,636.0,0,0,8,26.0,2026-05-14,5088.0,,0
CUST-100497,2026-03-20,Paid Search,Jaipur,Female,26,0,Premium,Two-Year,UPI,Yes,2,930.0,1,1,2,30.0,2026-05-10,1860.0,,0
CUST-100498,2026-05-10,Paid Social,Delhi,Female,69,1,Basic,Annual,UPI,No,1,264.0,0,0,0,14.0,2026-05-09,264.0,,0
CUST-100499,2025-04-20,Paid Search,Pune,Male,41,0,Basic,Monthly,Credit Card,Yes,3,380.0,0,0,13,33.0,2026-05-20,4940.0,,0
CUST-100500,2025-05-24,Referral,Surat,Female,64,1,Basic,Annual,Credit Card,Yes,2,314.0,1,1,12,13.0,2026-05-06,3768.0,,0
CUST-100501,2026-02-25,Affiliate,Bengaluru,Male,65,1,Standard,Monthly,UPI,Yes,0,494.0,1,0,3,12.0,2026-05-05,1482.0,,0
CUST-100502,2025-07-08,Email,Delhi,Female,69,1,Basic,Annual,Wallet,No,1,236.0,1,1,3,16.0,2025-10-06,708.0,2025-10-06,1
CUST-100503,2025-12-02,Paid Search,Bengaluru,Male,55,0,Standard,Annual,Debit Card,Yes,3,687.0,1,0,5,29.0,2026-05-23,3435.0,,0
CUST-100504,2024-07-26,Paid Search,Ahmedabad,Female,53,0,Basic,Monthly,UPI,No,3,399.0,1,1,22,32.0,2026-05-08,8778.0,,0
CUST-100505,2026-01-22,Referral,Ahmedabad,Female,49,0,Basic,Monthly,Debit Card,Yes,3,383.0,1,1,4,32.0,2026-05-23,1532.0,,0
CUST-100506,2024-08-18,Paid Social,Ahmedabad,Female,53,0,Basic,Annual,UPI,Yes,3,379.0,1,0,21,14.0,2026-05-18,7959.0,,0
CUST-100507,2025-03-11,Affiliate,Kolkata,Female,31,0,Basic,Two-Year,Debit Card,No,3,388.0,1,1,14,25.0,2026-05-30,5432.0,,0
CUST-100508,2024-10-05,Paid Search,Pune,Male,60,1,Premium,Monthly,Credit Card,Yes,1,827.0,1,1,12,8.0,2025-09-30,9924.0,2025-09-30,1
CUST-100509,2026-04-08,Organic Search,Delhi,Female,27,0,Premium,Monthly,UPI,Yes,3,971.0,1,1,1,22.0,2026-05-20,971.0,,0
CUST-100510,2024-08-26,Organic Search,Mumbai,Male,42,0,Standard,Annual,Credit Card,No,3,678.0,1,1,21,35.0,2026-05-19,14238.0,,0
CUST-100511,2025-07-03,Affiliate,Hyderabad,Male,37,0,Premium,Monthly,Wallet,Yes,2,893.0,1,1,10,33.0,2026-05-16,8930.0,,0
CUST-100512,2024-09-09,Organic Search,Jaipur,Male,57,0,Basic,Monthly,Debit Card,No,2,321.0,1,1,20,24.0,2026-05-15,6420.0,,0
CUST-100513,2024-06-14,Paid Social,Delhi,Female,31,0,Premium,Monthly,Debit Card,Yes,2,891.0,1,0,23,21.0,2026-05-05,20493.0,,0
CUST-100514,2024-12-07,Paid Social,Delhi,Female,28,0,Standard,Monthly,Net Banking,No,0,509.0,1,1,17,14.0,2026-05-19,8653.0,,0
CUST-100515,2024-07-27,Organic Search,Kolkata,Female,60,1,Standard,Monthly,Net Banking,Yes,0,502.0,1,1,22,16.0,2026-05-07,11044.0,,0
CUST-100516,2024-12-20,Paid Social,Kolkata,Female,43,0,Standard,Two-Year,Net Banking,No,0,496.0,1,0,17,25.0,2026-05-26,8432.0,,0
CUST-100517,2024-09-26,Referral,Jaipur,Female,55,0,Basic,Annual,UPI,No,1,270.0,1,1,20,14.0,2026-05-30,5400.0,,0
CUST-100518,2025-10-21,Organic Search,Delhi,Female,63,1,Basic,Monthly,UPI,Yes,0,201.0,1,1,6,14.0,2026-04-19,1206.0,2026-04-19,1
CUST-100519,2024-10-03,Affiliate,Ahmedabad,Female,61,1,Basic,Monthly,Net Banking,Yes,3,386.0,1,0,19,19.0,2026-05-24,7334.0,,0
CUST-100520,2025-05-21,Affiliate,Delhi,Male,38,0,Basic,Annual,Wallet,Yes,0,203.0,1,1,10,12.0,2026-03-17,2030.0,2026-03-17,1
CUST-100521,2024-06-01,Paid Social,Delhi,Male,26,0,Standard,Monthly,Credit Card,No,1,546.0,0,0,23,20.0,2026-05-11,12558.0,,0
CUST-100522,2026-04-07,Organic Search,Kolkata,Female,67,1,Premium,Annual,Wallet,Yes,0,823.0,1,1,1,27.0,2026-05-16,823.0,,0
CUST-100523,2025-04-19,Paid Search,Ahmedabad,Female,34,0,Basic,Monthly,Debit Card,Yes,2,338.0,1,1,13,24.0,2026-05-17,4394.0,,0
CUST-100524,2025-02-06,Organic Search,Pune,Male,57,0,Standard,Annual,UPI,Yes,3,685.0,1,1,15,19.0,2026-05-29,10275.0,,0
CUST-100525,2025-01-23,Paid Social,Kolkata,Male,57,0,Standard,Monthly,Wallet,Yes,2,621.0,1,0,16,11.0,2026-05-27,9936.0,,0
CUST-100526,2024-07-17,Email,Surat,Male,41,0,Basic,Annual,Net Banking,Yes,2,330.0,1,1,22,13.0,2026-05-25,7260.0,,0
CUST-100527,2024-12-06,Email,Pune,Male,26,0,Basic,Annual,Credit Card,No,2,338.0,1,0,17,21.0,2026-05-31,5746.0,,0
CUST-100528,2026-02-06,Referral,Jaipur,Female,42,0,Basic,Monthly,Debit Card,No,1,288.0,1,1,3,12.0,2026-05-22,864.0,,0
CUST-100529,2025-03-09,Paid Social,Ahmedabad,Male,25,0,Standard,Two-Year,UPI,Yes,1,551.0,1,1,14,21.0,2026-05-19,7714.0,,0
CUST-100530,2026-02-05,Referral,Delhi,Male,36,0,Basic,Monthly,Debit Card,No,1,275.0,1,1,3,13.0,2026-05-03,825.0,,0
CUST-100531,2024-10-09,Referral,Ahmedabad,Female,37,0,Basic,Monthly,Credit Card,No,3,378.0,1,1,19,13.0,2026-05-24,7182.0,,0
CUST-100532,2025-02-20,Paid Social,Surat,Male,44,0,Basic,Annual,Credit Card,Yes,1,235.0,0,0,15,5.0,2026-05-15,3525.0,,0
CUST-100533,2025-09-04,Paid Search,Kolkata,Male,27,0,Premium,Annual,Debit Card,Yes,0,812.0,1,1,8,22.0,2026-05-24,6496.0,,0
CUST-100534,2024-07-22,Organic Search,Ahmedabad,Female,61,1,Premium,Monthly,UPI,Yes,2,941.0,1,1,6,10.0,2025-01-18,5646.0,2025-01-18,1
CUST-100535,2025-02-13,Organic Search,Ahmedabad,Male,22,0,Basic,Monthly,UPI,No,3,394.0,1,1,13,26.0,2026-03-10,5122.0,2026-03-10,1
CUST-100536,2026-03-05,Paid Search,Delhi,Female,69,1,Standard,Monthly,UPI,No,1,556.0,1,1,2,11.0,2026-05-21,1112.0,,0
CUST-100537,2025-05-27,Organic Search,Mumbai,Female,34,0,Premium,Monthly,Credit Card,No,0,805.0,1,1,0,17.0,2025-05-27,805.0,2025-05-27,1
CUST-100538,2026-04-12,Organic Search,Chennai,Female,43,0,Basic,Monthly,Credit Card,No,1,269.0,1,1,1,17.0,2026-05-13,269.0,,0
CUST-100539,2024-09-12,Affiliate,Mumbai,Male,63,1,Basic,Monthly,Credit Card,No,3,388.0,1,1,20,23.0,2026-05-11,7760.0,,0
CUST-100540,2026-05-28,Email,Chennai,Female,52,0,Basic,Monthly,Credit Card,Yes,3,397.0,1,1,0,28.0,2026-05-17,397.0,,0
CUST-100541,2026-03-03,Paid Search,Bengaluru,Female,20,0,Basic,Annual,UPI,Yes,3,393.0,1,1,0,18.0,2026-03-03,393.0,2026-03-03,1
CUST-100542,2025-03-13,Affiliate,Delhi,Female,49,0,Premium,Annual,Net Banking,Yes,2,910.0,1,1,14,32.0,2026-05-24,12740.0,,0
CUST-100543,2025-07-15,Email,Mumbai,Male,47,0,Premium,Two-Year,Debit Card,No,3,979.0,0,0,10,28.0,2026-05-25,9790.0,,0
CUST-100544,2024-09-01,Organic Search,Surat,Male,66,1,Standard,Monthly,Debit Card,No,0,491.0,1,1,10,13.0,2025-06-28,4910.0,2025-06-28,1
CUST-100545,2024-09-23,Paid Social,Pune,Male,47,0,Basic,Monthly,UPI,Yes,0,201.0,1,1,1,13.0,2024-10-23,201.0,2024-10-23,1
CUST-100546,2025-03-03,Paid Social,Delhi,Female,69,1,Premium,Monthly,Debit Card,Yes,2,891.0,1,0,14,17.0,2026-05-18,12474.0,,0
CUST-100547,2025-01-25,Organic Search,Delhi,Female,45,0,Basic,Monthly,Credit Card,Yes,3,408.0,1,1,16,18.0,2026-05-05,6528.0,,0
CUST-100548,2025-08-01,Referral,Kolkata,Male,28,0,Basic,Monthly,Debit Card,No,0,187.0,1,1,9,5.0,2026-05-21,1683.0,,0
CUST-100549,2026-03-22,Paid Social,Chennai,F,44,0,Basic,Monthly,UPI,Yes,1,251.0,1,0,2,7.0,2026-05-16,502.0,,0
CUST-100550,2024-07-02,Paid Social,Chennai,Female,65,1,Premium,Annual,Debit Card,Yes,0,800.0,1,1,12,10.0,2025-06-27,9600.0,2025-06-27,1
CUST-100551,2026-02-01,Organic Search,Pune,Female,18,0,Standard,Two-Year,Wallet,No,0,478.0,1,1,1,15.0,2026-03-03,478.0,2026-03-03,1
CUST-100552,2024-12-17,Organic Search,Kolkata,Male,38,0,Standard,Monthly,Net Banking,No,0,494.0,1,1,17,7.0,2026-05-11,8398.0,,0
CUST-100553,2025-09-18,Affiliate,Delhi,Female,20,0,Standard,Monthly,Net Banking,Yes,0,502.0,0,0,8,19.0,2026-05-28,4016.0,,0
CUST-100554,2026-04-18,Organic Search,Hyderabad,Female,61,1,Basic,Annual,UPI,No,2,344.0,1,0,1,22.0,2026-05-24,344.0,,0
CUST-100555,2025-11-17,Organic Search,Delhi,Female,44,0,Basic,Annual,Credit Card,Yes,2,321.0,1,1,6,18.0,2026-05-26,1926.0,,0
CUST-100556,2024-07-03,Paid Social,Pune,Female,55,0,Premium,Monthly,UPI,No,3,973.0,1,1,22,16.0,2026-05-29,21406.0,,0
CUST-100557,2025-08-07,Paid Search,Surat,Female,68,1,Premium,Annual,Credit Card,Yes,3,962.0,1,1,9,23.0,2026-05-02,8658.0,,0
CUST-100558,2024-09-19,Paid Search,Surat,Male,61,1,Standard,Monthly,Debit Card,Yes,0,531.0,1,1,20,23.0,2026-05-02,10620.0,,0
CUST-100559,2024-12-02,Paid Search,Bengaluru,Female,39,0,Basic,Annual,Debit Card,No,2,320.0,1,1,17,8.0,2026-05-17,5440.0,,0
CUST-100560,2025-07-29,Organic Search,Bengaluru,Male,66,1,Premium,Annual,Wallet,Yes,1,860.0,1,1,10,8.0,2026-05-24,8600.0,,0
CUST-100561,2025-07-30,Organic Search,Kolkata,Female,42,0,Basic,Monthly,Wallet,No,1,238.0,1,1,10,10.0,2026-05-09,2380.0,,0
CUST-100562,2026-04-30,Affiliate,Surat,Female,68,1,Basic,Monthly,UPI,Yes,2,327.0,1,1,1,10.0,2026-05-10,327.0,,0
CUST-100563,2024-12-25,Paid Search,Chennai,Female,69,1,Basic,Annual,Wallet,Yes,1,250.0,1,1,17,9.0,2026-05-02,4250.0,,0
CUST-100564,2026-04-17,Paid Search,Ahmedabad,Female,29,0,Basic,Annual,Net Banking,No,2,341.0,1,1,1,21.0,2026-05-06,341.0,,0
CUST-100565,2025-04-14,Referral,Delhi,Male,58,0,Standard,Two-Year,Debit Card,Yes,0,506.0,1,1,13,18.0,2026-05-22,6578.0,,0
CUST-100566,2024-12-05,Referral,Kolkata,Male,54,0,Standard,Monthly,UPI,Yes,1,561.0,0,0,17,16.0,2026-05-24,9537.0,,0
CUST-100567,2025-08-29,Organic Search,Hyderabad,Female,58,0,Basic,Annual,UPI,Yes,0,179.0,1,1,9,19.0,2026-05-31,1611.0,,0
CUST-100568,2025-08-22,Paid Social,Hyderabad,Male,26,0,Basic,Annual,Credit Card,Yes,0,198.0,1,1,9,16.0,2026-05-06,1782.0,,0
CUST-100569,2026-03-17,Paid Search,Pune,Male,44,0,Standard,Annual,UPI,No,3,676.0,1,0,2,17.0,2026-05-14,1352.0,,0
CUST-100570,2026-05-05,Paid Social,Delhi,Female,25,0,Basic,Monthly,UPI,Yes,3,381.0,0,0,0,17.0,2026-05-08,381.0,,0
CUST-100571,2025-09-28,Affiliate,Delhi,Male,64,1,Basic,Monthly,UPI,No,0,169.0,1,1,8,15.0,2026-05-31,1352.0,,0
CUST-100572,2025-09-03,Paid Social,Chennai,Male,63,1,Basic,Annual,Credit Card,Yes,2,305.0,1,0,8,11.0,2026-05-25,2440.0,,0
CUST-100573,2024-12-27,Referral,Delhi,Male,48,0,Premium,Monthly,Debit Card,Yes,2,912.0,1,0,17,23.0,2026-05-20,15504.0,,0
CUST-100574,2024-11-09,Affiliate,Hyderabad,Female,24,0,Premium,Monthly,UPI,Yes,1,867.0,0,0,18,0.0,2026-05-24,15606.0,,0
CUST-100575,2025-08-08,Paid Search,Hyderabad,Male,52,0,Basic,Monthly,Net Banking,Yes,1,230.0,1,1,9,18.0,2026-05-26,2070.0,,0
CUST-100576,2025-10-19,Affiliate,Chennai,Female,40,0,Standard,Two-Year,UPI,Yes,1,580.0,1,1,7,21.0,2026-05-03,4060.0,,0
CUST-100577,2025-02-24,Paid Search,Delhi,Male,58,0,Premium,Annual,UPI,Yes,0,818.0,1,0,15,10.0,2026-05-06,12270.0,,0
CUST-100578,2025-06-08,Affiliate,Hyderabad,Male,23,0,Basic,Annual,Credit Card,Yes,3,364.0,1,1,11,31.0,2026-05-17,4004.0,,0
CUST-100579,2025-07-24,Paid Social,Ahmedabad,Male,39,0,Premium,Two-Year,Credit Card,No,1,896.0,1,0,10,26.0,2026-05-29,8960.0,,0
CUST-100580,2025-05-26,Paid Search,Mumbai,Male,36,0,Standard,Annual,UPI,No,2,623.0,1,1,12,23.0,2026-05-16,7476.0,,0
CUST-100581,2024-07-04,Paid Search,Delhi,Female,67,1,Standard,Monthly,Debit Card,Yes,0,497.0,1,0,22,25.0,2026-05-05,10934.0,,0
CUST-100582,2025-05-23,Organic Search,Ahmedabad,Male,33,0,Standard,Monthly,UPI,Yes,0,508.0,1,1,9,10.0,2026-02-17,4572.0,2026-02-17,1
CUST-100583,2024-11-03,Paid Social,Jaipur,Male,69,1,Basic,Annual,UPI,No,2,325.0,1,1,18,27.0,2026-05-22,5850.0,,0
CUST-100584,2024-08-22,Affiliate,Kolkata,Male,65,1,Standard,Two-Year,Credit Card,Yes,1,561.0,1,0,21,29.0,2026-05-19,11781.0,,0
CUST-100585,2025-05-08,Paid Search,Ahmedabad,Male,48,0,Standard,Annual,UPI,Yes,2,603.0,1,1,12,13.0,2026-05-12,7236.0,,0
CUST-100586,2025-12-28,Organic Search,Chennai,Male,27,0,Basic,Monthly,Wallet,No,3,372.0,1,0,5,18.0,2026-05-17,1860.0,,0
CUST-100587,2026-01-02,Paid Social,Bengaluru,Male,29,0,Standard,Annual,Credit Card,Yes,3,684.0,1,0,4,11.0,2026-05-02,2736.0,,0
CUST-100588,2025-02-08,Organic Search,Hyderabad,Female,18,0,Premium,Monthly,UPI,Yes,0,812.0,1,1,15,23.0,2026-05-31,12180.0,,0
CUST-100589,2025-07-20,Organic Search,Kolkata,Male,58,0,Premium,Monthly,Net Banking,Yes,1,881.0,1,0,10,28.0,2026-05-23,8810.0,,0
CUST-100590,2024-10-13,Email,Bengaluru,Female,55,0,Standard,Monthly,Debit Card,Yes,0,492.0,1,0,19,10.0,2026-05-10,9348.0,,0
CUST-100591,2024-12-22,Paid Social,Ahmedabad,Female,34,0,Basic,Monthly,Credit Card,No,0,200.0,0,0,17,15.0,2026-05-17,3400.0,,0
CUST-100592,2025-04-18,Paid Social,Ahmedabad,Male,56,0,Basic,Monthly,Wallet,Yes,1,249.0,1,1,13,14.0,2026-05-10,3237.0,,0
CUST-100593,2025-03-12,Paid Search,Bengaluru,Female,48,0,Basic,Annual,Credit Card,Yes,1,275.0,1,0,14,36.0,2026-05-02,3850.0,,0
CUST-100594,2025-09-12,Organic Search,Jaipur,Female,60,1,Premium,Monthly,UPI,Yes,3,974.0,1,1,8,15.0,2026-05-12,7792.0,,0
CUST-100595,2025-11-26,Paid Social,Bengaluru,Female,22,0,Standard,Two-Year,Net Banking,No,3,670.0,0,0,6,16.0,2026-05-13,4020.0,,0
CUST-100596,2025-07-09,Referral,Delhi,Female,28,0,Premium,Monthly,Wallet,Yes,0,800.0,1,1,10,19.0,2026-05-26,8000.0,,0
CUST-100597,2024-06-22,Paid Search,Ahmedabad,Female,59,0,Basic,Monthly,UPI,Yes,2,294.0,1,1,2,19.0,2024-08-21,588.0,2024-08-21,1
CUST-100598,2026-01-19,Email,Jaipur,Male,37,0,Premium,Monthly,UPI,Yes,0,807.0,0,0,4,32.0,2026-05-15,3228.0,,0
CUST-100599,2025-04-28,Paid Search,Delhi,Female,67,1,Premium,Monthly,Debit Card,Yes,3,974.0,1,0,13,35.0,2026-05-18,12662.0,,0
CUST-100600,2026-02-05,Paid Social,Hyderabad,Male,63,1,Standard,Monthly,Debit Card,No,1,601.0,1,0,3,18.0,2026-05-18,1803.0,,0
CUST-100601,2024-12-17,Referral,Hyderabad,Female,22,0,Premium,Monthly,UPI,Yes,0,790.0,1,1,17,23.0,2026-05-07,13430.0,,0
CUST-100602,2025-08-27,Affiliate,Mumbai,Female,38,0,Basic,Monthly,Wallet,Yes,3,375.0,0,0,9,24.0,2026-05-25,3375.0,,0
CUST-100603,2024-11-26,Referral,Ahmedabad,Female,56,0,Basic,Monthly,UPI,No,2,334.0,1,1,4,28.0,2025-03-26,1336.0,2025-03-26,1
CUST-100604,2025-07-08,Email,Delhi,Female,25,0,Basic,Annual,Net Banking,No,2,331.0,1,1,10,24.0,2026-05-31,3310.0,,0
CUST-100605,2026-02-01,Referral,Delhi,Male,62,1,Basic,Monthly,Net Banking,Yes,2,335.0,0,0,3,12.0,2026-05-30,1005.0,,0
CUST-100606,2025-07-19,Affiliate,Hyderabad,Female,23,0,Basic,Monthly,UPI,Yes,2,315.0,1,1,10,15.0,2026-05-09,3150.0,,0
CUST-100607,2026-05-29,Organic Search,Chennai,Male,23,0,Standard,Monthly,Credit Card,No,0,482.0,1,0,0,21.0,2026-05-13,482.0,,0
CUST-100608,2025-03-14,Referral,Mumbai,Female,46,0,Basic,Monthly,UPI,Yes,2,359.0,1,1,14,17.0,2026-05-09,5026.0,,0
CUST-100609,2024-09-01,Paid Social,Bengaluru,Female,30,0,Basic,Annual,Debit Card,Yes,0,207.0,1,0,20,25.0,2026-05-20,4140.0,,0
CUST-100610,2025-05-09,Paid Search,Ahmedabad,Male,51,0,Basic,Monthly,Credit Card,Yes,3,,0,0,12,26.0,2026-05-03,4584.0,,0
CUST-100611,2026-01-29,Paid Search,Mumbai,Female,38,0,Standard,Annual,Debit Card,No,1,571.0,1,1,4,11.0,2026-05-28,2284.0,,0
CUST-100612,2025-06-19,Email,Hyderabad,Male,32,0,Premium,Two-Year,Credit Card,Yes,3,959.0,1,1,11,16.0,2026-05-14,10549.0,,0
CUST-100613,2025-08-20,Email,Chennai,Female,61,1,Basic,Monthly,UPI,Yes,1,252.0,1,1,9,9.0,2026-05-11,2268.0,,0
CUST-100614,2026-01-05,Paid Social,Chennai,Female,26,0,Standard,Two-Year,UPI,No,0,483.0,1,0,4,21.0,2026-05-22,1932.0,,0
CUST-100615,2024-12-09,Referral,Mumbai,Female,43,0,Premium,Annual,UPI,No,1,862.0,1,1,12,28.0,2025-12-04,10344.0,2025-12-04,1
CUST-100616,2025-11-26,Referral,Bengaluru,Female,26,0,Standard,Annual,Credit Card,Yes,2,598.0,1,1,6,19.0,2026-05-20,3588.0,,0
CUST-100617,2026-04-27,Paid Social,Delhi,Male,25,0,Standard,Two-Year,Wallet,Yes,2,629.0,0,0,1,20.0,2026-05-30,629.0,,0
CUST-100618,2024-10-21,Organic Search,Surat,Male,28,0,Standard,Monthly,Debit Card,No,0,517.0,1,0,19,17.0,2026-05-16,9823.0,,0
CUST-100619,2024-10-13,Organic Search,Pune,Male,31,0,Premium,Monthly,UPI,Yes,0,816.0,1,1,13,22.0,2025-11-07,10608.0,2025-11-07,1
CUST-100620,2026-05-14,Referral,Jaipur,Male,39,0,Basic,Monthly,Wallet,No,1,266.0,1,0,0,14.0,2026-05-06,266.0,,0
CUST-100621,2026-05-10,Paid Social,Mumbai,Male,42,0,Standard,Annual,UPI,Yes,2,622.0,1,0,0,22.0,2026-05-14,622.0,,0
CUST-100622,2026-05-05,Email,Bengaluru,Male,25,0,Basic,Monthly,Wallet,No,1,253.0,1,1,0,14.0,2026-05-05,253.0,2026-05-05,1
CUST-100623,2026-02-16,Paid Social,Chennai,Female,20,0,Basic,Monthly,UPI,Yes,1,266.0,1,1,3,6.0,2026-05-17,798.0,2026-05-17,1
CUST-100624,2024-12-21,Email,Delhi,Male,22,0,Standard,Two-Year,UPI,Yes,3,677.0,1,1,17,33.0,2026-05-15,11509.0,,0
CUST-100625,2025-07-14,Paid Social,Pune,Female,50,0,Premium,Monthly,Net Banking,Yes,0,771.0,1,1,10,18.0,2026-05-08,7710.0,,0
CUST-100626,2026-05-30,Referral,Bengaluru,Female,68,1,Premium,Monthly,Credit Card,Yes,0,790.0,1,1,0,14.0,2026-05-22,790.0,,0
CUST-100627,2025-10-26,Organic Search,Surat,Male,19,0,Premium,Monthly,Net Banking,Yes,2,931.0,1,1,3,15.0,2026-01-24,2793.0,2026-01-24,1
CUST-100628,2025-06-18,Paid Search,Mumbai,Female,19,0,Standard,Annual,Debit Card,Yes,3,662.0,1,0,11,17.0,2026-05-16,7282.0,,0
CUST-100629,2025-08-18,Affiliate,Jaipur,Male,58,0,Standard,Monthly,UPI,No,1,542.0,0,0,9,4.0,2026-05-06,4878.0,,0
CUST-100630,2024-11-13,Email,Delhi,Male,55,0,Premium,Monthly,UPI,No,0,796.0,1,0,18,7.0,2026-05-14,14328.0,,0
CUST-100631,2025-02-11,Affiliate,Bengaluru,Female,56,0,Basic,Two-Year,Credit Card,Yes,0,166.0,1,1,15,11.0,2026-05-10,2490.0,,0
CUST-100632,2025-11-08,Organic Search,Bengaluru,Male,26,0,Basic,Monthly,Credit Card,No,3,390.0,1,1,5,18.0,2026-04-07,1950.0,2026-04-07,1
CUST-100633,2026-05-04,Paid Social,Mumbai,Male,63,1,Basic,Monthly,Credit Card,Yes,2,329.0,1,1,0,28.0,2026-05-04,329.0,2026-05-04,1
CUST-100634,2024-07-05,Organic Search,Surat,Female,50,0,Standard,Annual,UPI,No,1,573.0,1,0,22,23.0,2026-05-16,12606.0,,0
CUST-100635,2025-03-30,Organic Search,Jaipur,Male,26,0,Standard,Monthly,UPI,Yes,1,562.0,1,1,14,12.0,2026-05-29,7868.0,,0
CUST-100636,2025-10-15,Referral,Surat,Female,24,0,Premium,Monthly,Credit Card,Yes,0,786.0,1,1,0,5.0,2025-10-15,786.0,2025-10-15,1
CUST-100637,2025-05-05,Referral,Surat,Female,49,0,Basic,Annual,UPI,No,1,241.0,1,0,12,13.0,2026-05-13,2892.0,,0
CUST-100638,2026-01-30,Referral,Pune,Male,58,0,Premium,Annual,Credit Card,No,3,987.0,1,1,4,33.0,2026-05-12,3948.0,,0
CUST-100639,2025-09-14,Affiliate,Bengaluru,Female,58,0,Standard,Monthly,UPI,Yes,1,570.0,1,1,8,20.0,2026-05-29,4560.0,,0
CUST-100640,2025-02-11,Referral,Kolkata,Male,48,0,Premium,Annual,Net Banking,No,3,962.0,1,1,15,22.0,2026-05-06,14430.0,,0
CUST-100641,2025-12-10,Affiliate,Ahmedabad,Male,44,0,Basic,Annual,Debit Card,Yes,2,300.0,1,1,5,21.0,2026-05-07,1500.0,,0
CUST-100642,2025-01-30,Organic Search,Chennai,Female,54,0,Standard,Annual,UPI,Yes,2,619.0,1,1,16,29.0,2026-05-24,9904.0,,0
CUST-100643,2025-03-28,Organic Search,Bengaluru,Male,24,0,Standard,Annual,Debit Card,Yes,2,621.0,1,0,14,21.0,2026-05-19,8694.0,,0
CUST-100644,2024-12-16,Paid Search,Pune,Female,36,0,Standard,Annual,Credit Card,Yes,0,513.0,1,1,17,33.0,2026-05-25,8721.0,,0
CUST-100645,2026-05-30,Affiliate,Delhi,Male,23,0,Basic,Monthly,Credit Card,Yes,1,269.0,1,0,0,17.0,2026-05-05,269.0,,0
CUST-100646,2025-03-25,Organic Search,Delhi,Male,61,1,Basic,Monthly,UPI,No,3,378.0,1,1,14,16.0,2026-05-03,5292.0,,0
CUST-100647,2026-04-27,Paid Search,Ahmedabad,Female,49,0,Basic,Monthly,UPI,Yes,2,335.0,1,1,1,6.0,2026-05-17,335.0,,0
CUST-100648,2025-07-24,Referral,Delhi,Female,58,0,Standard,Monthly,Net Banking,Yes,1,554.0,0,0,10,21.0,2026-05-10,5540.0,,0
CUST-100649,2024-08-31,Organic Search,Delhi,Male,43,0,Standard,Two-Year,UPI,Yes,2,614.0,1,1,21,20.0,2026-05-26,12894.0,,0
CUST-100650,2025-12-08,Paid Social,Mumbai,Female,66,1,Standard,Monthly,Debit Card,Yes,2,632.0,1,0,5,10.0,2026-05-05,3160.0,,0
CUST-100651,2024-10-21,Affiliate,Mumbai,Male,66,1,Standard,Monthly,UPI,Yes,3,693.0,1,1,19,25.0,2026-05-20,13167.0,,0
CUST-100652,2026-03-09,Referral,Pune,Male,50,0,Basic,Monthly,Credit Card,Yes,3,394.0,1,1,2,24.0,2026-05-21,788.0,,0
CUST-100653,2026-05-05,Organic Search,Delhi,Female,61,1,Basic,Annual,Credit Card,Yes,0,196.0,1,1,0,14.0,2026-05-26,196.0,,0
CUST-100654,2025-07-05,Affiliate,Chennai,Female,52,0,Standard,Annual,UPI,No,2,620.0,1,1,6,21.0,2026-01-01,3720.0,2026-01-01,1
CUST-100655,2025-03-18,Paid Social,Ahmedabad,Male,55,0,Standard,Monthly,UPI,No,2,606.0,1,0,14,18.0,2026-05-04,8484.0,,0
CUST-100656,2025-05-13,Affiliate,Bengaluru,Female,30,0,Standard,Annual,Credit Card,Yes,2,632.0,1,1,12,28.0,2026-05-30,7584.0,,0
CUST-100657,2025-12-18,Paid Social,Mumbai,Female,69,1,Standard,Monthly,Credit Card,Yes,0,490.0,1,1,5,13.0,2026-05-14,2450.0,,0
CUST-100658,2025-03-01,Paid Search,Bengaluru,Female,27,0,Premium,Two-Year,Wallet,Yes,1,829.0,1,0,14,16.0,2026-05-19,11606.0,,0
CUST-100659,2024-07-07,Paid Social,Bengaluru,Female,54,0,Premium,Annual,Debit Card,Yes,1,852.0,1,1,3,28.0,2024-10-05,2556.0,2024-10-05,1
CUST-100660,2025-08-09,Paid Social,Pune,Male,49,0,Standard,Monthly,Net Banking,Yes,0,486.0,1,1,9,8.0,2026-05-15,4374.0,,0
CUST-100661,2025-11-22,Affiliate,Delhi,Male,22,0,Basic,Two-Year,Wallet,Yes,3,338.0,1,1,6,14.0,2026-05-06,2028.0,,0
CUST-100662,2024-09-14,Organic Search,Bengaluru,Female,58,0,Basic,Monthly,UPI,Yes,1,250.0,1,1,20,14.0,2026-05-24,5000.0,,0
CUST-100663,2025-02-18,Organic Search,Mumbai,Female,22,0,Standard,Monthly,Net Banking,Yes,1,571.0,1,1,15,7.0,2026-05-16,8565.0,,0
CUST-100664,2025-05-07,Paid Social,Bengaluru,Male,44,0,Basic,Monthly,Wallet,Yes,2,325.0,1,1,12,8.0,2026-05-02,3900.0,2026-05-02,1
CUST-100665,2025-08-21,Referral,Delhi,Male,60,1,Basic,Monthly,Credit Card,No,0,205.0,1,1,7,14.0,2026-03-19,1435.0,2026-03-19,1
CUST-100666,2025-06-06,Affiliate,Pune,Male,24,0,Basic,Two-Year,Debit Card,No,0,220.0,1,1,1,18.0,2025-07-06,220.0,2025-07-06,1
CUST-100667,2025-12-03,Email,Delhi,Female,36,0,Premium,Annual,UPI,No,2,910.0,1,0,5,18.0,2026-05-31,4550.0,,0
CUST-100668,2025-09-02,Paid Social,Chennai,Female,44,0,Basic,Annual,UPI,No,0,182.0,0,0,8,20.0,2026-05-12,1456.0,,0
CUST-100669,2025-11-03,Paid Social,Delhi,Female,66,1,Standard,Two-Year,UPI,No,1,566.0,1,1,6,16.0,2026-05-16,3396.0,,0
CUST-100670,2024-07-20,Organic Search,Mumbai,Male,37,0,Premium,Monthly,UPI,Yes,1,864.0,1,0,22,3.0,2026-05-15,19008.0,,0
CUST-100671,2026-04-02,Paid Search,Mumbai,Female,24,0,Standard,Monthly,Credit Card,Yes,3,660.0,1,1,1,27.0,2026-05-02,660.0,,0
CUST-100672,2025-04-10,Email,Ahmedabad,Male,24,0,Basic,Annual,Debit Card,No,3,376.0,1,0,13,22.0,2026-05-20,4888.0,,0
CUST-100673,2025-04-05,Referral,Bengaluru,Male,28,0,Premium,Monthly,UPI,Yes,3,987.0,1,1,13,28.0,2026-05-20,12831.0,,0
CUST-100674,2025-12-08,Paid Search,Chennai,Male,63,1,Standard,Annual,UPI,Yes,1,563.0,1,1,5,23.0,2026-05-12,2815.0,,0
CUST-100675,2025-03-30,Paid Social,Hyderabad,Male,58,0,Basic,Monthly,UPI,No,1,270.0,1,1,14,25.0,2026-05-03,3780.0,,0
CUST-100676,2025-12-24,Affiliate,Delhi,Female,39,0,Standard,Monthly,Wallet,No,2,609.0,1,0,5,11.0,2026-05-23,3045.0,,0
CUST-100677,2026-01-23,Paid Search,Mumbai,Male,62,1,Basic,Monthly,Net Banking,Yes,3,358.0,1,1,4,13.0,2026-05-30,1432.0,,0
CUST-100678,2025-07-01,Organic Search,Kolkata,Male,65,1,Standard,Monthly,UPI,Yes,3,665.0,1,1,10,22.0,2026-05-19,6650.0,,0
CUST-100679,2025-07-18,Paid Social,Ahmedabad,Female,63,1,Premium,Monthly,Net Banking,Yes,2,932.0,1,0,10,15.0,2026-05-25,9320.0,,0
CUST-100680,2026-02-26,Organic Search,Delhi,Male,18,0,Standard,Monthly,Net Banking,Yes,2,635.0,1,1,3,29.0,2026-05-18,1905.0,,0
CUST-100681,2025-11-27,Organic Search,Kolkata,Male,23,0,Premium,Monthly,Net Banking,No,2,916.0,1,1,3,22.0,2026-02-25,2748.0,2026-02-25,1
CUST-100682,2025-12-03,Organic Search,Delhi,Male,55,0,Basic,Annual,Net Banking,Yes,1,282.0,1,1,5,20.0,2026-05-23,1410.0,,0
CUST-100683,2025-10-23,Paid Social,Ahmedabad,Male,37,0,Premium,Monthly,Credit Card,Yes,0,797.0,1,1,3,5.0,2026-01-21,2391.0,2026-01-21,1
CUST-100684,2026-01-03,Paid Search,Mumbai,Male,26,0,Standard,Monthly,UPI,No,1,551.0,1,1,4,12.0,2026-05-20,2204.0,,0
CUST-100685,2025-12-14,Paid Social,Pune,Female,51,0,Basic,Monthly,Net Banking,Yes,3,358.0,1,1,5,9.0,2026-05-20,1790.0,,0
CUST-100686,2025-12-31,Paid Social,Mumbai,Male,36,0,Premium,Monthly,Net Banking,No,3,978.0,1,1,4,13.0,2026-04-30,3912.0,2026-04-30,1
CUST-100687,2025-03-23,Email,Pune,Male,65,1,Premium,Monthly,UPI,No,2,935.0,1,1,14,21.0,2026-05-25,13090.0,,0
CUST-100688,2025-11-14,Referral,Delhi,Female,47,0,Basic,Monthly,Credit Card,No,3,398.0,1,1,6,25.0,2026-05-15,2388.0,,0
CUST-100689,2025-06-11,Paid Search,Delhi,Male,30,0,Standard,Monthly,Credit Card,No,3,695.0,1,1,11,27.0,2026-05-28,7645.0,,0
CUST-100690,2026-02-15,Paid Social,Mumbai,Female,66,1,Basic,Two-Year,Credit Card,No,2,326.0,1,0,3,26.0,2026-05-06,978.0,,0
CUST-100691,2025-05-26,Affiliate,Chennai,Male,49,0,Basic,Monthly,Debit Card,Yes,3,403.0,0,0,12,24.0,2026-05-13,4836.0,,0
CUST-100692,2024-08-10,Organic Search,Delhi,Female,33,0,Basic,Monthly,UPI,Yes,0,184.0,1,1,21,12.0,2026-05-14,3864.0,,0
CUST-100693,2026-01-16,Paid Social,Hyderabad,Male,25,0,Standard,Annual,Credit Card,No,1,577.0,1,1,4,13.0,2026-05-24,2308.0,,0
CUST-100694,2025-06-03,Affiliate,Bengaluru,Female,46,0,Basic,Monthly,UPI,No,1,263.0,1,1,11,27.0,2026-05-28,2893.0,,0
CUST-100695,2024-07-01,Paid Search,Ahmedabad,Female,56,0,Basic,Monthly,UPI,Yes,3,382.0,1,0,22,20.0,2026-05-22,8404.0,,0
CUST-100696,2026-01-23,Referral,Bengaluru,Female,61,1,Premium,Monthly,Credit Card,No,1,838.0,1,1,3,15.0,2026-04-23,2514.0,2026-04-23,1
CUST-100697,2024-07-07,Paid Search,Bengaluru,Female,24,0,Standard,Annual,UPI,No,1,564.0,0,0,22,18.0,2026-05-30,12408.0,,0
CUST-100698,2024-08-19,Paid Search,Bengaluru,Male,40,0,Premium,Annual,Credit Card,Yes,1,876.0,1,0,21,9.0,2026-05-23,18396.0,,0
CUST-100699,2025-10-31,Paid Social,Chennai,Male,69,1,Basic,Monthly,UPI,Yes,3,347.0,1,0,7,19.0,2026-05-11,2429.0,,0
CUST-100700,2024-09-22,Organic Search,Jaipur,Female,52,0,Basic,Two-Year,Credit Card,No,2,331.0,1,1,20,11.0,2026-05-10,6620.0,,0
CUST-100701,2024-12-14,Paid Social,Chennai,Female,22,0,Standard,Monthly,UPI,No,0,465.0,0,0,17,18.0,2026-05-10,7905.0,,0
CUST-100702,2025-03-20,Organic Search,Pune,Male,65,1,Basic,Annual,UPI,No,0,178.0,0,0,14,14.0,2026-05-20,2492.0,,0
CUST-100703,2026-05-12,Affiliate,Bengaluru,Female,53,0,Standard,Monthly,Net Banking,No,1,558.0,1,1,0,12.0,2026-05-12,558.0,2026-05-12,1
CUST-100704,2025-07-17,Paid Social,Pune,Female,41,0,Premium,Two-Year,Debit Card,Yes,3,1003.0,1,0,10,10.0,2026-05-31,10030.0,,0
CUST-100705,2026-05-09,Paid Search,Mumbai,Female,58,0,Basic,Monthly,Credit Card,Yes,3,377.0,1,1,0,24.0,2026-05-09,377.0,2026-05-09,1
CUST-100706,2025-11-10,Referral,Chennai,Female,51,0,Standard,Monthly,Debit Card,Yes,0,506.0,1,0,6,32.0,2026-05-07,3036.0,,0
CUST-100707,2024-12-28,Referral,Kolkata,Female,31,0,Standard,Monthly,UPI,Yes,0,485.0,1,1,17,13.0,2026-05-29,8245.0,,0
CUST-100708,2025-07-14,Paid Social,Mumbai,Male,59,0,Basic,Two-Year,UPI,No,1,256.0,1,1,10,19.0,2026-05-19,2560.0,,0
CUST-100709,2025-01-31,Paid Social,Kolkata,Female,31,0,Standard,Monthly,UPI,Yes,3,678.0,0,0,16,31.0,2026-05-05,10848.0,,0
CUST-100710,2024-11-05,Email,Chennai,Male,29,0,Standard,Monthly,Net Banking,Yes,1,583.0,1,1,18,36.0,2026-05-07,10494.0,,0
CUST-100711,2025-06-25,Referral,Delhi,Male,48,0,Basic,Two-Year,Debit Card,No,0,188.0,1,1,11,9.0,2026-05-14,2068.0,,0
CUST-100712,2026-02-09,Affiliate,Kolkata,Female,18,0,Basic,Annual,Net Banking,No,2,309.0,1,0,3,29.0,2026-05-13,927.0,,0
CUST-100713,2025-12-28,Affiliate,Ahmedabad,Female,50,0,Standard,Annual,Wallet,Yes,2,635.0,0,0,5,0.0,2026-05-18,3175.0,,0
CUST-100714,2024-12-11,Referral,Ahmedabad,Male,46,0,Standard,Monthly,UPI,Yes,0,495.0,1,1,10,0.0,2025-10-07,4950.0,2025-10-07,1
CUST-100715,2024-12-06,Organic Search,Delhi,Female,55,0,Premium,Monthly,Wallet,Yes,2,921.0,1,1,17,8.0,2026-05-19,15657.0,,0
CUST-100716,2026-02-16,Paid Search,Bengaluru,Male,26,0,Standard,Two-Year,Debit Card,Yes,3,686.0,0,0,3,21.0,2026-05-29,2058.0,,0
CUST-100717,2025-09-04,Organic Search,Delhi,Male,48,0,Basic,Monthly,Credit Card,No,0,189.0,1,1,7,1.0,2026-04-02,1323.0,2026-04-02,1
CUST-100718,2025-05-27,Paid Search,Jaipur,Female,40,0,Premium,Annual,Credit Card,Yes,0,768.0,1,1,12,27.0,2026-05-06,9216.0,,0
CUST-100719,2026-01-21,Email,Mumbai,Female,27,0,Standard,Annual,Credit Card,Yes,3,695.0,1,1,4,24.0,2026-05-23,2780.0,,0
CUST-100720,2024-06-30,Paid Search,Mumbai,Male,41,0,Basic,Two-Year,UPI,No,1,261.0,0,0,23,23.0,2026-05-15,6003.0,,0
CUST-100721,2025-12-02,Paid Social,Pune,Male,66,1,Basic,Annual,UPI,Yes,0,180.0,1,1,5,14.0,2026-05-10,900.0,,0
CUST-100722,2025-05-16,Organic Search,Ahmedabad,Female,60,1,Basic,Monthly,UPI,No,0,211.0,1,1,12,12.0,2026-05-06,2532.0,,0
CUST-100723,2025-05-21,Email,Hyderabad,Male,26,0,Basic,Annual,UPI,Yes,3,409.0,1,1,0,23.0,2025-05-21,409.0,2025-05-21,1
CUST-100724,2025-09-20,Organic Search,Delhi,Female,62,1,Standard,Two-Year,UPI,Yes,3,697.0,1,1,8,37.0,2026-05-14,5576.0,,0
CUST-100725,2024-11-12,Organic Search,Surat,Male,47,0,Basic,Two-Year,UPI,Yes,3,410.0,1,1,18,25.0,2026-05-06,7380.0,2026-05-06,1
CUST-100726,2026-03-04,Organic Search,Hyderabad,Female,20,0,Premium,Monthly,Wallet,Yes,2,901.0,1,1,2,20.0,2026-05-30,1802.0,,0
CUST-100727,2024-08-01,Organic Search,Ahmedabad,Male,65,1,Standard,Monthly,UPI,Yes,2,623.0,1,1,21,14.0,2026-04-23,13083.0,2026-04-23,1
CUST-100728,2025-07-30,Paid Social,Ahmedabad,Male,45,0,Basic,Annual,Wallet,Yes,3,384.0,1,1,10,16.0,2026-05-15,3840.0,,0
CUST-100729,2025-05-13,Paid Search,Ahmedabad,Male,65,1,Premium,Annual,Credit Card,No,3,977.0,1,1,12,19.0,2026-05-18,11724.0,,0
CUST-100730,2026-05-24,Paid Social,Jaipur,Female,23,0,Standard,Monthly,UPI,Yes,0,494.0,0,0,0,17.0,2026-05-08,494.0,,0
CUST-100731,2025-09-18,Organic Search,Hyderabad,Female,26,0,Basic,Monthly,UPI,Yes,2,275.0,1,1,0,22.0,2025-09-18,275.0,2025-09-18,1
CUST-100732,2025-03-05,Organic Search,Delhi,Male,64,1,Basic,Monthly,UPI,Yes,3,404.0,1,1,9,8.0,2025-11-30,3636.0,2025-11-30,1
CUST-100733,2025-04-04,Paid Social,Mumbai,Male,30,0,Standard,Monthly,UPI,Yes,3,655.0,1,0,13,22.0,2026-05-18,8515.0,,0
CUST-100734,2024-11-27,Organic Search,Kolkata,Male,46,0,Standard,Monthly,UPI,Yes,0,513.0,1,1,18,22.0,2026-05-10,9234.0,,0
CUST-100735,2024-07-08,Referral,Mumbai,Female,49,0,Standard,Two-Year,Net Banking,Yes,3,679.0,1,1,22,28.0,2026-05-19,14938.0,,0
CUST-100736,2025-04-20,Organic Search,Hyderabad,Male,67,1,Premium,Annual,UPI,Yes,2,919.0,1,1,13,25.0,2026-05-23,11947.0,,0
CUST-100737,2024-06-16,Paid Social,Hyderabad,Female,35,0,Standard,Monthly,Credit Card,No,2,616.0,1,0,23,22.0,2026-05-12,14168.0,,0
CUST-100738,2025-09-23,Paid Social,Delhi,Male,57,0,Premium,Annual,Credit Card,Yes,3,982.0,1,1,8,26.0,2026-05-04,7856.0,,0
CUST-100739,2026-03-20,Paid Social,Bengaluru,Female,56,0,Standard,Monthly,Debit Card,No,3,689.0,1,0,2,8.0,2026-05-22,1378.0,,0
CUST-100740,2024-08-09,Organic Search,Mumbai,Female,54,0,Standard,Annual,Wallet,No,0,513.0,1,1,21,24.0,2026-05-13,10773.0,,0
CUST-100741,2026-05-10,Organic Search,Delhi,Male,45,0,Basic,Two-Year,Credit Card,Yes,1,257.0,1,1,0,31.0,2026-05-08,257.0,,0
CUST-100742,2024-08-05,Affiliate,Surat,Male,21,0,Standard,Monthly,UPI,Yes,1,541.0,1,1,21,27.0,2026-05-28,11361.0,,0
CUST-100743,2025-05-13,Organic Search,Hyderabad,Female,31,0,Basic,Two-Year,Wallet,Yes,1,240.0,1,1,12,21.0,2026-05-31,2880.0,,0
CUST-100744,2025-08-30,Paid Search,Chennai,Male,47,0,Standard,Monthly,Wallet,Yes,1,,1,0,9,14.0,2026-05-16,5175.0,,0
CUST-100745,2025-09-11,Paid Social,Bengaluru,Female,39,0,Basic,Annual,Net Banking,Yes,3,375.0,1,1,8,19.0,2026-05-04,3000.0,,0
CUST-100746,2025-03-07,Paid Social,Mumbai,Female,27,0,Standard,Two-Year,Net Banking,Yes,3,664.0,1,1,14,10.0,2026-05-19,9296.0,,0
CUST-100747,2024-07-03,Paid Social,Hyderabad,Male,53,0,Basic,Annual,Credit Card,Yes,2,308.0,0,0,22,28.0,2026-05-26,6776.0,,0
CUST-100748,2025-12-23,Referral,Bengaluru,Female,41,0,Standard,Monthly,Credit Card,Yes,2,618.0,1,0,5,8.0,2026-05-07,3090.0,,0
CUST-100749,2025-05-04,Affiliate,Mumbai,Male,58,0,Basic,Monthly,UPI,Yes,0,180.0,1,0,12,12.0,2026-05-07,2160.0,,0
CUST-100750,2024-12-10,Organic Search,Delhi,Female,46,0,Premium,Monthly,Debit Card,Yes,1,859.0,1,1,17,16.0,2026-05-04,14603.0,,0
CUST-100751,2025-04-25,Paid Social,Pune,Male,37,0,Basic,Monthly,Net Banking,Yes,1,278.0,0,0,13,25.0,2026-05-07,3614.0,,0
CUST-100752,2025-04-12,Organic Search,Hyderabad,Male,23,0,Standard,Monthly,UPI,No,0,497.0,1,1,0,20.0,2025-04-12,497.0,2025-04-12,1
CUST-100753,2025-08-09,Paid Social,Mumbai,Male,23,0,Standard,Monthly,Credit Card,Yes,2,592.0,1,0,9,13.0,2026-05-25,5328.0,,0
CUST-100754,2025-06-11,Referral,Kolkata,Male,44,0,Basic,Annual,Debit Card,No,2,332.0,1,0,11,20.0,2026-05-20,3652.0,,0
CUST-100755,2025-08-12,Organic Search,Delhi,Male,36,0,Premium,Monthly,UPI,No,0,816.0,0,0,9,10.0,2026-05-10,7344.0,,0
CUST-100756,2026-04-18,Paid Social,Mumbai,Male,55,0,Premium,Monthly,Debit Card,Yes,1,876.0,0,0,1,19.0,2026-05-11,876.0,,0
CUST-100757,2026-04-04,Email,Mumbai,Female,50,0,Standard,Annual,Debit Card,Yes,2,620.0,0,0,1,14.0,2026-05-15,620.0,,0
CUST-100758,2024-06-06,Organic Search,Chennai,Male,32,0,Premium,Monthly,UPI,Yes,1,894.0,1,1,9,21.0,2025-03-03,8046.0,2025-03-03,1
CUST-100759,2025-09-13,Paid Social,Delhi,Male,57,0,Basic,Annual,UPI,Yes,0,210.0,1,1,8,15.0,2026-05-17,1680.0,,0
CUST-100760,2024-11-06,Referral,Bengaluru,Male,47,0,Premium,Annual,UPI,Yes,0,844.0,1,1,18,35.0,2026-05-04,15192.0,,0
CUST-100761,2024-07-20,Organic Search,Mumbai,Male,63,1,Premium,Monthly,UPI,Yes,0,819.0,1,0,22,8.0,2026-05-07,18018.0,,0
CUST-100762,2024-08-07,Organic Search,Hyderabad,Male,67,1,Standard,Monthly,Credit Card,No,3,697.0,1,0,21,29.0,2026-05-29,14637.0,,0
CUST-100763,2025-09-09,Organic Search,Chennai,Male,68,1,Premium,Annual,Debit Card,Yes,3,970.0,1,1,1,20.0,2025-10-09,970.0,2025-10-09,1
CUST-100764,2026-05-24,Affiliate,Delhi,Female,24,0,Standard,Monthly,UPI,No,2,605.0,1,1,0,17.0,2026-05-12,605.0,,0
CUST-100765,2025-12-22,Organic Search,Jaipur,Female,45,0,Standard,Monthly,Debit Card,No,1,561.0,1,1,5,26.0,2026-05-10,2805.0,,0
CUST-100766,2024-09-05,Organic Search,Ahmedabad,Female,19,0,Standard,Annual,UPI,Yes,0,496.0,1,1,20,21.0,2026-05-17,9920.0,,0
CUST-100767,2024-11-01,Organic Search,Mumbai,Male,63,1,Basic,Annual,Net Banking,No,3,371.0,1,0,18,22.0,2026-05-02,6678.0,,0
CUST-100768,2026-01-22,Organic Search,Pune,Female,54,0,Standard,Monthly,UPI,Yes,1,557.0,1,1,4,16.0,2026-05-22,2228.0,,0
CUST-100769,2025-08-17,Paid Search,Hyderabad,Female,31,0,Basic,Monthly,Debit Card,No,2,316.0,1,1,9,30.0,2026-05-14,2844.0,,0
CUST-100770,2025-06-15,Organic Search,Mumbai,Female,49,0,Standard,Annual,UPI,No,3,669.0,1,0,11,21.0,2026-05-31,7359.0,,0
CUST-100771,2024-10-12,Paid Search,Bengaluru,Male,47,0,Standard,Monthly,Net Banking,Yes,3,689.0,1,1,19,20.0,2026-05-22,13091.0,,0
CUST-100772,2025-12-23,Paid Search,Delhi,Male,46,0,Basic,Annual,Credit Card,Yes,2,308.0,1,0,5,16.0,2026-05-02,1540.0,,0
CUST-100773,2026-01-29,Affiliate,Bengaluru,Male,46,0,Basic,Monthly,Wallet,Yes,2,318.0,0,0,4,31.0,2026-05-12,1272.0,,0
CUST-100774,2025-01-06,Organic Search,Pune,Male,69,1,Basic,Monthly,Credit Card,Yes,2,301.0,1,0,16,11.0,2026-05-11,4816.0,,0
CUST-100775,2026-05-29,Affiliate,Surat,Female,57,0,Standard,Monthly,Net Banking,Yes,1,561.0,0,0,0,18.0,2026-05-31,561.0,,0
CUST-100776,2025-05-13,Paid Search,Bengaluru,Male,38,0,Basic,Annual,Credit Card,No,0,202.0,1,1,2,19.0,2025-07-12,404.0,2025-07-12,1
CUST-100777,2024-06-29,Organic Search,Pune,Male,58,0,Basic,Monthly,UPI,Yes,0,185.0,1,1,23,9.0,2026-05-29,4255.0,,0
CUST-100778,2026-05-14,Referral,Bengaluru,Male,25,0,Basic,Two-Year,Debit Card,Yes,3,380.0,1,1,0,22.0,2026-05-15,380.0,,0
CUST-100779,2024-10-20,Affiliate,Delhi,Male,32,0,Basic,Annual,UPI,Yes,3,378.0,1,0,19,20.0,2026-05-28,7182.0,,0
CUST-100780,2024-08-09,Organic Search,Mumbai,Male,24,0,Basic,Annual,Net Banking,No,1,252.0,1,1,21,16.0,2026-05-20,5292.0,,0
CUST-100781,2025-04-27,Affiliate,Surat,Male,64,1,Basic,Annual,UPI,Yes,2,312.0,1,1,13,22.0,2026-05-20,4056.0,,0
CUST-100782,2025-08-27,Paid Social,Mumbai,Female,19,0,Standard,Monthly,Debit Card,Yes,0,506.0,0,0,9,15.0,2026-05-28,4554.0,,0
CUST-100783,2025-09-02,Paid Search,Chennai,Male,64,1,Standard,Monthly,Credit Card,No,0,499.0,1,1,5,13.0,2026-01-30,2495.0,2026-01-30,1
CUST-100784,2026-04-30,Email,Mumbai,Female,61,1,Premium,Monthly,Credit Card,Yes,3,993.0,1,1,1,36.0,2026-05-03,993.0,,0
CUST-100785,2025-05-04,Paid Social,Chennai,Female,67,1,Basic,Monthly,Debit Card,Yes,3,363.0,1,1,2,15.0,2025-07-03,726.0,2025-07-03,1
CUST-100786,2024-09-01,Affiliate,Mumbai,Female,57,0,Basic,Monthly,Debit Card,Yes,2,316.0,1,1,20,23.0,2026-05-04,6320.0,,0
CUST-100787,2025-04-27,Paid Social,Surat,Female,41,0,Basic,Annual,Debit Card,No,1,250.0,1,1,13,20.0,2026-05-05,3250.0,,0
CUST-100788,2026-02-03,Referral,Hyderabad,Male,60,1,Standard,Annual,Debit Card,No,2,620.0,1,0,3,24.0,2026-05-17,1860.0,,0
CUST-100789,2024-06-09,Paid Search,Ahmedabad,Female,69,1,Basic,Monthly,Credit Card,No,0,203.0,1,0,23,17.0,2026-05-28,4669.0,,0
CUST-100790,2024-12-19,Organic Search,Hyderabad,Female,64,1,Basic,Monthly,Net Banking,No,1,241.0,1,1,9,12.0,2025-09-15,2169.0,2025-09-15,1
CUST-100791,2025-10-07,Paid Social,Pune,Male,58,0,Standard,Annual,UPI,Yes,1,568.0,1,1,7,23.0,2026-05-05,3976.0,,0
CUST-100792,2024-10-25,Paid Social,Delhi,Male,57,0,Basic,Annual,UPI,No,2,351.0,0,0,19,19.0,2026-05-04,6669.0,,0
CUST-100793,2025-05-21,Organic Search,Mumbai,Female,51,0,Standard,Two-Year,Debit Card,No,3,682.0,1,1,12,30.0,2026-05-24,8184.0,,0
CUST-100794,2024-09-30,Organic Search,Hyderabad,Male,64,1,Standard,Monthly,Credit Card,No,0,486.0,1,1,14,21.0,2025-11-24,6804.0,2025-11-24,1
CUST-100795,2024-09-01,Paid Social,Hyderabad,Female,40,0,Premium,Monthly,Wallet,No,1,855.0,1,1,20,20.0,2026-05-10,17100.0,,0
CUST-100796,2025-11-19,Organic Search,Delhi,Male,44,0,Basic,Two-Year,Wallet,Yes,3,374.0,1,1,6,29.0,2026-05-22,2244.0,,0
CUST-100797,2025-12-20,Organic Search,Kolkata,Male,61,1,Basic,Monthly,Net Banking,Yes,3,369.0,1,1,5,18.0,2026-05-06,1845.0,,0
CUST-100798,2024-06-27,Referral,Mumbai,Female,31,0,Standard,Annual,Credit Card,No,3,690.0,1,1,23,24.0,2026-05-02,15870.0,,0
CUST-100799,2025-06-26,Referral,Ahmedabad,Female,57,0,Basic,Monthly,Debit Card,Yes,1,232.0,1,1,11,27.0,2026-05-21,2552.0,,0
CUST-100800,2025-04-03,Referral,Pune,Female,23,0,Basic,Monthly,UPI,Yes,3,383.0,1,1,3,25.0,2025-07-02,1149.0,2025-07-02,1
CUST-100801,2025-02-24,Paid Social,Ahmedabad,Female,48,0,Standard,Annual,UPI,No,0,518.0,0,0,15,10.0,2026-05-15,7770.0,,0
CUST-100802,2025-10-22,Affiliate,Mumbai,Female,19,0,Basic,Annual,Net Banking,No,3,397.0,0,0,7,16.0,2026-05-13,2779.0,,0
CUST-100803,2025-09-08,Paid Search,Bengaluru,Male,69,1,Basic,Monthly,Net Banking,Yes,0,214.0,1,1,8,22.0,2026-05-20,1712.0,,0
CUST-100804,2024-09-10,Organic Search,Mumbai,Female,61,1,Standard,Annual,UPI,Yes,2,609.0,1,1,20,18.0,2026-05-02,12180.0,,0
CUST-100805,2026-05-10,Organic Search,Mumbai,Male,30,0,Premium,Two-Year,Net Banking,Yes,3,1001.0,1,1,0,23.0,2026-05-09,1001.0,,0
CUST-100806,2024-11-11,Referral,Hyderabad,Male,25,0,Basic,Annual,Net Banking,Yes,2,324.0,1,1,18,32.0,2026-05-19,5832.0,,0
CUST-100807,2025-07-05,Organic Search,Bengaluru,Female,51,0,Standard,Two-Year,UPI,Yes,0,520.0,1,1,10,12.0,2026-05-30,5200.0,,0
CUST-100808,2024-09-20,Paid Search,Chennai,Male,64,1,Premium,Two-Year,UPI,Yes,3,995.0,1,1,20,32.0,2026-05-24,19900.0,,0
CUST-100809,2025-08-13,Email,Pune,Female,34,0,Basic,Annual,Net Banking,No,3,384.0,1,1,9,16.0,2026-05-08,3456.0,,0
CUST-100810,2024-06-20,Organic Search,Bengaluru,Male,67,1,Standard,Annual,UPI,Yes,1,555.0,0,0,23,28.0,2026-05-31,12765.0,,0
CUST-100811,2024-12-14,Organic Search,Mumbai,Male,41,0,Basic,Annual,UPI,Yes,1,294.0,1,1,5,20.0,2025-05-13,1470.0,2025-05-13,1
CUST-100812,2025-04-29,Email,Chennai,Male,40,0,Premium,Two-Year,Credit Card,No,2,892.0,1,1,13,9.0,2026-05-27,11596.0,,0
CUST-100813,2024-08-11,Paid Search,Mumbai,Female,35,0,Basic,Annual,Net Banking,Yes,3,376.0,1,0,21,15.0,2026-05-18,7896.0,,0
CUST-100814,2025-05-29,Organic Search,Mumbai,Female,32,0,Basic,Monthly,Net Banking,No,3,358.0,1,0,12,14.0,2026-05-31,4296.0,,0
CUST-100815,2025-07-29,Affiliate,Chennai,Male,35,0,Premium,Monthly,Debit Card,Yes,0,801.0,1,1,10,17.0,2026-05-25,8010.0,,0
CUST-100816,2026-04-21,Affiliate,Hyderabad,Male,26,0,Standard,Annual,Net Banking,Yes,0,504.0,1,1,1,25.0,2026-05-02,504.0,,0
CUST-100817,2025-03-01,Paid Search,Pune,Male,37,0,Basic,Two-Year,Debit Card,Yes,2,309.0,1,1,14,25.0,2026-05-03,4326.0,,0
CUST-100818,2025-11-13,Paid Search,Ahmedabad,Male,33,0,Standard,Monthly,Debit Card,Yes,3,670.0,1,0,6,16.0,2026-05-25,4020.0,,0
CUST-100819,2024-12-10,Paid Social,Ahmedabad,Female,20,0,Premium,Two-Year,UPI,Yes,0,779.0,0,0,17,27.0,2026-05-19,13243.0,,0
CUST-100820,2026-05-09,Organic Search,Bengaluru,Female,36,0,Standard,Monthly,Credit Card,No,2,626.0,1,1,0,17.0,2026-05-09,626.0,2026-05-09,1
CUST-100821,2026-05-05,Paid Search,Hyderabad,Male,20,0,Basic,Monthly,Credit Card,No,1,252.0,0,0,0,9.0,2026-05-05,252.0,,0
CUST-100822,2025-12-04,Paid Social,Bengaluru,Male,27,0,Basic,Two-Year,UPI,No,1,265.0,0,0,5,16.0,2026-05-29,1325.0,,0
CUST-100823,2024-11-03,Paid Search,Ahmedabad,Female,55,0,Premium,Two-Year,Credit Card,No,3,971.0,1,1,18,23.0,2026-05-16,17478.0,,0
CUST-100824,2026-05-15,Affiliate,Mumbai,Male,19,0,Basic,Annual,UPI,Yes,1,263.0,0,0,0,13.0,2026-05-06,263.0,,0
CUST-100825,2025-03-19,Organic Search,Pune,Male,34,0,Basic,Two-Year,UPI,No,0,210.0,1,1,14,24.0,2026-05-27,2940.0,,0
CUST-100826,2024-11-28,Paid Search,Hyderabad,Female,53,0,Basic,Annual,Credit Card,No,3,386.0,1,1,18,21.0,2026-05-03,6948.0,,0
CUST-100827,2025-03-21,Organic Search,Ahmedabad,Male,19,0,Basic,Two-Year,UPI,Yes,3,382.0,0,0,14,17.0,2026-05-16,5348.0,,0
CUST-100828,2024-10-01,Affiliate,Ahmedabad,Male,56,0,Standard,Two-Year,UPI,No,3,677.0,1,1,19,28.0,2026-05-31,12863.0,,0
CUST-100829,2025-02-17,Organic Search,Mumbai,Male,22,0,Basic,Monthly,Net Banking,Yes,2,326.0,1,1,15,22.0,2026-05-26,4890.0,,0
CUST-100830,2025-03-13,Paid Search,Ahmedabad,Female,20,0,Basic,Monthly,Net Banking,No,1,250.0,1,0,14,22.0,2026-05-04,3500.0,,0
CUST-100831,2026-05-28,Paid Search,Bengaluru,Male,28,0,Basic,Monthly,Debit Card,No,2,316.0,1,1,0,24.0,2026-05-29,316.0,,0
CUST-100832,2025-05-25,Paid Social,Ahmedabad,Female,62,1,Basic,Monthly,UPI,No,3,384.0,1,1,12,17.0,2026-05-09,4608.0,,0
CUST-100833,2025-11-23,Referral,Pune,Male,20,0,Basic,Monthly,Debit Card,No,1,282.0,1,1,6,18.0,2026-05-22,1692.0,,0
CUST-100834,2026-01-23,Referral,Chennai,Male,23,0,Basic,Monthly,Debit Card,No,2,310.0,1,0,4,3.0,2026-05-26,1240.0,,0
CUST-100835,2026-04-20,Paid Search,Surat,Female,67,1,Standard,Monthly,UPI,Yes,3,666.0,1,1,1,22.0,2026-05-17,666.0,,0
CUST-100836,2025-06-30,Referral,Jaipur,Male,49,0,Basic,Annual,UPI,Yes,2,323.0,1,1,11,23.0,2026-05-09,3553.0,,0
CUST-100837,2025-08-01,Email,Mumbai,Male,47,0,Basic,Monthly,Credit Card,No,3,397.0,1,0,9,18.0,2026-05-12,3573.0,,0
CUST-100838,2026-04-26,Paid Social,Ahmedabad,Male,20,0,Standard,Monthly,Credit Card,Yes,0,511.0,1,1,1,7.0,2026-05-22,511.0,,0
CUST-100839,2025-10-10,Paid Search,Delhi,Female,38,0,Standard,Monthly,UPI,Yes,3,679.0,1,1,6,29.0,2026-04-08,4074.0,2026-04-08,1
CUST-100840,2024-12-28,Organic Search,Hyderabad,Male,47,0,Standard,Monthly,UPI,Yes,3,697.0,1,1,17,14.0,2026-05-21,11849.0,,0
CUST-100841,2025-08-08,Referral,Ahmedabad,Female,45,0,Premium,Annual,Credit Card,Yes,0,772.0,1,1,9,28.0,2026-05-17,6948.0,,0
CUST-100842,2025-07-28,Paid Search,Delhi,Male,45,0,Basic,Two-Year,Credit Card,Yes,1,274.0,1,0,10,9.0,2026-05-23,2740.0,,0
CUST-100843,2025-08-02,Paid Social,Delhi,Male,23,0,Basic,Annual,Credit Card,No,1,254.0,1,1,9,16.0,2026-05-13,2286.0,,0
CUST-100844,2025-09-19,Organic Search,Mumbai,Male,69,1,Basic,Annual,Wallet,No,2,328.0,1,0,8,3.0,2026-05-18,2624.0,,0
CUST-100845,2025-04-11,Affiliate,Hyderabad,Male,54,0,Basic,Two-Year,UPI,Yes,3,394.0,1,0,13,18.0,2026-05-29,5122.0,,0
CUST-100846,2024-09-22,Paid Social,Pune,Female,30,0,Premium,Annual,Net Banking,No,0,802.0,0,0,20,18.0,2026-05-18,16040.0,,0
CUST-100847,2025-02-21,Referral,Bengaluru,Male,68,1,Standard,Monthly,UPI,Yes,2,620.0,1,1,15,23.0,2026-05-27,9300.0,,0
CUST-100848,2025-12-25,Organic Search,Jaipur,Female,33,0,Standard,Monthly,Debit Card,Yes,0,493.0,0,0,5,12.0,2026-05-07,2465.0,,0
CUST-100849,2026-05-30,Email,Ahmedabad,Male,24,0,Premium,Annual,Debit Card,No,1,884.0,1,0,0,15.0,2026-05-18,884.0,,0
CUST-100850,2025-09-10,Organic Search,Mumbai,Male,64,1,Premium,Annual,Debit Card,No,2,924.0,1,1,1,37.0,2025-10-10,924.0,2025-10-10,1
CUST-100851,2025-12-20,Organic Search,Delhi,Male,25,0,Basic,Annual,Debit Card,Yes,1,262.0,1,1,5,19.0,2026-05-28,1310.0,,0
CUST-100852,2024-10-18,Affiliate,Pune,Female,21,0,Premium,Monthly,Debit Card,No,0,822.0,1,1,19,37.0,2026-05-24,15618.0,,0
CUST-100853,2025-12-24,Affiliate,Pune,Male,50,0,Basic,Two-Year,Debit Card,No,1,251.0,1,1,5,30.0,2026-05-29,1255.0,,0
CUST-100854,2025-03-29,Organic Search,Ahmedabad,Female,31,0,Basic,Monthly,UPI,Yes,1,255.0,0,0,14,12.0,2026-05-27,3570.0,,0
CUST-100855,2025-10-26,Paid Social,Jaipur,Female,25,0,Standard,Two-Year,UPI,Yes,2,633.0,1,1,7,18.0,2026-05-16,4431.0,,0
CUST-100856,2025-09-11,Referral,Delhi,Female,23,0,Premium,Monthly,Net Banking,No,1,886.0,1,1,8,27.0,2026-05-29,7088.0,,0
CUST-100857,2025-12-07,Affiliate,Delhi,Male,24,0,Standard,Monthly,Credit Card,Yes,1,560.0,1,1,5,7.0,2026-05-14,2800.0,,0
CUST-100858,2025-11-17,Paid Social,Pune,Female,67,1,Basic,Monthly,UPI,No,3,385.0,1,0,6,27.0,2026-05-04,2310.0,,0
CUST-100859,2025-09-15,Paid Search,Jaipur,Male,52,0,Premium,Monthly,Wallet,Yes,1,835.0,1,1,8,17.0,2026-05-13,6680.0,2026-05-13,1
CUST-100860,2025-04-01,Referral,Pune,Male,61,1,Standard,Monthly,Wallet,Yes,2,638.0,1,1,13,3.0,2026-05-23,8294.0,,0
CUST-100861,2026-01-15,Referral,Jaipur,Male,50,0,Standard,Two-Year,Credit Card,Yes,1,543.0,1,0,4,11.0,2026-05-30,2172.0,,0
CUST-100862,2025-11-09,Referral,Mumbai,Female,46,0,Basic,Monthly,Credit Card,Yes,2,311.0,1,1,6,20.0,2026-05-25,1866.0,,0
CUST-100863,2024-09-09,Paid Search,Pune,Male,29,0,Basic,Monthly,UPI,Yes,1,262.0,1,1,20,15.0,2026-05-07,5240.0,,0
CUST-100864,2024-12-08,Organic Search,Chennai,Female,68,1,Basic,Monthly,Credit Card,No,2,309.0,1,0,17,12.0,2026-05-06,5253.0,,0
CUST-100865,2024-12-14,Affiliate,Bengaluru,Female,60,1,Premium,Annual,Wallet,No,0,770.0,1,1,17,6.0,2026-05-17,13090.0,,0
CUST-100866,2025-01-09,Affiliate,Delhi,Male,45,0,Premium,Monthly,UPI,Yes,3,960.0,1,0,16,22.0,2026-05-25,15360.0,,0
CUST-100867,2025-10-26,Referral,Surat,Male,23,0,Basic,Monthly,UPI,No,0,200.0,1,1,7,27.0,2026-05-20,1400.0,,0
CUST-100868,2024-06-09,Organic Search,Mumbai,Female,57,0,Basic,Two-Year,Net Banking,Yes,0,221.0,1,1,23,28.0,2026-05-12,5083.0,,0
CUST-100869,2024-12-08,Organic Search,Delhi,Male,35,0,Basic,Monthly,UPI,Yes,2,340.0,1,0,17,29.0,2026-05-22,5780.0,,0
CUST-100870,2025-05-22,Referral,Kolkata,Male,28,0,Standard,Two-Year,Wallet,Yes,1,565.0,1,0,12,18.0,2026-05-10,6780.0,,0
CUST-100871,2024-10-08,Organic Search,Kolkata,Male,56,0,Standard,Monthly,UPI,Yes,3,681.0,1,1,19,31.0,2026-05-09,12939.0,,0
CUST-100872,2024-10-16,Email,Surat,Female,61,1,Standard,Annual,UPI,Yes,2,631.0,1,1,19,11.0,2026-05-14,11989.0,,0
CUST-100873,2025-04-11,Paid Social,Kolkata,Male,49,0,Basic,Annual,Wallet,No,0,219.0,1,1,13,20.0,2026-05-16,2847.0,,0
CUST-100874,2025-08-13,Referral,Ahmedabad,Male,21,0,Basic,Monthly,UPI,No,3,381.0,1,1,9,33.0,2026-05-20,3429.0,,0
CUST-100875,2025-01-30,Affiliate,Jaipur,Male,49,0,Premium,Annual,Debit Card,Yes,3,981.0,1,1,16,29.0,2026-05-17,15696.0,,0
CUST-100876,2026-05-05,Paid Social,Delhi,Male,65,1,Standard,Monthly,UPI,Yes,1,562.0,1,1,0,4.0,2026-05-05,562.0,2026-05-05,1
CUST-100877,2025-04-02,Paid Social,Pune,Female,53,0,Basic,Monthly,Debit Card,No,2,334.0,1,1,13,12.0,2026-04-27,4342.0,2026-04-27,1
CUST-100878,2026-05-30,Paid Search,Delhi,Male,31,0,Basic,Two-Year,UPI,No,1,238.0,1,0,0,14.0,2026-05-07,238.0,,0
CUST-100879,2025-07-16,Paid Search,Chennai,Female,51,0,Basic,Two-Year,Net Banking,Yes,3,379.0,1,0,10,16.0,2026-05-27,3790.0,,0
CUST-100880,2025-02-28,Paid Social,Bengaluru,Female,30,0,Basic,Monthly,Wallet,No,3,385.0,1,1,5,17.0,2025-07-28,1925.0,2025-07-28,1
CUST-100881,2024-08-23,Paid Search,Chennai,Male,63,1,Basic,Annual,UPI,No,1,231.0,1,0,21,18.0,2026-05-18,4851.0,,0
CUST-100882,2025-11-17,Email,Mumbai,Female,61,1,Standard,Monthly,UPI,Yes,3,693.0,1,1,6,20.0,2026-05-21,4158.0,,0
CUST-100883,2025-06-28,Paid Social,Mumbai,Female,47,0,Basic,Monthly,Debit Card,Yes,2,335.0,1,0,11,11.0,2026-05-29,3685.0,,0
CUST-100884,2026-05-02,Organic Search,Bengaluru,Female,25,0,Basic,Monthly,Wallet,No,0,170.0,1,1,0,22.0,2026-05-02,170.0,2026-05-02,1
CUST-100885,2026-05-07,Paid Social,Ahmedabad,Female,38,0,Standard,Annual,UPI,Yes,2,613.0,0,0,0,18.0,2026-05-30,613.0,,0
CUST-100886,2025-06-17,Paid Social,Hyderabad,Male,24,0,Basic,Annual,Wallet,Yes,1,253.0,0,0,11,8.0,2026-05-31,2783.0,,0
CUST-100887,2024-11-27,Organic Search,Delhi,Female,57,0,Standard,Monthly,Net Banking,No,3,666.0,1,1,18,19.0,2026-05-11,11988.0,,0
CUST-100888,2025-01-30,Organic Search,Bengaluru,Male,53,0,Premium,Two-Year,Debit Card,No,0,788.0,1,0,16,13.0,2026-05-04,12608.0,,0
CUST-100889,2024-07-22,Referral,Ahmedabad,Female,31,0,Basic,Annual,UPI,No,0,191.0,1,1,22,4.0,2026-05-29,4202.0,,0
CUST-100890,2024-09-22,Paid Social,Mumbai,Male,62,1,Standard,Monthly,Credit Card,No,0,508.0,1,0,20,9.0,2026-05-07,10160.0,,0
CUST-100891,2025-03-29,Email,Pune,Female,57,0,Basic,Monthly,Debit Card,Yes,0,218.0,1,1,14,25.0,2026-05-23,3052.0,,0
CUST-100892,2024-10-07,Organic Search,Delhi,Female,66,1,Basic,Annual,Debit Card,No,1,267.0,1,1,19,18.0,2026-05-05,5073.0,,0
CUST-100893,2026-02-15,Organic Search,Mumbai,Female,32,0,Basic,Monthly,UPI,No,3,365.0,1,1,2,20.0,2026-04-16,730.0,2026-04-16,1
CUST-100894,2026-02-13,Referral,Mumbai,Male,27,0,Standard,Monthly,Credit Card,No,1,571.0,1,1,3,22.0,2026-05-30,1713.0,,0
CUST-100895,2024-10-06,Affiliate,Mumbai,Female,42,0,Basic,Monthly,Net Banking,Yes,0,208.0,1,1,19,12.0,2026-05-24,3952.0,,0
CUST-100896,2024-12-06,Paid Social,Pune,Female,31,0,Standard,Monthly,Credit Card,No,3,635.0,1,0,17,13.0,2026-05-19,10795.0,,0
CUST-100897,2026-01-25,Organic Search,Mumbai,Female,56,0,Basic,Monthly,Credit Card,No,3,398.0,0,0,4,27.0,2026-05-23,1592.0,,0
CUST-100898,2024-12-15,Organic Search,Delhi,Female,40,0,Standard,Annual,UPI,Yes,3,681.0,1,1,17,23.0,2026-05-02,11577.0,,0
CUST-100899,2024-12-07,Paid Search,Hyderabad,Female,50,0,Basic,Annual,UPI,Yes,0,202.0,1,1,17,5.0,2026-05-14,3434.0,,0
CUST-100900,2025-11-27,Paid Social,Bengaluru,Female,26,0,Basic,Two-Year,UPI,Yes,0,173.0,1,1,6,20.0,2026-05-20,1038.0,,0
CUST-100901,2025-03-20,Organic Search,Pune,Male,22,0,Standard,Annual,Credit Card,Yes,0,523.0,1,1,14,19.0,2026-05-05,7322.0,,0
CUST-100902,2026-02-01,Organic Search,Mumbai,Male,66,1,Basic,Monthly,Debit Card,Yes,2,324.0,1,1,3,7.0,2026-05-02,972.0,,0
CUST-100903,2025-06-21,Paid Social,Jaipur,Female,41,0,Basic,Monthly,Debit Card,Yes,1,271.0,1,1,3,0.0,2025-09-19,813.0,2025-09-19,1
CUST-100904,2024-10-30,Email,Delhi,Female,25,0,Standard,Monthly,UPI,Yes,0,479.0,1,0,19,12.0,2026-05-05,9101.0,,0
CUST-100905,2024-09-20,Paid Search,Mumbai,Male,60,1,Standard,Two-Year,UPI,Yes,2,627.0,1,1,20,40.0,2026-05-09,12540.0,,0
CUST-100906,2025-10-16,Paid Search,Kolkata,Male,24,0,Standard,Monthly,Net Banking,Yes,2,627.0,1,1,7,37.0,2026-05-22,4389.0,,0
CUST-100907,2025-04-23,Organic Search,Pune,Male,69,1,Basic,Monthly,UPI,No,2,317.0,1,0,13,30.0,2026-05-09,4121.0,,0
CUST-100908,2025-04-22,Organic Search,Pune,Female,38,0,Basic,Annual,Wallet,No,0,180.0,1,0,13,11.0,2026-05-06,2340.0,,0
CUST-100909,2025-10-09,Paid Social,Kolkata,Female,42,0,Basic,Monthly,Debit Card,No,3,378.0,1,1,2,15.0,2025-12-08,756.0,2025-12-08,1
CUST-100910,2024-12-19,Referral,Ahmedabad,Female,31,0,Basic,Two-Year,Wallet,Yes,1,245.0,1,0,17,10.0,2026-05-18,4165.0,,0
CUST-100911,2026-05-30,Affiliate,Chennai,Male,22,0,Basic,Monthly,Debit Card,No,2,309.0,1,0,0,9.0,2026-05-20,309.0,,0
CUST-100912,2025-06-15,Affiliate,Pune,Male,39,0,Basic,Monthly,Wallet,No,0,216.0,1,1,10,19.0,2026-04-11,2160.0,2026-04-11,1
CUST-100913,2026-02-17,Email,Delhi,Female,37,0,Basic,Two-Year,Debit Card,No,2,320.0,1,1,3,33.0,2026-05-07,960.0,,0
CUST-100914,2025-12-19,Email,Mumbai,Male,41,0,Standard,Monthly,UPI,No,3,678.0,1,1,4,21.0,2026-04-18,2712.0,2026-04-18,1
CUST-100915,2025-08-18,Email,Ahmedabad,Male,43,0,Basic,Monthly,Net Banking,Yes,2,301.0,1,1,3,17.0,2025-11-16,903.0,2025-11-16,1
CUST-100916,2024-08-12,Organic Search,Jaipur,Male,50,0,Basic,Annual,UPI,Yes,1,258.0,1,1,21,13.0,2026-05-26,5418.0,,0
CUST-100917,2025-11-19,Organic Search,Mumbai,Female,21,0,Basic,Annual,Credit Card,No,1,257.0,1,1,6,18.0,2026-05-03,1542.0,,0
CUST-100918,2024-07-22,Paid Social,Mumbai,Male,36,0,Basic,Monthly,UPI,Yes,1,244.0,1,1,22,13.0,2026-05-27,5368.0,,0
CUST-100919,2025-11-20,Paid Search,Hyderabad,Male,62,1,Standard,Monthly,Net Banking,Yes,2,635.0,1,1,5,10.0,2026-04-19,3175.0,2026-04-19,1
CUST-100920,2026-03-27,Organic Search,Hyderabad,Male,67,1,Basic,Monthly,Debit Card,Yes,2,335.0,0,0,2,20.0,2026-05-10,670.0,,0
CUST-100921,2025-06-24,Affiliate,Mumbai,Female,46,0,Basic,Monthly,Net Banking,Yes,3,367.0,1,0,11,15.0,2026-05-14,4037.0,,0
CUST-100922,2026-05-04,Paid Search,Chennai,Male,37,0,Premium,Monthly,UPI,No,0,805.0,1,1,0,8.0,2026-05-04,805.0,2026-05-04,1
CUST-100923,2025-09-01,Paid Search,Bengaluru,Male,39,0,Basic,Monthly,Wallet,No,3,351.0,1,1,5,21.0,2026-01-29,1755.0,2026-01-29,1
CUST-100924,2025-06-21,Organic Search,Chennai,Male,58,0,Basic,Annual,Net Banking,Yes,1,264.0,1,1,11,5.0,2026-05-28,2904.0,,0
CUST-100925,2025-06-23,Organic Search,Ahmedabad,Male,38,0,Standard,Annual,UPI,Yes,0,511.0,1,1,11,7.0,2026-05-29,5621.0,,0
CUST-100926,2024-09-13,Organic Search,Ahmedabad,Female,67,1,Standard,Monthly,UPI,No,1,542.0,1,1,20,19.0,2026-05-24,10840.0,,0
CUST-100927,2024-07-19,Affiliate,Pune,Female,19,0,Premium,Monthly,UPI,No,1,859.0,1,0,22,8.0,2026-05-15,18898.0,,0
CUST-100928,2024-07-28,Paid Search,Mumbai,Male,49,0,Premium,Monthly,UPI,Yes,2,921.0,1,1,22,21.0,2026-05-14,20262.0,,0
CUST-100929,2026-03-15,Referral,Bengaluru,Female,44,0,Standard,Monthly,Debit Card,Yes,2,662.0,1,1,0,16.0,2026-03-15,662.0,2026-03-15,1
CUST-100930,2024-09-22,Paid Social,Ahmedabad,Male,41,0,Basic,Two-Year,UPI,No,0,238.0,1,1,20,19.0,2026-05-31,4760.0,,0
CUST-100931,2025-09-08,Paid Social,Chennai,Female,42,0,Standard,Monthly,Credit Card,Yes,2,624.0,1,1,8,8.0,2026-05-15,4992.0,,0
CUST-100932,2024-12-24,Paid Social,Kolkata,Male,26,0,Basic,Two-Year,Debit Card,Yes,0,189.0,1,0,17,11.0,2026-05-25,3213.0,,0
CUST-100933,2025-03-07,Referral,Chennai,Male,35,0,Standard,Annual,Credit Card,Yes,1,563.0,1,1,14,31.0,2026-05-20,7882.0,,0
CUST-100934,2025-10-12,Referral,Jaipur,Female,36,0,Premium,Annual,Net Banking,No,3,996.0,1,1,7,26.0,2026-05-05,6972.0,,0
CUST-100935,2026-02-26,Organic Search,Kolkata,Female,52,0,Basic,Two-Year,UPI,No,3,354.0,1,1,3,30.0,2026-05-10,1062.0,,0
CUST-100936,2024-08-20,Email,Bengaluru,Female,49,0,Premium,Annual,Credit Card,Yes,1,828.0,1,1,1,19.0,2024-09-19,828.0,2024-09-19,1
CUST-100937,2025-06-18,Organic Search,DELHI,Female,39,0,Standard,Annual,Wallet,Yes,1,542.0,1,1,11,11.0,2026-05-04,5962.0,,0
CUST-100938,2024-09-08,Affiliate,KOLKATA,Female,44,0,Basic,Monthly,UPI,No,1,270.0,0,0,20,12.0,2026-05-11,5400.0,,0
CUST-100939,2024-10-25,Organic Search,Jaipur,Female,47,0,Premium,Annual,Credit Card,Yes,1,871.0,1,1,19,15.0,2026-05-11,16549.0,,0
CUST-100940,2025-11-02,Organic Search,Surat,Male,20,0,Standard,Monthly,Wallet,Yes,0,506.0,0,0,6,9.0,2026-05-05,3036.0,,0
CUST-100941,2024-06-22,Affiliate,Hyderabad,Male,64,1,Basic,Monthly,Credit Card,Yes,3,396.0,1,0,23,30.0,2026-05-29,9108.0,,0
CUST-100942,2024-12-05,Organic Search,Mumbai,Female,64,1,Standard,Two-Year,Net Banking,Yes,2,616.0,1,1,17,20.0,2026-05-18,10472.0,,0
CUST-100943,2025-07-12,Paid Social,Jaipur,Female,36,0,Basic,Annual,Wallet,No,2,315.0,1,1,10,11.0,2026-05-04,3150.0,,0
CUST-100944,2024-11-05,Paid Social,Jaipur,Female,57,0,Basic,Monthly,UPI,Yes,3,385.0,1,1,18,18.0,2026-05-14,6930.0,,0
CUST-100945,2025-03-08,Organic Search,Pune,Male,38,0,Standard,Two-Year,Net Banking,Yes,3,705.0,1,1,14,27.0,2026-05-24,9870.0,,0
CUST-100946,2025-07-30,Referral,Kolkata,Male,21,0,Premium,Monthly,Debit Card,Yes,3,985.0,1,1,10,12.0,2026-05-11,9850.0,,0
CUST-100947,2026-03-20,Affiliate,Bengaluru,Male,63,1,Standard,Two-Year,Wallet,Yes,0,498.0,0,0,2,22.0,2026-05-29,996.0,,0
CUST-100948,2024-07-28,Affiliate,Jaipur,Female,31,0,Premium,Annual,Credit Card,Yes,3,985.0,1,1,22,34.0,2026-05-07,21670.0,,0
CUST-100949,2025-06-05,Paid Social,Ahmedabad,Male,36,0,Premium,Monthly,Net Banking,No,0,820.0,0,0,11,6.0,2026-05-21,9020.0,,0
CUST-100950,2025-09-02,Paid Search,Kolkata,Female,47,0,Basic,Monthly,UPI,Yes,2,314.0,0,0,8,22.0,2026-05-19,2512.0,,0
CUST-100951,2025-05-16,Organic Search,Ahmedabad,Male,40,0,Standard,Two-Year,Debit Card,Yes,3,672.0,1,1,12,30.0,2026-05-27,8064.0,,0
CUST-100952,2024-06-15,Organic Search,Delhi,Male,31,0,Standard,Monthly,Debit Card,Yes,3,672.0,1,1,7,16.0,2025-01-11,4704.0,2025-01-11,1
CUST-100953,2025-12-07,Organic Search,Mumbai,Female,59,0,Basic,Two-Year,Wallet,No,1,271.0,1,1,5,16.0,2026-05-24,1355.0,,0
CUST-100954,2024-11-17,Email,Bengaluru,Male,36,0,Basic,Monthly,UPI,No,3,367.0,1,1,5,20.0,2025-04-16,1835.0,2025-04-16,1
CUST-100955,2024-08-12,Affiliate,Mumbai,Female,48,0,Standard,Monthly,UPI,No,0,509.0,1,1,21,19.0,2026-05-10,10689.0,,0
CUST-100956,2025-04-25,Referral,Jaipur,Male,52,0,Premium,Annual,Wallet,Yes,3,957.0,1,1,13,34.0,2026-05-29,12441.0,,0
CUST-100957,2024-10-18,Paid Search,Bengaluru,Male,66,1,Premium,Monthly,Debit Card,No,2,915.0,1,0,19,16.0,2026-05-22,17385.0,,0
CUST-100958,2025-09-03,Paid Search,Kolkata,Female,42,0,Standard,Monthly,UPI,No,3,678.0,0,0,8,9.0,2026-05-03,5424.0,,0
CUST-100959,2025-06-29,Paid Search,Mumbai,Female,42,0,Standard,Annual,Credit Card,Yes,3,706.0,1,1,11,11.0,2026-05-14,7766.0,,0
CUST-100960,2024-10-27,Paid Search,Ahmedabad,Male,65,1,Standard,Monthly,Wallet,No,3,694.0,1,1,19,17.0,2026-05-02,13186.0,,0
CUST-100961,2026-04-01,Paid Social,Chennai,Male,42,0,Premium,Monthly,Wallet,No,3,974.0,1,0,1,16.0,2026-05-03,974.0,,0
CUST-100962,2026-03-03,Organic Search,Hyderabad,Female,33,0,Standard,Annual,UPI,No,1,551.0,1,0,2,26.0,2026-05-28,1102.0,,0
CUST-100963,2025-01-16,Organic Search,Bengaluru,Female,20,0,Premium,Monthly,Net Banking,Yes,3,969.0,1,1,16,11.0,2026-05-18,15504.0,,0
CUST-100964,2026-04-01,Email,Chennai,Female,34,0,Premium,Annual,Credit Card,Yes,3,962.0,1,1,0,21.0,2026-04-01,962.0,2026-04-01,1
CUST-100965,2025-01-24,Paid Social,Chennai,Female,28,0,Basic,Annual,UPI,Yes,0,223.0,1,1,16,27.0,2026-05-03,3568.0,,0
CUST-100966,2025-05-17,Email,Pune,Male,33,0,Premium,Annual,Debit Card,Yes,1,848.0,1,1,12,22.0,2026-05-22,10176.0,,0
CUST-100967,2025-07-18,Organic Search,Surat,Female,46,0,Standard,Monthly,UPI,Yes,3,705.0,1,1,8,12.0,2026-03-15,5640.0,2026-03-15,1
CUST-100968,2024-12-16,Paid Search,Hyderabad,Female,45,0,Basic,Two-Year,Credit Card,No,2,320.0,1,0,17,22.0,2026-05-31,5440.0,,0
CUST-100969,2025-08-13,Organic Search,Pune,Female,27,0,Basic,Monthly,UPI,Yes,0,198.0,1,1,9,15.0,2026-05-10,1782.0,2026-05-10,1
CUST-100970,2024-08-20,Organic Search,Delhi,Female,42,0,Standard,Two-Year,UPI,Yes,2,620.0,1,1,21,30.0,2026-05-14,13020.0,,0
CUST-100971,2025-08-16,Organic Search,Ahmedabad,Female,41,0,Basic,Annual,UPI,Yes,1,277.0,1,1,9,24.0,2026-05-19,2493.0,,0
CUST-100972,2026-04-16,Organic Search,Mumbai,Female,20,0,Basic,Annual,Wallet,Yes,0,186.0,1,1,1,19.0,2026-05-13,186.0,,0
CUST-100973,2025-01-23,Affiliate,Hyderabad,Male,32,0,Standard,Monthly,Credit Card,Yes,0,507.0,1,1,16,20.0,2026-05-19,8112.0,,0
CUST-100974,2024-09-06,Paid Social,Hyderabad,Male,55,0,Basic,Monthly,Debit Card,No,0,198.0,0,0,20,14.0,2026-05-15,3960.0,,0
CUST-100975,2025-07-28,Paid Search,Delhi,Female,19,0,Basic,Monthly,UPI,No,1,265.0,1,1,10,13.0,2026-05-28,2650.0,,0
CUST-100976,2025-01-04,Paid Social,Pune,Female,33,0,Standard,Annual,Net Banking,Yes,3,676.0,1,1,16,28.0,2026-05-28,10816.0,,0
CUST-100977,2025-11-24,Paid Social,Mumbai,Male,42,0,Basic,Monthly,Debit Card,Yes,0,194.0,1,1,1,10.0,2025-12-24,194.0,2025-12-24,1
CUST-100978,2025-01-26,Paid Search,Mumbai,Male,26,0,Standard,Monthly,Wallet,Yes,0,507.0,1,1,16,17.0,2026-05-29,8112.0,,0
CUST-100979,2024-07-16,Organic Search,Jaipur,Female,51,0,Basic,Monthly,UPI,Yes,3,358.0,1,0,22,27.0,2026-05-31,7876.0,,0
CUST-100980,2024-12-13,Email,Delhi,Female,55,0,Premium,Monthly,Credit Card,No,1,880.0,1,1,0,9.0,2024-12-13,880.0,2024-12-13,1
CUST-100981,2026-01-25,Affiliate,Mumbai,Female,35,0,Basic,Monthly,UPI,No,3,381.0,1,1,4,20.0,2026-05-11,1524.0,,0
CUST-100982,2024-06-02,Referral,Bengaluru,Male,29,0,Premium,Monthly,UPI,Yes,1,851.0,1,1,23,30.0,2026-05-06,19573.0,,0
CUST-100983,2026-03-08,Paid Social,Delhi,Male,58,0,Standard,Monthly,Credit Card,No,0,505.0,1,1,0,23.0,2026-03-08,505.0,2026-03-08,1
CUST-100984,2024-10-29,Organic Search,Hyderabad,Male,29,0,Premium,Monthly,Net Banking,Yes,3,969.0,1,1,19,25.0,2026-05-20,18411.0,,0
CUST-100985,2024-12-16,Email,Surat,Female,25,0,Standard,Monthly,UPI,No,0,500.0,1,0,17,14.0,2026-05-26,8500.0,,0
CUST-100986,2025-11-28,Paid Social,Pune,Male,19,0,Standard,Annual,Debit Card,Yes,2,620.0,1,1,6,18.0,2026-05-09,3720.0,,0
CUST-100987,2026-04-12,Organic Search,Pune,Female,22,0,Basic,Two-Year,Debit Card,Yes,0,218.0,1,1,1,12.0,2026-05-30,218.0,,0
CUST-100988,2024-10-28,Paid Social,Delhi,Female,63,1,Standard,Monthly,Credit Card,No,3,683.0,1,1,19,20.0,2026-05-30,12977.0,,0
CUST-100989,2026-03-28,Referral,Bengaluru,Female,66,1,Standard,Annual,Debit Card,No,2,602.0,1,1,2,30.0,2026-05-14,1204.0,,0
CUST-100990,2025-12-10,Paid Search,Delhi,Female,46,0,Standard,Monthly,Credit Card,No,0,508.0,1,1,5,10.0,2026-05-31,2540.0,,0
CUST-100991,2024-06-20,Referral,Ahmedabad,Female,65,1,Basic,Annual,Wallet,Yes,3,390.0,1,1,23,14.0,2026-05-27,8970.0,,0
CUST-100992,2025-03-31,Referral,Kolkata,Female,54,0,Standard,Monthly,Debit Card,No,1,535.0,1,1,14,25.0,2026-05-23,7490.0,,0
CUST-100993,2024-12-02,Organic Search,Delhi,Male,39,0,Standard,Annual,Net Banking,No,2,601.0,1,0,17,18.0,2026-05-03,10217.0,,0
CUST-100994,2024-07-30,Email,Bengaluru,Male,55,0,Standard,Annual,UPI,Yes,0,529.0,1,0,22,10.0,2026-05-17,11638.0,,0
CUST-100995,2026-04-05,Paid Social,Ahmedabad,Female,39,0,Standard,Annual,Net Banking,Yes,1,554.0,1,0,1,17.0,2026-05-11,554.0,,0
CUST-100996,2026-01-24,Paid Search,Chennai,Male,68,1,Basic,Monthly,Wallet,No,1,254.0,0,0,4,12.0,2026-05-22,1016.0,,0
CUST-100997,2026-02-28,Organic Search,Mumbai,Female,62,1,Standard,Annual,UPI,Yes,3,678.0,0,0,3,22.0,2026-05-02,2034.0,,0
CUST-100998,2025-09-07,Email,Delhi,Male,61,1,Basic,Monthly,Credit Card,Yes,0,189.0,0,0,8,16.0,2026-05-05,1512.0,,0
CUST-100999,2025-11-14,Paid Social,Chennai,Female,45,0,Standard,Monthly,Net Banking,Yes,2,592.0,1,1,4,21.0,2026-03-14,2368.0,2026-03-14,1
CUST-101000,2025-08-21,Organic Search,Bengaluru,Male,44,0,Standard,Annual,UPI,Yes,1,542.0,1,1,9,22.0,2026-05-07,4878.0,,0
CUST-101001,2024-07-04,Paid Social,Jaipur,Female,24,0,Basic,Annual,Credit Card,Yes,3,369.0,1,1,22,24.0,2026-05-23,8118.0,,0
CUST-101002,2024-09-18,Organic Search,Mumbai,Male,51,0,Basic,Annual,Debit Card,Yes,2,311.0,1,1,12,8.0,2025-09-13,3732.0,2025-09-13,1
CUST-101003,2026-03-10,Organic Search,Hyderabad,Male,23,0,Standard,Annual,Net Banking,No,1,547.0,1,1,2,19.0,2026-05-22,1094.0,,0
CUST-101004,2025-08-29,Paid Search,Surat,Male,46,0,Standard,Annual,UPI,Yes,3,657.0,1,1,9,14.0,2026-05-27,5913.0,,0
CUST-101005,2025-01-23,Paid Social,Bengaluru,Female,24,0,Basic,Monthly,UPI,Yes,2,311.0,1,0,16,14.0,2026-05-11,4976.0,,0
CUST-101006,2026-01-02,Email,Hyderabad,Male,42,0,Basic,Monthly,UPI,Yes,2,336.0,1,1,4,15.0,2026-05-08,1344.0,,0
CUST-101007,2025-06-21,Paid Social,Delhi,Female,58,0,Basic,Monthly,UPI,Yes,1,249.0,0,0,11,18.0,2026-05-19,2739.0,,0
CUST-101008,2026-05-28,Referral,Hyderabad,Female,34,0,Standard,Annual,UPI,Yes,0,496.0,1,1,0,4.0,2026-05-28,496.0,2026-05-28,1
CUST-101009,2025-05-29,Paid Social,Kolkata,Female,49,0,Basic,Annual,Debit Card,Yes,0,221.0,0,0,12,14.0,2026-05-31,2652.0,,0
CUST-101010,2025-10-03,Paid Search,Hyderabad,Female,31,0,Standard,Annual,Net Banking,No,2,609.0,1,1,7,20.0,2026-05-24,4263.0,,0
CUST-101011,2026-05-18,Paid Search,Jaipur,Female,33,0,Standard,Annual,Wallet,No,2,665.0,1,0,0,24.0,2026-05-15,665.0,,0
CUST-101012,2025-04-12,Paid Social,Pune,Female,27,0,Premium,Monthly,Wallet,No,0,812.0,1,0,13,11.0,2026-05-15,10556.0,,0
CUST-101013,2026-04-08,Email,Bengaluru,Male,26,0,Premium,Monthly,Wallet,Yes,1,860.0,1,1,1,20.0,2026-05-19,860.0,,0
CUST-101014,2026-01-18,Paid Social,Delhi,Female,37,0,Standard,Two-Year,UPI,No,0,495.0,1,0,4,16.0,2026-05-03,1980.0,,0
CUST-101015,2024-06-27,Organic Search,Hyderabad,Male,24,0,Standard,Monthly,UPI,No,2,639.0,1,1,23,31.0,2026-05-28,14697.0,,0
CUST-101016,2024-07-07,Referral,Kolkata,Female,64,1,Standard,Monthly,UPI,No,3,669.0,1,1,22,19.0,2026-05-31,14718.0,,0
CUST-101017,2024-08-07,Affiliate,Pune,Male,56,0,Premium,Annual,Debit Card,No,2,913.0,1,1,21,37.0,2026-05-22,19173.0,,0
CUST-101018,2025-04-02,Organic Search,Mumbai,Male,29,0,Standard,Monthly,Wallet,No,0,523.0,1,1,13,11.0,2026-05-04,6799.0,,0
CUST-101019,2026-01-13,Paid Social,Bengaluru,Female,64,1,Basic,Monthly,UPI,No,1,253.0,0,0,4,20.0,2026-05-03,1012.0,,0
CUST-101020,2025-11-16,Affiliate,Hyderabad,Male,36,0,Premium,Annual,Credit Card,No,3,972.0,1,1,6,33.0,2026-05-24,5832.0,,0
CUST-101021,2025-11-21,Referral,Jaipur,Male,45,0,Basic,Monthly,Credit Card,Yes,0,189.0,1,1,6,15.0,2026-05-15,1134.0,,0
CUST-101022,2025-02-18,Email,Mumbai,Male,54,0,Premium,Two-Year,UPI,Yes,1,830.0,1,1,15,19.0,2026-05-29,12450.0,,0
CUST-101023,2024-07-03,Paid Search,Ahmedabad,Female,58,0,Basic,Two-Year,Net Banking,Yes,3,394.0,1,1,22,14.0,2026-05-21,8668.0,,0
CUST-101024,2024-07-13,Paid Search,Delhi,Male,18,0,Standard,Monthly,UPI,No,2,618.0,1,1,10,44.0,2025-05-09,6180.0,2025-05-09,1
CUST-101025,2024-09-09,Paid Social,Ahmedabad,Male,32,0,Premium,Two-Year,Credit Card,No,0,815.0,1,0,20,14.0,2026-05-02,16300.0,,0
CUST-101026,2024-08-20,Email,Surat,Female,35,0,Standard,Monthly,Wallet,No,0,496.0,1,1,21,23.0,2026-05-17,10416.0,,0
CUST-101027,2026-04-21,Paid Social,Delhi,Female,48,0,Standard,Monthly,UPI,Yes,0,493.0,1,1,0,8.0,2026-04-21,493.0,2026-04-21,1
CUST-101028,2024-09-30,Referral,Bengaluru,Male,63,1,Basic,Annual,UPI,No,2,309.0,1,1,20,11.0,2026-05-28,6180.0,,0
CUST-101029,2025-01-20,Paid Social,Mumbai,Male,40,0,Basic,Annual,Debit Card,Yes,1,269.0,1,0,16,14.0,2026-05-10,4304.0,,0
CUST-101030,2026-01-28,Paid Search,Bengaluru,Male,42,0,Basic,Monthly,Credit Card,No,0,187.0,1,1,4,16.0,2026-05-02,748.0,,0
CUST-101031,2024-10-30,Referral,Surat,Female,22,0,Standard,Monthly,Debit Card,Yes,0,,1,1,19,18.0,2026-05-22,9595.0,,0
CUST-101032,2025-11-08,Paid Search,Bengaluru,Male,45,0,Basic,Monthly,Credit Card,Yes,0,200.0,1,1,6,12.0,2026-05-13,1200.0,,0
CUST-101033,2025-05-06,Affiliate,Ahmedabad,Male,43,0,Basic,Monthly,UPI,Yes,1,243.0,1,1,12,14.0,2026-05-12,2916.0,,0
CUST-101034,2025-12-09,Paid Social,Mumbai,Male,51,0,Basic,Monthly,UPI,Yes,0,192.0,1,0,5,13.0,2026-05-06,960.0,,0
CUST-101035,2025-01-06,Paid Search,Surat,Female,62,1,Premium,Two-Year,Net Banking,Yes,3,979.0,1,1,16,18.0,2026-05-03,15664.0,,0
CUST-101036,2026-03-25,Paid Social,Surat,Male,47,0,Premium,Annual,UPI,No,3,974.0,1,0,2,18.0,2026-05-12,1948.0,,0
CUST-101037,2025-11-16,Paid Social,Mumbai,Female,20,0,Basic,Monthly,Wallet,Yes,3,407.0,0,0,6,10.0,2026-05-10,2442.0,,0
CUST-101038,2025-01-07,Paid Social,Pune,Male,60,1,Premium,Monthly,UPI,No,2,923.0,0,0,16,21.0,2026-05-30,14768.0,,0
CUST-101039,2025-09-29,Organic Search,Ahmedabad,Female,42,0,Standard,Monthly,Net Banking,Yes,1,556.0,1,0,8,8.0,2026-05-22,4448.0,,0
CUST-101040,2025-11-24,Organic Search,Bengaluru,Female,43,0,Basic,Monthly,Wallet,Yes,0,194.0,1,1,4,11.0,2026-03-24,776.0,2026-03-24,1
CUST-101041,2026-05-21,Paid Search,Ahmedabad,Male,63,1,Basic,Annual,UPI,Yes,0,196.0,1,1,0,20.0,2026-05-09,196.0,,0
CUST-101042,2025-02-21,Paid Search,Chennai,Male,48,0,Premium,Annual,Debit Card,Yes,2,910.0,1,1,15,26.0,2026-05-04,13650.0,,0
CUST-101043,2026-05-14,Paid Search,Jaipur,Male,59,0,Basic,Monthly,Net Banking,No,3,367.0,1,0,0,12.0,2026-05-09,367.0,,0
CUST-101044,2025-12-25,Organic Search,Mumbai,Female,63,1,Basic,Two-Year,Debit Card,No,2,328.0,1,1,1,27.0,2026-01-24,328.0,2026-01-24,1
CUST-101045,2025-04-15,Paid Social,Bengaluru,Male,43,0,Premium,Annual,Net Banking,No,3,1002.0,1,1,13,26.0,2026-05-22,13026.0,,0
CUST-101046,2025-10-21,Organic Search,Ahmedabad,Female,69,1,Standard,Monthly,UPI,No,3,672.0,1,1,2,24.0,2025-12-20,1344.0,2025-12-20,1
CUST-101047,2025-07-17,Referral,Delhi,Male,26,0,Standard,Two-Year,Wallet,No,0,505.0,1,0,10,16.0,2026-05-26,5050.0,,0
CUST-101048,2026-05-23,Affiliate,Ahmedabad,Female,63,1,Standard,Monthly,Credit Card,No,3,669.0,1,1,0,22.0,2026-05-14,669.0,,0
CUST-101049,2024-07-15,Organic Search,Mumbai,Female,62,1,Standard,Two-Year,UPI,Yes,2,621.0,1,0,22,26.0,2026-05-29,13662.0,,0
CUST-101050,2025-12-04,Paid Search,Surat,Male,23,0,Basic,Annual,Credit Card,Yes,3,359.0,1,0,5,40.0,2026-05-08,1795.0,,0
CUST-101051,2026-01-29,Organic Search,Ahmedabad,Male,25,0,Standard,Monthly,UPI,No,3,666.0,1,0,4,9.0,2026-05-20,2664.0,,0
CUST-101052,2024-06-05,Paid Social,Kolkata,Female,19,0,Basic,Monthly,Credit Card,Yes,0,186.0,0,0,23,17.0,2026-05-11,4278.0,,0
CUST-101053,2025-06-07,Organic Search,Ahmedabad,Male,32,0,Basic,Annual,UPI,No,3,377.0,0,0,11,28.0,2026-05-31,4147.0,,0
CUST-101054,2025-10-24,Paid Social,Bengaluru,Female,69,1,Premium,Annual,Net Banking,No,2,901.0,1,1,7,22.0,2026-05-23,6307.0,,0
CUST-101055,2026-02-10,Referral,Bengaluru,Female,24,0,Basic,Annual,UPI,Yes,1,225.0,1,1,3,27.0,2026-05-31,675.0,,0
CUST-101056,2024-08-14,Affiliate,Jaipur,Male,19,0,Basic,Monthly,Credit Card,No,3,358.0,1,1,21,30.0,2026-05-22,7518.0,,0
CUST-101057,2024-12-20,Organic Search,Mumbai,Male,41,0,Basic,Annual,Wallet,Yes,2,316.0,1,1,11,24.0,2025-11-15,3476.0,2025-11-15,1
CUST-101058,2025-07-04,Paid Search,Mumbai,Male,36,0,Premium,Monthly,Wallet,No,2,907.0,1,1,0,17.0,2025-07-04,907.0,2025-07-04,1
CUST-101059,2025-09-12,Referral,Hyderabad,Male,50,0,Premium,Monthly,Net Banking,No,2,910.0,1,0,8,4.0,2026-05-06,7280.0,,0
CUST-101060,2024-09-23,Email,Hyderabad,Female,49,0,Basic,Monthly,UPI,No,2,323.0,1,1,20,36.0,2026-05-21,6460.0,,0
CUST-101061,2026-01-22,Paid Search,Hyderabad,Female,61,1,Basic,Annual,Wallet,Yes,2,307.0,0,0,4,1.0,2026-05-07,1228.0,,0
CUST-101062,2025-05-27,Organic Search,Ahmedabad,Male,39,0,Standard,Annual,UPI,Yes,1,558.0,1,0,12,24.0,2026-05-16,6696.0,,0
CUST-101063,2025-03-20,Paid Search,Mumbai,Female,41,0,Standard,Monthly,Credit Card,Yes,3,711.0,1,1,14,25.0,2026-05-18,9954.0,,0
CUST-101064,2025-12-30,Paid Social,Chennai,Male,19,0,Basic,Annual,Wallet,Yes,2,313.0,0,0,5,11.0,2026-05-11,1565.0,,0
CUST-101065,2025-06-09,Email,Pune,Female,68,1,Basic,Two-Year,UPI,Yes,1,256.0,0,0,11,35.0,2026-05-18,2816.0,,0
CUST-101066,2024-12-28,Paid Social,Pune,Female,29,0,Standard,Monthly,UPI,Yes,2,625.0,0,0,17,25.0,2026-05-14,10625.0,,0
CUST-101067,2025-04-14,Referral,Delhi,Male,48,0,Basic,Monthly,Credit Card,No,0,187.0,1,1,7,19.0,2025-11-10,1309.0,2025-11-10,1
CUST-101068,2024-09-20,Organic Search,Mumbai,Female,63,1,Standard,Monthly,Credit Card,Yes,0,490.0,1,1,20,7.0,2026-05-20,9800.0,,0
CUST-101069,2026-02-05,Paid Social,Jaipur,Female,49,0,Basic,Monthly,UPI,Yes,2,318.0,1,1,1,30.0,2026-03-07,318.0,2026-03-07,1
CUST-101070,2025-01-16,Affiliate,Hyderabad,Male,50,0,Premium,Monthly,Net Banking,Yes,1,862.0,1,1,16,30.0,2026-05-02,13792.0,,0
CUST-101071,2025-02-10,Paid Search,Ahmedabad,Male,27,0,Standard,Annual,Net Banking,No,3,665.0,1,1,15,25.0,2026-05-27,9975.0,,0
CUST-101072,2024-10-05,Paid Social,Jaipur,Female,54,0,Standard,Monthly,Wallet,No,1,567.0,1,1,18,29.0,2026-03-29,10206.0,2026-03-29,1
CUST-101073,2025-02-28,Email,Pune,Male,27,0,Standard,Annual,UPI,Yes,3,702.0,1,1,15,26.0,2026-05-06,10530.0,,0
CUST-101074,2024-10-12,Affiliate,Delhi,Male,53,0,Basic,Two-Year,Debit Card,Yes,2,290.0,1,0,19,25.0,2026-05-12,5510.0,,0
CUST-101075,2024-07-04,Paid Social,Delhi,Male,47,0,Basic,Monthly,Net Banking,Yes,0,205.0,0,0,22,15.0,2026-05-14,4510.0,,0
CUST-101076,2025-10-22,Paid Search,Hyderabad,Female,43,0,Standard,Monthly,UPI,Yes,1,558.0,1,1,7,24.0,2026-05-22,3906.0,,0
CUST-101077,2025-03-02,Paid Social,Delhi,Male,55,0,Standard,Monthly,Credit Card,No,3,675.0,1,0,14,24.0,2026-05-24,9450.0,,0
CUST-101078,2025-10-27,Paid Search,Bengaluru,Male,55,0,Premium,Annual,UPI,Yes,3,984.0,1,1,7,20.0,2026-05-23,6888.0,,0
CUST-101079,2024-11-10,Paid Social,Hyderabad,Male,28,0,Basic,Monthly,UPI,Yes,0,220.0,1,1,16,6.0,2026-03-05,3520.0,2026-03-05,1
CUST-101080,2025-06-21,Organic Search,Mumbai,Male,37,0,Standard,Annual,UPI,Yes,0,503.0,1,0,11,15.0,2026-05-20,5533.0,,0
CUST-101081,2024-10-31,Affiliate,Jaipur,Female,43,0,Basic,Annual,Debit Card,No,3,393.0,1,0,19,28.0,2026-05-29,7467.0,,0
CUST-101082,2024-12-01,Email,Delhi,Male,25,0,Basic,Annual,Debit Card,Yes,1,258.0,1,1,17,19.0,2026-05-28,4386.0,,0
CUST-101083,2026-05-08,Affiliate,Delhi,Female,36,0,Basic,Monthly,UPI,No,2,324.0,1,0,0,9.0,2026-05-15,324.0,,0
CUST-101084,2025-06-22,Email,Hyderabad,Male,20,0,Premium,Two-Year,Credit Card,No,1,851.0,1,0,11,19.0,2026-05-08,9361.0,,0
CUST-101085,2024-06-05,Referral,Pune,Female,40,0,Standard,Two-Year,UPI,No,0,500.0,1,1,23,9.0,2026-05-02,11500.0,,0
CUST-101086,2026-04-23,Referral,Bengaluru,Male,28,0,Standard,Annual,UPI,Yes,2,615.0,1,1,1,18.0,2026-05-20,615.0,,0
CUST-101087,2026-01-21,Referral,Pune,Female,29,0,Standard,Monthly,Wallet,Yes,0,501.0,1,1,2,4.0,2026-03-22,1002.0,2026-03-22,1
CUST-101088,2025-03-07,Paid Social,Kolkata,Male,60,1,Basic,Annual,Credit Card,Yes,3,354.0,0,0,14,22.0,2026-05-04,4956.0,,0
CUST-101089,2024-11-23,Paid Social,Chennai,Female,25,0,Basic,Two-Year,Net Banking,No,1,242.0,1,1,18,25.0,2026-05-09,4356.0,,0
CUST-101090,2025-04-05,Organic Search,Chennai,Male,24,0,Basic,Annual,UPI,No,3,397.0,1,1,13,23.0,2026-05-26,5161.0,,0
CUST-101091,2025-12-16,Paid Search,Mumbai,Male,34,0,Basic,Annual,UPI,No,0,220.0,1,1,5,20.0,2026-05-24,1100.0,,0
CUST-101092,2025-05-27,Paid Social,Delhi,Female,19,0,Standard,Monthly,Net Banking,Yes,0,473.0,1,0,12,16.0,2026-05-18,5676.0,,0
CUST-101093,2024-10-05,Organic Search,Bengaluru,Male,63,1,Basic,Monthly,UPI,Yes,0,190.0,1,1,19,20.0,2026-05-26,3610.0,,0
CUST-101094,2024-10-09,Paid Search,Ahmedabad,Male,69,1,Standard,Annual,UPI,Yes,0,488.0,1,1,19,22.0,2026-05-17,9272.0,,0
CUST-101095,2026-05-25,Paid Social,Hyderabad,Female,59,0,Premium,Two-Year,Debit Card,No,3,983.0,1,1,0,27.0,2026-05-25,983.0,2026-05-25,1
CUST-101096,2024-11-26,Organic Search,Delhi,Female,59,0,Premium,Monthly,Credit Card,Yes,0,798.0,1,1,18,25.0,2026-05-26,14364.0,,0
CUST-101097,2025-07-28,Affiliate,Mumbai,Female,23,0,Basic,Monthly,Wallet,No,0,209.0,1,0,10,1.0,2026-05-20,2090.0,,0
CUST-101098,2025-10-17,Affiliate,Mumbai,Female,46,0,Standard,Monthly,Wallet,Yes,0,479.0,1,0,7,18.0,2026-05-21,3353.0,,0
CUST-101099,2024-09-21,Organic Search,Mumbai,Male,22,0,Basic,Monthly,UPI,Yes,3,384.0,1,1,20,22.0,2026-05-24,7680.0,,0
CUST-101100,2024-09-26,Organic Search,Delhi,Male,33,0,Basic,Annual,UPI,Yes,3,374.0,1,1,20,20.0,2026-05-28,7480.0,,0
CUST-101101,2025-01-14,Paid Social,Pune,Female,43,0,Standard,Monthly,Debit Card,Yes,1,548.0,1,1,16,4.0,2026-05-09,8768.0,,0
CUST-101102,2025-08-15,Referral,Pune,Male,53,0,Basic,Annual,UPI,No,1,266.0,1,1,9,8.0,2026-05-31,2394.0,,0
CUST-101103,2026-02-07,Affiliate,Mumbai,Male,32,0,Standard,Monthly,Credit Card,Yes,2,615.0,1,1,2,14.0,2026-04-08,1230.0,2026-04-08,1
CUST-101104,2025-03-09,Organic Search,Mumbai,Male,31,0,Premium,Annual,UPI,No,1,857.0,1,1,14,13.0,2026-05-20,11998.0,,0
CUST-101105,2024-12-25,Referral,Chennai,Male,60,1,Basic,Monthly,Net Banking,Yes,2,339.0,1,1,17,28.0,2026-05-09,5763.0,,0
CUST-101106,2025-01-10,Organic Search,Ahmedabad,Male,29,0,Premium,Annual,Wallet,Yes,1,860.0,1,1,16,24.0,2026-05-08,13760.0,,0
CUST-101107,2025-12-16,Paid Social,Bengaluru,Male,43,0,Basic,Monthly,UPI,Yes,1,288.0,0,0,5,24.0,2026-05-20,1440.0,,0
CUST-101108,2025-07-06,Email,Bengaluru,Female,32,0,Premium,Monthly,UPI,Yes,3,944.0,1,1,10,22.0,2026-05-29,9440.0,,0
CUST-101109,2025-08-26,Organic Search,Bengaluru,Female,62,1,Standard,Annual,Wallet,Yes,1,559.0,1,1,9,24.0,2026-05-09,5031.0,,0
CUST-101110,2024-11-12,Organic Search,Kolkata,Female,45,0,Basic,Monthly,UPI,Yes,3,362.0,1,1,18,12.0,2026-05-05,6516.0,,0
CUST-101111,2025-09-11,Paid Social,Pune,Male,23,0,Basic,Monthly,UPI,Yes,3,365.0,1,0,8,37.0,2026-05-26,2920.0,,0
CUST-101112,2025-01-12,Paid Search,Surat,Male,25,0,Basic,Two-Year,UPI,No,1,249.0,1,1,16,32.0,2026-05-09,3984.0,,0
CUST-101113,2026-03-08,Email,Kolkata,Female,68,1,Standard,Annual,UPI,No,0,513.0,1,1,2,11.0,2026-05-15,1026.0,,0
CUST-101114,2025-06-18,Email,Mumbai,Male,66,1,Basic,Monthly,UPI,No,0,193.0,1,1,11,26.0,2026-05-22,2123.0,,0
CUST-101115,2024-09-22,Organic Search,Mumbai,Male,57,0,Premium,Annual,UPI,No,1,842.0,1,1,20,11.0,2026-05-03,16840.0,,0
CUST-101116,2025-09-23,Organic Search,Delhi,Female,22,0,Basic,Monthly,UPI,Yes,3,389.0,1,1,8,18.0,2026-05-10,3112.0,,0
CUST-101117,2024-06-20,Referral,Delhi,Female,56,0,Premium,Monthly,Net Banking,Yes,3,961.0,1,1,23,23.0,2026-05-25,22103.0,,0
CUST-101118,2026-01-31,Paid Social,Bengaluru,Male,52,0,Basic,Monthly,UPI,No,1,284.0,0,0,4,7.0,2026-05-14,1136.0,,0
CUST-101119,2025-03-24,Affiliate,Mumbai,Female,66,1,Standard,Monthly,Net Banking,Yes,1,540.0,1,0,14,20.0,2026-05-25,7560.0,,0
CUST-101120,2026-01-23,Paid Search,Mumbai,Female,43,0,Premium,Monthly,Debit Card,Yes,2,915.0,0,0,4,27.0,2026-05-23,3660.0,,0
CUST-101121,2026-04-17,Organic Search,Delhi,Female,42,0,Basic,Annual,Credit Card,Yes,0,228.0,1,1,1,7.0,2026-05-10,228.0,,0
CUST-101122,2025-05-29,Affiliate,Pune,Male,50,0,Basic,Monthly,Wallet,Yes,1,254.0,1,1,12,18.0,2026-05-21,3048.0,,0
CUST-101123,2024-08-21,Organic Search,Hyderabad,Female,25,0,Standard,Monthly,UPI,No,0,505.0,1,1,7,8.0,2025-03-19,3535.0,2025-03-19,1
CUST-101124,2024-07-25,Paid Social,Surat,Female,56,0,Standard,Monthly,UPI,Yes,2,617.0,1,1,1,22.0,2024-08-24,617.0,2024-08-24,1
CUST-101125,2025-01-19,Paid Search,Mumbai,Male,43,0,Premium,Monthly,Credit Card,Yes,2,919.0,1,1,16,23.0,2026-05-22,14704.0,,0
CUST-101126,2024-10-16,Paid Search,Delhi,Female,27,0,Basic,Annual,UPI,No,3,367.0,1,1,19,19.0,2026-05-14,6973.0,,0
CUST-101127,2025-11-03,Referral,Surat,Female,60,1,Premium,Monthly,UPI,No,3,986.0,1,1,6,21.0,2026-05-24,5916.0,,0
CUST-101128,2024-06-01,Paid Search,Hyderabad,Male,31,0,Premium,Monthly,Wallet,No,0,819.0,1,1,23,16.0,2026-05-16,18837.0,,0
CUST-101129,2025-11-03,Email,Pune,Male,62,1,Standard,Monthly,Net Banking,No,0,470.0,1,1,6,11.0,2026-05-27,2820.0,,0
CUST-101130,2024-10-14,Email,Bengaluru,Male,32,0,Basic,Monthly,Credit Card,Yes,1,245.0,1,1,19,6.0,2026-05-25,4655.0,,0
CUST-101131,2024-08-31,Paid Search,Ahmedabad,Female,43,0,Basic,Annual,Credit Card,Yes,2,311.0,1,1,21,27.0,2026-05-22,6531.0,,0
CUST-101132,2024-06-23,Organic Search,Kolkata,Male,40,0,Premium,Annual,Credit Card,Yes,2,906.0,1,1,23,27.0,2026-05-06,20838.0,,0
CUST-101133,2026-01-10,Referral,Pune,Male,56,0,Standard,Annual,UPI,Yes,0,509.0,1,1,4,22.0,2026-05-10,2036.0,2026-05-10,1
CUST-101134,2025-11-04,Email,Bengaluru,Male,27,0,Standard,Monthly,UPI,No,2,610.0,1,1,6,12.0,2026-05-23,3660.0,,0
CUST-101135,2026-03-16,Paid Social,Bengaluru,Female,30,0,Premium,Monthly,Credit Card,No,3,980.0,1,0,2,17.0,2026-05-03,1960.0,,0
CUST-101136,2025-07-04,Paid Social,Delhi,Female,28,0,Basic,Annual,UPI,Yes,0,221.0,0,0,10,3.0,2026-05-23,2210.0,,0
CUST-101137,2025-08-09,Paid Social,Mumbai,Male,29,0,Standard,Two-Year,UPI,Yes,3,652.0,1,1,9,38.0,2026-05-11,5868.0,,0
CUST-101138,2024-06-27,Organic Search,Hyderabad,Female,41,0,Standard,Monthly,Debit Card,No,0,504.0,1,1,23,7.0,2026-05-08,11592.0,,0
CUST-101139,2024-06-16,Referral,Bengaluru,Male,48,0,Premium,Annual,Credit Card,Yes,1,857.0,1,1,23,28.0,2026-05-13,19711.0,,0
CUST-101140,2025-08-25,Paid Social,Ahmedabad,Male,62,1,Standard,Monthly,UPI,Yes,0,497.0,1,1,9,8.0,2026-05-18,4473.0,,0
CUST-101141,2025-06-08,Referral,Delhi,Female,39,0,Standard,Two-Year,Wallet,Yes,0,485.0,1,1,11,20.0,2026-05-10,5335.0,,0
CUST-101142,2026-01-15,Affiliate,Jaipur,Male,39,0,Basic,Monthly,Debit Card,Yes,1,253.0,1,1,4,16.0,2026-05-09,1012.0,,0
CUST-101143,2025-07-07,Affiliate,Delhi,Female,26,0,Premium,Monthly,Credit Card,Yes,2,919.0,1,0,10,15.0,2026-05-25,9190.0,,0
CUST-101144,2024-06-21,Paid Social,Delhi,Female,23,0,Standard,Monthly,UPI,No,1,556.0,1,1,23,20.0,2026-05-20,12788.0,,0
CUST-101145,2025-09-14,Paid Social,Pune,Female,57,0,Basic,Annual,Debit Card,Yes,2,329.0,1,1,8,17.0,2026-05-23,2632.0,,0
CUST-101146,2024-09-01,Referral,Chennai,Male,50,0,Premium,Annual,Debit Card,Yes,2,903.0,1,1,20,10.0,2026-05-27,18060.0,,0
CUST-101147,2026-03-09,Affiliate,Pune,Male,45,0,Basic,Annual,Credit Card,Yes,2,298.0,1,1,2,20.0,2026-05-31,596.0,,0
CUST-101148,2025-05-10,Paid Search,Kolkata,Male,41,0,Basic,Annual,Debit Card,Yes,2,289.0,1,0,12,28.0,2026-05-22,3468.0,,0
CUST-101149,2025-04-19,Affiliate,Ahmedabad,Female,45,0,Premium,Monthly,UPI,Yes,1,861.0,1,1,0,18.0,2025-04-19,861.0,2025-04-19,1
CUST-101150,2024-07-01,Organic Search,Jaipur,Female,61,1,Standard,Monthly,UPI,Yes,3,690.0,1,1,22,15.0,2026-05-30,15180.0,,0
CUST-101151,2025-01-09,Affiliate,Kolkata,Female,27,0,Premium,Two-Year,Net Banking,Yes,0,781.0,0,0,16,36.0,2026-05-17,12496.0,,0
CUST-101152,2024-06-16,Organic Search,Bengaluru,Female,43,0,Premium,Monthly,UPI,Yes,3,960.0,1,1,4,22.0,2024-10-14,3840.0,2024-10-14,1
CUST-101153,2024-08-19,Organic Search,Pune,Male,30,0,Standard,Monthly,Credit Card,No,0,527.0,1,1,21,9.0,2026-05-23,11067.0,,0
CUST-101154,2025-07-30,Paid Search,Mumbai,Female,23,0,Basic,Monthly,Net Banking,Yes,2,338.0,0,0,10,34.0,2026-05-28,3380.0,,0
CUST-101155,2025-05-20,Organic Search,Bengaluru,Female,54,0,Premium,Monthly,UPI,No,3,999.0,1,1,12,11.0,2026-05-28,11988.0,,0
CUST-101156,2025-07-16,Organic Search,Mumbai,Male,54,0,Standard,Monthly,Wallet,No,3,684.0,1,1,10,15.0,2026-05-23,6840.0,,0
CUST-101157,2026-01-10,Organic Search,Ahmedabad,Female,62,1,Standard,Annual,Net Banking,Yes,2,630.0,1,1,4,28.0,2026-05-20,2520.0,,0
CUST-101158,2026-01-10,Paid Social,Surat,Female,19,0,Standard,Annual,Debit Card,Yes,3,675.0,0,0,4,15.0,2026-05-19,2700.0,,0
CUST-101159,2026-03-05,Referral,Mumbai,Female,27,0,Basic,Monthly,Debit Card,Yes,1,238.0,1,1,2,24.0,2026-05-23,476.0,,0
CUST-101160,2024-07-27,Organic Search,Pune,Female,47,0,Basic,Monthly,Net Banking,No,1,238.0,1,1,22,23.0,2026-05-06,5236.0,,0
CUST-101161,2024-07-25,Paid Search,Delhi,Male,60,1,Standard,Two-Year,UPI,Yes,3,679.0,1,1,22,38.0,2026-05-06,14938.0,,0
CUST-101162,2026-03-17,Affiliate,Delhi,Female,66,1,Standard,Annual,Debit Card,Yes,2,633.0,1,1,1,28.0,2026-04-16,633.0,2026-04-16,1
CUST-101163,2026-02-25,Organic Search,Delhi,Male,58,0,Standard,Two-Year,UPI,Yes,3,676.0,1,1,3,20.0,2026-05-23,2028.0,,0
CUST-101164,2024-06-14,Organic Search,Delhi,Female,65,1,Basic,Monthly,Net Banking,Yes,2,328.0,1,1,23,15.0,2026-05-02,7544.0,,0
CUST-101165,2024-06-22,Affiliate,Pune,Male,60,1,Basic,Two-Year,Credit Card,Yes,3,378.0,1,1,23,16.0,2026-05-24,8694.0,,0
CUST-101166,2025-01-06,Affiliate,Surat,Female,34,0,Standard,Two-Year,Debit Card,No,0,504.0,1,0,16,8.0,2026-05-24,8064.0,,0
CUST-101167,2025-07-06,Paid Search,Delhi,Male,48,0,Basic,Monthly,UPI,Yes,2,331.0,1,0,10,21.0,2026-05-24,3310.0,,0
CUST-101168,2024-07-06,Affiliate,Surat,Male,51,0,Standard,Annual,UPI,Yes,0,519.0,1,1,22,4.0,2026-05-26,11418.0,,0
CUST-101169,2025-04-23,Organic Search,Pune,Male,36,0,Standard,Monthly,Net Banking,No,2,623.0,1,1,13,21.0,2026-05-22,8099.0,,0
CUST-101170,2024-11-26,Paid Social,Pune,Female,64,1,Basic,Annual,UPI,No,1,288.0,1,1,18,5.0,2026-05-24,5184.0,,0
CUST-101171,2026-04-03,Referral,Mumbai,Male,58,0,Standard,Annual,Credit Card,Yes,2,616.0,1,1,1,23.0,2026-05-30,616.0,,0
CUST-101172,2026-01-16,Organic Search,Ahmedabad,Male,44,0,Premium,Monthly,Debit Card,No,3,999.0,1,1,4,18.0,2026-05-29,3996.0,,0
CUST-101173,2025-06-17,Referral,Kolkata,Male,42,0,Basic,Monthly,UPI,No,0,208.0,1,1,11,21.0,2026-05-29,2288.0,,0
CUST-101174,2024-08-31,Paid Search,Bengaluru,Male,59,0,Basic,Monthly,UPI,Yes,2,292.0,1,0,21,0.0,2026-05-15,6132.0,,0
CUST-101175,2024-12-10,Referral,Delhi,Female,29,0,Basic,Annual,UPI,Yes,2,340.0,1,1,17,28.0,2026-05-12,5780.0,,0
CUST-101176,2024-10-26,Paid Social,Chennai,Male,29,0,Standard,Annual,Wallet,Yes,1,545.0,1,0,19,16.0,2026-05-06,10355.0,,0
CUST-101177,2026-02-17,Paid Social,Delhi,Male,38,0,Premium,Monthly,UPI,Yes,2,915.0,1,1,3,14.0,2026-05-18,2745.0,,0
CUST-101178,2025-08-20,Organic Search,Chennai,Male,24,0,Standard,Two-Year,UPI,Yes,3,692.0,1,1,9,27.0,2026-05-22,6228.0,,0
CUST-101179,2025-02-06,Organic Search,Delhi,Male,41,0,Premium,Monthly,Wallet,No,2,908.0,1,0,15,20.0,2026-05-07,13620.0,,0
CUST-101180,2024-06-16,Referral,Jaipur,Male,40,0,Standard,Monthly,Net Banking,No,0,498.0,1,1,23,7.0,2026-05-09,11454.0,,0
CUST-101181,2026-01-27,Organic Search,Mumbai,Male,44,0,Basic,Monthly,Debit Card,No,2,329.0,1,1,0,20.0,2026-01-27,329.0,2026-01-27,1
CUST-101182,2025-08-14,Organic Search,Mumbai,Male,42,0,Basic,Annual,Credit Card,No,0,187.0,1,1,9,23.0,2026-05-08,1683.0,,0
CUST-101183,2024-11-23,Organic Search,Hyderabad,Male,64,1,Standard,Annual,Net Banking,No,1,555.0,1,1,18,8.0,2026-05-04,9990.0,,0
CUST-101184,2026-03-14,Organic Search,Mumbai,Male,32,0,Standard,Annual,Wallet,No,3,674.0,1,0,2,22.0,2026-05-09,1348.0,,0
CUST-101185,2025-12-04,Affiliate,Jaipur,Female,39,0,Standard,Two-Year,Wallet,No,2,633.0,0,0,5,28.0,2026-05-31,3165.0,,0
CUST-101186,2024-07-21,Paid Social,Pune,Male,56,0,Standard,Monthly,Debit Card,No,2,643.0,1,1,22,20.0,2026-05-24,14146.0,,0
CUST-101187,2024-06-06,Email,Mumbai,Female,32,0,Basic,Monthly,Debit Card,Yes,0,182.0,1,1,23,13.0,2026-05-14,4186.0,,0
CUST-101188,2024-06-05,Organic Search,Mumbai,Female,52,0,Basic,Annual,Debit Card,No,0,200.0,1,0,23,6.0,2026-05-20,4600.0,,0
CUST-101189,2024-12-15,Paid Search,Jaipur,Female,68,1,Standard,Monthly,Net Banking,No,3,671.0,0,0,17,13.0,2026-05-23,11407.0,,0
CUST-101190,2025-03-23,Paid Social,Pune,Male,37,0,Standard,Monthly,Debit Card,Yes,0,499.0,1,1,5,12.0,2025-08-20,2495.0,2025-08-20,1
CUST-101191,2026-04-09,Paid Social,Kolkata,Female,30,0,Premium,Monthly,UPI,No,3,1006.0,1,0,1,24.0,2026-05-27,1006.0,,0
CUST-101192,2026-02-09,Affiliate,Ahmedabad,Female,27,0,Basic,Monthly,Debit Card,Yes,1,265.0,1,1,3,21.0,2026-05-13,795.0,,0
CUST-101193,2026-05-29,Email,Jaipur,Female,18,0,Premium,Monthly,UPI,Yes,2,911.0,1,1,0,17.0,2026-05-29,911.0,2026-05-29,1
CUST-101194,2026-04-13,Affiliate,Bengaluru,Female,32,0,Basic,Monthly,UPI,No,2,298.0,1,0,1,12.0,2026-05-04,298.0,,0
CUST-101195,2024-06-04,Organic Search,Pune,Male,62,1,Basic,Two-Year,UPI,Yes,1,274.0,1,0,23,15.0,2026-05-30,6302.0,,0
CUST-101196,2026-01-06,Organic Search,Delhi,Female,31,0,Premium,Monthly,UPI,No,3,972.0,1,1,4,30.0,2026-05-24,3888.0,,0
CUST-101197,2026-04-05,Paid Search,Ahmedabad,Female,67,1,Premium,Two-Year,Credit Card,Yes,1,847.0,1,1,1,9.0,2026-05-31,847.0,,0
CUST-101198,2025-09-17,Paid Social,Jaipur,Male,67,1,Premium,Monthly,UPI,Yes,1,864.0,1,1,8,17.0,2026-05-04,6912.0,,0
CUST-101199,2026-05-03,Referral,Surat,Male,53,0,Basic,Two-Year,Debit Card,No,3,388.0,1,1,0,20.0,2026-05-29,388.0,,0
CUST-101200,2025-04-07,Paid Search,Delhi,Female,69,1,Basic,Monthly,Wallet,No,1,253.0,1,1,3,19.0,2025-07-06,759.0,2025-07-06,1
CUST-101201,2025-12-27,Paid Search,Jaipur,Male,39,0,Standard,Monthly,UPI,Yes,1,545.0,1,1,5,15.0,2026-05-22,2725.0,,0
CUST-101202,2025-12-28,Affiliate,Mumbai,Female,67,1,Premium,Monthly,UPI,Yes,0,820.0,1,1,5,4.0,2026-05-08,4100.0,,0
CUST-101203,2024-11-13,Referral,Mumbai,Male,46,0,Standard,Monthly,UPI,Yes,3,689.0,1,0,18,33.0,2026-05-23,12402.0,,0
CUST-101204,2025-12-04,Organic Search,Ahmedabad,Female,22,0,Basic,Annual,Net Banking,Yes,0,214.0,1,1,5,19.0,2026-05-20,1070.0,,0
CUST-101205,2025-05-13,Organic Search,Delhi,Male,61,1,Standard,Monthly,UPI,Yes,1,554.0,1,1,12,18.0,2026-05-22,6648.0,,0
CUST-101206,2024-10-12,Paid Search,Ahmedabad,Female,67,1,Basic,Monthly,UPI,Yes,1,247.0,1,1,19,8.0,2026-05-06,4693.0,,0
CUST-101207,2024-08-18,Paid Social,Delhi,Male,64,1,Basic,Annual,UPI,No,3,371.0,1,1,21,20.0,2026-05-03,7791.0,,0
CUST-101208,2025-11-04,Organic Search,Mumbai,Female,39,0,Standard,Annual,UPI,Yes,1,536.0,1,1,6,14.0,2026-05-24,3216.0,,0
CUST-101209,2026-01-14,Paid Social,Hyderabad,Male,23,0,Basic,Monthly,Debit Card,No,1,254.0,1,1,4,15.0,2026-05-20,1016.0,,0
CUST-101210,2025-12-30,Referral,Chennai,Male,48,0,Standard,Monthly,Debit Card,Yes,2,609.0,1,1,1,8.0,2026-01-29,609.0,2026-01-29,1
CUST-101211,2026-05-09,Affiliate,Hyderabad,Male,63,1,Standard,Annual,UPI,No,2,618.0,1,1,0,21.0,2026-05-09,618.0,2026-05-09,1
CUST-101212,2026-03-19,Paid Search,Mumbai,Male,61,1,Basic,Monthly,Credit Card,Yes,0,200.0,1,0,2,19.0,2026-05-24,400.0,,0
CUST-101213,2024-10-14,Paid Social,Hyderabad,Female,50,0,Basic,Annual,Debit Card,Yes,0,200.0,1,0,19,11.0,2026-05-28,3800.0,,0
CUST-101214,2025-11-14,Paid Social,Mumbai,Male,58,0,Premium,Monthly,Wallet,Yes,0,790.0,1,1,6,14.0,2026-05-27,4740.0,,0
CUST-101215,2024-11-09,Paid Search,Hyderabad,Male,19,0,Standard,Two-Year,Debit Card,Yes,3,661.0,1,0,18,16.0,2026-05-04,11898.0,,0
CUST-101216,2025-11-16,Paid Social,Bengaluru,Female,50,0,Premium,Annual,Net Banking,No,0,777.0,0,0,6,27.0,2026-05-05,4662.0,,0
CUST-101217,2025-04-11,Paid Search,Delhi,Male,23,0,Basic,Annual,Wallet,Yes,2,322.0,0,0,13,14.0,2026-05-13,4186.0,,0
CUST-101218,2026-03-20,Referral,Ahmedabad,Male,56,0,Standard,Annual,UPI,Yes,2,621.0,1,1,2,20.0,2026-05-09,1242.0,,0
CUST-101219,2024-08-30,Organic Search,Chennai,Female,20,0,Premium,Two-Year,UPI,No,2,898.0,1,1,21,16.0,2026-05-03,18858.0,,0
CUST-101220,2024-10-20,Organic Search,Jaipur,Male,48,0,Basic,Annual,Debit Card,Yes,3,400.0,1,0,19,17.0,2026-05-30,7600.0,,0
CUST-101221,2025-08-27,Organic Search,Pune,Female,67,1,Basic,Annual,UPI,No,0,212.0,1,1,9,28.0,2026-05-10,1908.0,,0
CUST-101222,2025-07-06,Affiliate,Surat,Female,23,0,Premium,Two-Year,Credit Card,Yes,1,844.0,1,0,10,29.0,2026-05-08,8440.0,,0
CUST-101223,2026-02-17,Paid Search,Jaipur,Male,40,0,Basic,Monthly,Debit Card,No,2,323.0,0,0,3,15.0,2026-05-16,969.0,,0
CUST-101224,2026-03-14,Organic Search,Mumbai,Female,20,0,Basic,Annual,Credit Card,No,0,197.0,1,1,2,41.0,2026-05-08,394.0,,0
CUST-101225,2024-12-08,Affiliate,Hyderabad,Female,55,0,Premium,Annual,UPI,Yes,1,863.0,1,1,3,27.0,2025-03-08,2589.0,2025-03-08,1
CUST-101226,2025-09-04,Paid Social,Delhi,Male,66,1,Basic,Annual,Credit Card,Yes,3,382.0,0,0,8,29.0,2026-05-25,3056.0,,0
CUST-101227,2025-12-05,Paid Social,Bengaluru,Female,18,0,Standard,Two-Year,UPI,No,1,569.0,0,0,5,18.0,2026-05-29,2845.0,,0
CUST-101228,2026-04-10,Email,Mumbai,Male,46,0,Standard,Annual,UPI,No,3,701.0,1,1,1,31.0,2026-05-24,701.0,,0
CUST-101229,2025-02-14,Organic Search,Surat,Female,59,0,Standard,Annual,Credit Card,No,1,563.0,1,1,15,20.0,2026-05-28,8445.0,,0
CUST-101230,2024-07-07,Organic Search,Hyderabad,Female,19,0,Basic,Two-Year,UPI,Yes,0,207.0,0,0,22,10.0,2026-05-04,4554.0,,0
CUST-101231,2025-02-12,Paid Search,Mumbai,Male,43,0,Basic,Annual,Wallet,Yes,2,341.0,0,0,15,20.0,2026-05-11,5115.0,,0
CUST-101232,2024-11-03,Organic Search,Delhi,Male,24,0,Premium,Monthly,Credit Card,No,1,851.0,1,1,18,15.0,2026-05-27,15318.0,,0
CUST-101233,2024-07-05,Referral,Delhi,Male,66,1,Premium,Monthly,Net Banking,Yes,3,965.0,1,1,22,14.0,2026-05-25,21230.0,,0
CUST-101234,2024-11-09,Organic Search,Hyderabad,Female,44,0,Basic,Monthly,Wallet,Yes,3,389.0,1,1,18,27.0,2026-05-30,7002.0,,0
CUST-101235,2024-10-20,Organic Search,Jaipur,Female,45,0,Basic,Monthly,Credit Card,Yes,1,241.0,1,1,19,20.0,2026-05-31,4579.0,,0
CUST-101236,2024-07-28,Organic Search,Delhi,Male,69,1,Standard,Annual,Credit Card,Yes,3,667.0,1,1,22,23.0,2026-05-31,14674.0,,0
CUST-101237,2025-12-13,Paid Social,Bengaluru,Male,59,0,Basic,Annual,Net Banking,No,3,402.0,1,1,5,35.0,2026-05-10,2010.0,,0
CUST-101238,2025-08-28,Organic Search,Pune,Female,34,0,Premium,Monthly,UPI,Yes,1,833.0,1,1,9,19.0,2026-05-04,7497.0,,0
CUST-101239,2024-09-21,Organic Search,Delhi,Male,50,0,Premium,Two-Year,Credit Card,Yes,0,804.0,1,1,20,26.0,2026-05-10,16080.0,,0
CUST-101240,2025-03-20,Affiliate,Bengaluru,Male,33,0,Basic,Annual,UPI,No,2,297.0,1,0,14,13.0,2026-05-29,4158.0,,0
CUST-101241,2026-02-01,Paid Social,Ahmedabad,Male,45,0,Premium,Two-Year,Debit Card,Yes,2,925.0,0,0,3,15.0,2026-05-29,2775.0,,0
CUST-101242,2024-11-24,Paid Social,Mumbai,Female,60,1,Premium,Monthly,Net Banking,No,2,946.0,1,1,13,19.0,2025-12-19,12298.0,2025-12-19,1
CUST-101243,2024-11-20,Organic Search,Delhi,Male,67,1,Standard,Monthly,Debit Card,No,2,604.0,1,1,18,21.0,2026-05-12,10872.0,,0
CUST-101244,2025-11-13,Paid Social,Jaipur,Female,67,1,Premium,Annual,Credit Card,No,3,947.0,1,0,6,23.0,2026-05-26,5682.0,,0
CUST-101245,2025-03-18,Organic Search,Delhi,Female,43,0,Basic,Annual,Credit Card,Yes,3,384.0,1,1,14,31.0,2026-05-29,5376.0,,0
CUST-101246,2025-10-06,Paid Search,Mumbai,Male,64,1,Premium,Two-Year,Credit Card,Yes,1,850.0,1,0,7,44.0,2026-05-26,5950.0,,0
CUST-101247,2024-10-19,Organic Search,Hyderabad,Female,64,1,Basic,Two-Year,Debit Card,Yes,1,256.0,1,1,19,8.0,2026-05-09,4864.0,,0
CUST-101248,2024-06-29,Affiliate,Jaipur,Male,46,0,Standard,Monthly,Wallet,Yes,0,504.0,0,0,23,8.0,2026-05-11,11592.0,,0
CUST-101249,2025-06-27,Email,Bengaluru,Male,19,0,Standard,Monthly,UPI,Yes,2,627.0,1,0,11,22.0,2026-05-13,6897.0,,0
CUST-101250,2025-04-17,Organic Search,Ahmedabad,Female,24,0,Basic,Annual,UPI,Yes,2,328.0,1,1,13,35.0,2026-05-23,4264.0,,0
CUST-101251,2026-02-07,Organic Search,Hyderabad,Male,52,0,Standard,Monthly,UPI,Yes,3,679.0,1,1,3,20.0,2026-05-08,2037.0,2026-05-08,1
CUST-101252,2025-11-08,Organic Search,Delhi,Female,61,1,Standard,Two-Year,Debit Card,Yes,0,506.0,1,0,6,17.0,2026-05-22,3036.0,,0
CUST-101253,2025-02-02,Paid Search,Pune,Female,65,1,Standard,Annual,Wallet,Yes,3,676.0,1,1,15,20.0,2026-05-23,10140.0,,0
CUST-101254,2024-08-15,Organic Search,Mumbai,Male,30,0,Standard,Annual,UPI,Yes,2,614.0,1,1,21,25.0,2026-05-03,12894.0,,0
CUST-101255,2025-07-01,Affiliate,Ahmedabad,Female,64,1,Basic,Two-Year,Credit Card,No,3,379.0,1,1,10,23.0,2026-05-17,3790.0,,0
CUST-101256,2026-01-01,Referral,Delhi,Female,60,1,Basic,Monthly,Wallet,No,0,208.0,1,1,0,21.0,2026-01-01,208.0,2026-01-01,1
CUST-101257,2025-01-06,Affiliate,Hyderabad,Male,43,0,Basic,Monthly,UPI,No,1,249.0,0,0,16,26.0,2026-05-26,3984.0,,0
CUST-101258,2025-08-24,Paid Search,Delhi,Male,37,0,Premium,Annual,Net Banking,No,3,982.0,1,1,6,21.0,2026-02-20,5892.0,2026-02-20,1
CUST-101259,2024-06-24,Email,Mumbai,Female,42,0,Standard,Annual,Wallet,Yes,3,672.0,1,0,23,29.0,2026-05-23,15456.0,,0
CUST-101260,2025-11-06,Organic Search,Bengaluru,Male,53,0,Standard,Annual,Net Banking,No,2,608.0,1,1,6,15.0,2026-05-15,3648.0,,0
CUST-101261,2026-01-31,Paid Social,Hyderabad,Male,60,1,Standard,Monthly,UPI,Yes,3,695.0,0,0,4,21.0,2026-05-12,2780.0,,0
CUST-101262,2024-11-30,Paid Social,Ahmedabad,Male,26,0,Standard,Annual,Debit Card,Yes,2,625.0,1,1,18,16.0,2026-05-28,11250.0,,0
CUST-101263,2025-10-02,Email,Hyderabad,Male,35,0,Basic,Monthly,UPI,No,1,265.0,1,1,7,5.0,2026-05-30,1855.0,,0
CUST-101264,2025-11-28,Paid Search,Pune,Male,24,0,Basic,Monthly,UPI,No,1,245.0,0,0,6,23.0,2026-05-22,1470.0,,0
CUST-101265,2024-11-22,Affiliate,Delhi,Female,66,1,Standard,Two-Year,UPI,Yes,2,615.0,1,1,18,14.0,2026-05-14,11070.0,,0
CUST-101266,2024-10-05,Organic Search,Surat,Female,39,0,Basic,Monthly,UPI,Yes,2,328.0,1,1,19,15.0,2026-05-06,6232.0,,0
CUST-101267,2025-03-07,Email,Kolkata,Female,31,0,Premium,Monthly,Wallet,No,1,865.0,1,1,3,14.0,2025-06-05,2595.0,2025-06-05,1
CUST-101268,2026-02-18,Paid Search,Delhi,Male,28,0,Basic,Monthly,Debit Card,Yes,0,237.0,1,1,3,30.0,2026-05-27,711.0,,0
CUST-101269,2025-02-24,Paid Search,Ahmedabad,Male,21,0,Standard,Two-Year,UPI,Yes,1,562.0,1,1,15,31.0,2026-05-08,8430.0,,0
CUST-101270,2024-10-29,Email,Delhi,Male,42,0,Basic,Monthly,Credit Card,Yes,2,309.0,1,1,19,10.0,2026-05-31,5871.0,,0
CUST-101271,2024-12-26,Paid Social,Mumbai,Male,58,0,Standard,Monthly,Debit Card,Yes,1,552.0,0,0,17,6.0,2026-05-09,9384.0,,0
CUST-101272,2024-12-13,Paid Social,Bengaluru,Female,34,0,Premium,Monthly,UPI,Yes,2,906.0,1,0,17,31.0,2026-05-21,15402.0,,0
CUST-101273,2025-06-24,Paid Search,Jaipur,Male,39,0,Basic,Annual,UPI,Yes,0,189.0,0,0,11,32.0,2026-05-29,2079.0,,0
CUST-101274,2025-10-03,Organic Search,Kolkata,Female,51,0,Basic,Monthly,Credit Card,Yes,1,260.0,1,0,7,21.0,2026-05-06,1820.0,,0
CUST-101275,2024-12-18,Paid Social,DELHI,Male,36,0,Standard,Annual,Net Banking,No,2,612.0,1,1,17,22.0,2026-05-10,10404.0,,0
CUST-101276,2025-01-30,Organic Search,Delhi,Female,56,0,Basic,Annual,UPI,No,2,339.0,1,1,16,21.0,2026-05-25,5424.0,,0
CUST-101277,2025-05-23,Organic Search,Ahmedabad,Female,34,0,Basic,Monthly,Net Banking,Yes,3,392.0,1,1,12,21.0,2026-05-12,4704.0,,0
CUST-101278,2025-01-12,Affiliate,Bengaluru,Female,41,0,Standard,Monthly,Debit Card,Yes,0,512.0,1,0,16,5.0,2026-05-26,8192.0,,0
CUST-101279,2025-04-27,Paid Search,Ahmedabad,Female,68,1,Basic,Monthly,Credit Card,No,1,255.0,1,1,13,22.0,2026-05-04,3315.0,,0
CUST-101280,2024-07-16,Paid Social,Jaipur,Female,61,1,Basic,Monthly,UPI,No,2,333.0,1,1,11,12.0,2025-06-11,3663.0,2025-06-11,1
CUST-101281,2025-03-05,Paid Social,Kolkata,Female,47,0,Basic,Monthly,Credit Card,No,0,214.0,1,1,14,19.0,2026-05-16,2996.0,,0
CUST-101282,2026-01-19,Paid Social,Mumbai,Male,38,0,Standard,Annual,UPI,No,2,643.0,1,1,4,20.0,2026-05-03,2572.0,,0
CUST-101283,2025-04-16,Paid Search,Hyderabad,Male,69,1,Premium,Monthly,UPI,No,1,851.0,1,0,13,23.0,2026-05-14,11063.0,,0
CUST-101284,2025-05-01,Email,Bengaluru,Female,42,0,Basic,Monthly,Net Banking,Yes,2,319.0,1,1,12,16.0,2026-05-18,3828.0,,0
CUST-101285,2025-08-14,Email,Chennai,Male,35,0,Basic,Monthly,Credit Card,Yes,3,368.0,1,1,9,13.0,2026-05-14,3312.0,,0
CUST-101286,2025-03-14,Paid Social,Bengaluru,Female,48,0,Standard,Monthly,UPI,Yes,0,539.0,1,1,10,9.0,2026-01-08,5390.0,2026-01-08,1
CUST-101287,2025-04-04,Paid Social,Mumbai,Male,39,0,Premium,Monthly,UPI,Yes,1,856.0,0,0,13,15.0,2026-05-26,11128.0,,0
CUST-101288,2024-11-26,Paid Social,Pune,Female,64,1,Basic,Monthly,UPI,Yes,2,338.0,1,0,18,18.0,2026-05-13,6084.0,,0
CUST-101289,2025-12-05,Paid Search,Ahmedabad,Male,29,0,Standard,Annual,Wallet,Yes,3,681.0,1,0,5,12.0,2026-05-26,3405.0,,0
CUST-101290,2025-07-10,Paid Social,Pune,Female,20,0,Standard,Monthly,UPI,Yes,1,572.0,1,0,10,11.0,2026-05-14,5720.0,,0
CUST-101291,2024-06-13,Paid Search,Mumbai,Male,40,0,Basic,Monthly,Credit Card,Yes,0,199.0,1,0,23,17.0,2026-05-28,4577.0,,0
CUST-101292,2025-07-13,Paid Search,Hyderabad,Male,67,1,Basic,Two-Year,Debit Card,No,1,273.0,1,0,10,24.0,2026-05-27,2730.0,,0
CUST-101293,2025-02-18,Paid Social,Chennai,Female,21,0,Standard,Annual,UPI,No,2,623.0,1,1,5,20.0,2025-07-18,3115.0,2025-07-18,1
CUST-101294,2024-06-02,Paid Social,Ahmedabad,Male,60,1,Basic,Annual,Credit Card,Yes,2,345.0,0,0,23,25.0,2026-05-27,7935.0,,0
CUST-101295,2025-06-06,Paid Social,Delhi,Male,18,0,Basic,Monthly,Debit Card,Yes,2,324.0,1,1,11,20.0,2026-05-16,3564.0,,0
CUST-101296,2024-08-02,Organic Search,Hyderabad,Female,46,0,Standard,Monthly,Net Banking,Yes,1,548.0,1,1,21,18.0,2026-05-24,11508.0,,0
CUST-101297,2024-10-19,Organic Search,Mumbai,Female,41,0,Basic,Monthly,Debit Card,Yes,3,387.0,1,1,19,27.0,2026-05-25,7353.0,,0
CUST-101298,2025-08-21,Referral,Bengaluru,Male,26,0,Basic,Annual,UPI,Yes,3,379.0,1,1,9,15.0,2026-05-20,3411.0,,0
CUST-101299,2025-06-10,Paid Social,Pune,Female,56,0,Basic,Two-Year,UPI,No,2,304.0,1,0,11,33.0,2026-05-17,3344.0,,0
CUST-101300,2024-12-25,Organic Search,Delhi,Male,27,0,Premium,Monthly,UPI,No,2,925.0,1,1,17,21.0,2026-05-04,15725.0,,0
CUST-101301,2026-02-23,Paid Search,Chennai,Male,40,0,Standard,Monthly,UPI,Yes,3,670.0,1,0,3,20.0,2026-05-28,2010.0,,0
CUST-101302,2026-05-19,Referral,Bengaluru,Female,47,0,Basic,Monthly,Wallet,Yes,3,375.0,1,1,0,25.0,2026-05-14,375.0,,0
CUST-101303,2024-08-08,Organic Search,Pune,Male,44,0,Basic,Monthly,UPI,Yes,0,200.0,1,0,21,21.0,2026-05-14,4200.0,,0
CUST-101304,2024-11-29,Affiliate,Mumbai,Male,19,0,Premium,Monthly,UPI,No,3,949.0,1,1,18,25.0,2026-05-18,17082.0,,0
CUST-101305,2024-06-04,Email,Ahmedabad,Male,41,0,Standard,Two-Year,Credit Card,Yes,2,613.0,1,0,23,26.0,2026-05-08,14099.0,,0
CUST-101306,2024-09-19,Paid Search,Ahmedabad,Female,52,0,Standard,Monthly,UPI,No,1,573.0,0,0,20,18.0,2026-05-09,11460.0,,0
CUST-101307,2025-02-21,Paid Search,Kolkata,Female,45,0,Basic,Monthly,Credit Card,Yes,1,256.0,1,1,15,10.0,2026-05-04,3840.0,,0
CUST-101308,2024-07-03,Organic Search,Kolkata,Male,55,0,Basic,Annual,UPI,Yes,0,170.0,1,1,22,0.0,2026-05-02,3740.0,,0
CUST-101309,2026-04-01,Email,Chennai,Female,58,0,Basic,Monthly,Net Banking,No,3,378.0,1,1,1,26.0,2026-05-06,378.0,,0
CUST-101310,2025-10-14,Paid Social,Mumbai,Female,27,0,Premium,Two-Year,UPI,Yes,0,806.0,0,0,7,23.0,2026-05-21,5642.0,,0
CUST-101311,2024-07-31,Email,Bengaluru,Male,59,0,Premium,Monthly,Credit Card,No,2,915.0,1,1,22,12.0,2026-05-26,20130.0,,0
CUST-101312,2024-12-29,Paid Search,Chennai,Female,64,1,Basic,Two-Year,Debit Card,Yes,3,375.0,1,0,17,14.0,2026-05-16,6375.0,,0
CUST-101313,2025-11-03,Organic Search,Pune,Male,61,1,Standard,Monthly,UPI,No,2,612.0,1,0,6,9.0,2026-05-18,3672.0,,0
CUST-101314,2024-12-17,Organic Search,Ahmedabad,Male,62,1,Premium,Monthly,UPI,No,3,988.0,1,1,17,18.0,2026-05-18,16796.0,,0
CUST-101315,2025-05-13,Referral,Kolkata,Male,29,0,Premium,Monthly,Credit Card,Yes,3,967.0,1,1,12,17.0,2026-05-31,11604.0,,0
CUST-101316,2024-08-20,Paid Search,Mumbai,Male,51,0,Standard,Two-Year,Net Banking,Yes,0,507.0,0,0,21,18.0,2026-05-05,10647.0,,0
CUST-101317,2026-02-20,Organic Search,Mumbai,Female,41,0,Basic,Monthly,Credit Card,No,0,195.0,1,0,3,14.0,2026-05-20,585.0,,0
CUST-101318,2024-07-09,Referral,Kolkata,Female,69,1,Premium,Monthly,Credit Card,Yes,0,818.0,1,1,6,16.0,2025-01-05,4908.0,2025-01-05,1
CUST-101319,2024-08-10,Affiliate,Bengaluru,Female,61,1,Basic,Monthly,Credit Card,Yes,1,252.0,1,1,16,14.0,2025-12-03,4032.0,2025-12-03,1
CUST-101320,2024-11-15,Paid Search,Delhi,Male,26,0,Basic,Monthly,Credit Card,Yes,1,242.0,1,1,6,12.0,2025-05-14,1452.0,2025-05-14,1
CUST-101321,2025-02-22,Paid Social,Bengaluru,Male,66,1,Basic,Annual,Debit Card,No,1,268.0,1,1,15,8.0,2026-05-15,4020.0,,0
CUST-101322,2025-03-17,Organic Search,Surat,Male,54,0,Standard,Two-Year,UPI,Yes,0,506.0,1,0,14,12.0,2026-05-15,7084.0,,0
CUST-101323,2025-10-18,Referral,Ahmedabad,Male,46,0,Basic,Annual,Credit Card,Yes,0,205.0,1,0,7,21.0,2026-05-03,1435.0,,0
CUST-101324,2025-09-26,Paid Social,Hyderabad,Female,41,0,Standard,Monthly,Wallet,No,2,632.0,1,1,8,5.0,2026-05-09,5056.0,,0
CUST-101325,2024-06-03,Affiliate,Delhi,Female,43,0,Premium,Annual,Debit Card,No,2,904.0,0,0,23,19.0,2026-05-25,20792.0,,0
CUST-101326,2024-08-13,Paid Social,Ahmedabad,Female,58,0,Standard,Annual,Credit Card,Yes,1,547.0,1,1,21,11.0,2026-05-23,11487.0,,0
CUST-101327,2025-01-18,Paid Search,Delhi,Female,57,0,Premium,Monthly,Debit Card,Yes,1,879.0,1,1,16,10.0,2026-05-23,14064.0,,0
CUST-101328,2025-02-22,Paid Social,Bengaluru,Male,46,0,Premium,Monthly,UPI,Yes,1,866.0,1,1,0,24.0,2025-02-22,866.0,2025-02-22,1
CUST-101329,2025-12-16,Organic Search,Mumbai,Male,69,1,Standard,Annual,Credit Card,No,0,492.0,1,1,5,25.0,2026-05-19,2460.0,,0
CUST-101330,2026-05-25,Referral,Delhi,Male,30,0,Standard,Annual,UPI,Yes,0,473.0,1,0,0,18.0,2026-05-16,473.0,,0
CUST-101331,2024-12-01,Paid Search,Pune,Female,40,0,Premium,Monthly,UPI,Yes,0,780.0,1,0,17,5.0,2026-05-06,13260.0,,0
CUST-101332,2025-10-10,Paid Search,Bengaluru,Male,49,0,Standard,Annual,UPI,Yes,1,545.0,1,1,7,24.0,2026-05-25,3815.0,,0
CUST-101333,2024-12-18,Email,Hyderabad,Male,26,0,Basic,Annual,Debit Card,Yes,0,191.0,1,0,17,20.0,2026-05-12,3247.0,,0
CUST-101334,2026-05-30,Email,Chennai,Female,43,0,Premium,Two-Year,Credit Card,Yes,1,864.0,1,1,0,33.0,2026-05-20,864.0,,0
CUST-101335,2025-08-29,Affiliate,Delhi,Male,61,1,Standard,Two-Year,Wallet,Yes,1,539.0,1,1,9,14.0,2026-05-15,4851.0,,0
CUST-101336,2024-07-28,Organic Search,Delhi,Female,53,0,Premium,Monthly,UPI,Yes,1,851.0,1,1,22,20.0,2026-05-29,18722.0,,0
CUST-101337,2024-08-08,Paid Search,Bengaluru,Male,54,0,Basic,Monthly,UPI,Yes,2,300.0,1,1,6,14.0,2025-02-04,1800.0,2025-02-04,1
CUST-101338,2025-03-23,Affiliate,Bengaluru,Male,26,0,Basic,Annual,Debit Card,No,0,193.0,1,0,14,3.0,2026-05-17,2702.0,,0
CUST-101339,2025-04-20,Paid Social,Ahmedabad,Male,25,0,Standard,Annual,UPI,No,0,535.0,1,1,13,3.0,2026-05-12,6955.0,,0
CUST-101340,2024-11-15,Organic Search,Delhi,Female,40,0,Standard,Monthly,Credit Card,No,3,697.0,0,0,18,20.0,2026-05-16,12546.0,,0
CUST-101341,2024-07-29,Affiliate,Mumbai,Female,34,0,Basic,Annual,UPI,Yes,3,388.0,1,1,22,18.0,2026-05-31,8536.0,,0
CUST-101342,2026-04-18,Paid Social,Delhi,Male,18,0,Premium,Two-Year,UPI,No,0,791.0,1,0,1,18.0,2026-05-22,791.0,,0
CUST-101343,2025-10-14,Paid Search,Surat,Female,46,0,Standard,Monthly,Credit Card,Yes,0,483.0,1,1,0,18.0,2025-10-14,483.0,2025-10-14,1
CUST-101344,2026-03-22,Email,Pune,Female,57,0,Basic,Monthly,Credit Card,No,2,318.0,0,0,2,17.0,2026-05-22,636.0,,0
CUST-101345,2024-12-27,Paid Search,Delhi,Female,56,0,Standard,Monthly,UPI,No,1,536.0,1,1,17,5.0,2026-05-30,9112.0,,0
CUST-101346,2025-07-20,Paid Social,Bengaluru,Female,23,0,Basic,Monthly,UPI,Yes,0,209.0,1,1,10,7.0,2026-05-21,2090.0,,0
CUST-101347,2025-09-07,Paid Social,Pune,Female,58,0,Standard,Annual,UPI,Yes,1,556.0,1,1,8,19.0,2026-05-14,4448.0,,0
CUST-101348,2025-01-10,Paid Social,Delhi,Male,37,0,Basic,Monthly,UPI,No,3,379.0,0,0,16,22.0,2026-05-19,6064.0,,0
CUST-101349,2025-09-13,Organic Search,Bengaluru,Male,26,0,Basic,Annual,Wallet,Yes,0,174.0,1,1,8,19.0,2026-05-05,1392.0,,0
CUST-101350,2025-07-03,Referral,Hyderabad,Male,42,0,Premium,Monthly,Debit Card,No,2,920.0,1,1,10,26.0,2026-05-16,9200.0,,0
CUST-101351,2026-02-15,Affiliate,Ahmedabad,Male,29,0,Basic,Annual,UPI,No,3,375.0,1,1,3,21.0,2026-05-02,1125.0,,0
CUST-101352,2026-02-26,Paid Social,Bengaluru,Female,52,0,Standard,Monthly,UPI,No,3,665.0,1,1,3,21.0,2026-05-09,1995.0,,0
CUST-101353,2026-04-08,Paid Social,Bengaluru,Female,56,0,Standard,Annual,UPI,No,2,622.0,1,1,1,23.0,2026-05-29,622.0,,0
CUST-101354,2025-07-24,Affiliate,Hyderabad,Male,55,0,Basic,Monthly,UPI,Yes,1,253.0,1,1,5,22.0,2025-12-21,1265.0,2025-12-21,1
CUST-101355,2024-07-11,Organic Search,Surat,Female,24,0,Premium,Annual,Wallet,No,1,863.0,1,1,22,19.0,2026-05-13,18986.0,,0
CUST-101356,2025-12-10,Paid Search,Chennai,Female,36,0,Basic,Monthly,UPI,No,2,328.0,1,0,5,17.0,2026-05-25,1640.0,,0
CUST-101357,2025-03-28,Paid Social,Bengaluru,Male,43,0,Standard,Monthly,Net Banking,Yes,3,663.0,1,0,14,21.0,2026-05-20,9282.0,,0
CUST-101358,2025-10-15,Referral,Mumbai,Female,69,1,Standard,Monthly,Net Banking,Yes,1,561.0,1,1,7,18.0,2026-05-10,3927.0,,0
CUST-101359,2025-09-30,Organic Search,Pune,Male,46,0,Standard,Monthly,Debit Card,Yes,2,620.0,1,1,8,19.0,2026-05-05,4960.0,,0
CUST-101360,2024-08-11,Paid Search,Chennai,Male,51,0,Basic,Annual,Credit Card,No,3,398.0,1,0,21,18.0,2026-05-15,8358.0,,0
CUST-101361,2024-10-18,Paid Social,Jaipur,Male,35,0,Premium,Monthly,UPI,No,3,992.0,1,0,19,8.0,2026-05-17,18848.0,,0
CUST-101362,2025-12-05,Paid Search,Chennai,Female,33,0,Premium,Two-Year,Net Banking,Yes,3,974.0,0,0,5,26.0,2026-05-05,4870.0,,0
CUST-101363,2025-07-11,Organic Search,Mumbai,Male,59,0,Standard,Monthly,Net Banking,No,1,553.0,1,0,10,17.0,2026-05-11,5530.0,,0
CUST-101364,2024-10-31,Paid Social,Hyderabad,Male,61,1,Standard,Monthly,Credit Card,Yes,2,621.0,1,1,8,20.0,2025-06-28,4968.0,2025-06-28,1
CUST-101365,2026-02-12,Paid Search,Kolkata,Female,20,0,Basic,Two-Year,UPI,Yes,0,182.0,1,1,3,20.0,2026-05-21,546.0,,0
CUST-101366,2026-02-25,Organic Search,Hyderabad,Female,46,0,Basic,Monthly,UPI,Yes,0,184.0,1,1,3,13.0,2026-05-25,552.0,,0
CUST-101367,2024-11-10,Organic Search,Hyderabad,Male,58,0,Standard,Annual,UPI,Yes,1,552.0,1,1,18,32.0,2026-05-14,9936.0,,0
CUST-101368,2025-01-12,Organic Search,Bengaluru,Male,26,0,Basic,Monthly,UPI,Yes,3,343.0,1,1,16,28.0,2026-05-31,5488.0,,0
CUST-101369,2024-10-20,Paid Social,Pune,Female,51,0,Standard,Annual,Credit Card,Yes,1,544.0,1,1,19,32.0,2026-05-04,10336.0,,0
CUST-101370,2025-07-17,Organic Search,Delhi,Female,42,0,Basic,Annual,Net Banking,Yes,1,254.0,1,1,10,14.0,2026-05-04,2540.0,,0
CUST-101371,2025-12-12,Email,Ahmedabad,Male,44,0,Basic,Monthly,Debit Card,No,3,420.0,1,1,5,22.0,2026-05-11,2100.0,,0
CUST-101372,2024-12-26,Paid Social,Chennai,Male,48,0,Basic,Annual,Debit Card,Yes,1,249.0,1,1,17,19.0,2026-05-23,4233.0,,0
CUST-101373,2024-06-14,Affiliate,Jaipur,Male,63,1,Basic,Monthly,Debit Card,Yes,0,209.0,0,0,23,24.0,2026-05-25,4807.0,,0
CUST-101374,2024-06-07,Email,Kolkata,Female,22,0,Standard,Annual,Debit Card,Yes,0,496.0,1,1,3,3.0,2024-09-05,1488.0,2024-09-05,1
CUST-101375,2024-12-09,Organic Search,Delhi,Female,28,0,Standard,Monthly,Credit Card,Yes,0,506.0,1,1,1,19.0,2025-01-08,506.0,2025-01-08,1
CUST-101376,2025-12-21,Paid Search,Ahmedabad,Female,35,0,Basic,Monthly,Net Banking,No,3,363.0,1,0,5,22.0,2026-05-12,1815.0,,0
CUST-101377,2025-02-20,Affiliate,Mumbai,Male,59,0,Basic,Monthly,UPI,No,2,296.0,1,1,15,27.0,2026-05-08,4440.0,,0
CUST-101378,2025-11-04,Paid Search,Chennai,Female,48,0,Basic,Annual,Wallet,Yes,0,220.0,1,1,6,13.0,2026-05-12,1320.0,,0
CUST-101379,2026-03-24,Paid Social,Pune,Male,27,0,Standard,Two-Year,UPI,Yes,2,599.0,1,1,2,9.0,2026-05-27,1198.0,,0
CUST-101380,2026-04-05,Paid Social,Surat,Female,19,0,Basic,Two-Year,Debit Card,Yes,1,281.0,0,0,1,32.0,2026-05-03,281.0,,0
CUST-101381,2025-01-13,Organic Search,Delhi,Male,69,1,Standard,Annual,Credit Card,Yes,2,613.0,1,1,16,22.0,2026-05-28,9808.0,,0
CUST-101382,2025-07-23,Paid Search,Bengaluru,Male,25,0,Standard,Annual,Credit Card,Yes,3,667.0,1,1,10,30.0,2026-05-30,6670.0,,0
CUST-101383,2025-11-14,Email,Chennai,Male,19,0,Basic,Two-Year,Credit Card,Yes,1,251.0,1,0,6,17.0,2026-05-21,1506.0,,0
CUST-101384,2024-10-16,Email,Mumbai,Male,39,0,Basic,Monthly,UPI,No,1,283.0,1,1,1,25.0,2024-11-15,283.0,2024-11-15,1
CUST-101385,2025-10-21,Organic Search,Surat,Male,46,0,Basic,Monthly,Debit Card,No,1,249.0,1,1,3,23.0,2026-01-19,747.0,2026-01-19,1
CUST-101386,2024-10-03,Referral,Pune,Female,31,0,Basic,Annual,UPI,Yes,2,313.0,1,1,19,30.0,2026-05-25,5947.0,,0
CUST-101387,2025-07-17,Paid Social,Ahmedabad,Female,26,0,Basic,Monthly,Credit Card,Yes,0,214.0,1,1,4,13.0,2025-11-14,856.0,2025-11-14,1
CUST-101388,2025-03-11,Affiliate,Ahmedabad,Male,22,0,Premium,Annual,Net Banking,No,2,926.0,1,1,14,30.0,2026-05-17,12964.0,,0
CUST-101389,2025-03-07,Organic Search,Kolkata,Male,39,0,Basic,Monthly,Credit Card,Yes,3,410.0,1,1,14,27.0,2026-05-14,5740.0,,0
CUST-101390,2025-01-28,Email,Pune,Male,67,1,Basic,Monthly,Net Banking,No,3,396.0,1,1,15,9.0,2026-04-23,5940.0,2026-04-23,1
CUST-101391,2025-05-23,Affiliate,Hyderabad,Female,25,0,Premium,Annual,UPI,Yes,1,849.0,1,1,9,28.0,2026-02-17,7641.0,2026-02-17,1
CUST-101392,2025-03-25,Organic Search,Chennai,Male,47,0,Premium,Monthly,UPI,Yes,1,879.0,1,1,14,23.0,2026-05-11,12306.0,,0
CUST-101393,2024-12-08,Organic Search,Delhi,Male,28,0,Standard,Two-Year,UPI,Yes,3,650.0,1,1,17,22.0,2026-05-25,11050.0,,0
CUST-101394,2024-11-11,Affiliate,Chennai,Male,53,0,Standard,Two-Year,Net Banking,No,3,691.0,1,1,18,22.0,2026-05-08,12438.0,,0
CUST-101395,2025-05-22,Organic Search,Jaipur,Male,21,0,Basic,Annual,Net Banking,Yes,1,249.0,1,1,12,12.0,2026-05-25,2988.0,,0
CUST-101396,2026-05-22,Paid Search,Mumbai,Female,28,0,Premium,Annual,Net Banking,No,1,868.0,0,0,0,19.0,2026-05-12,868.0,,0
CUST-101397,2025-09-18,Affiliate,Hyderabad,Male,18,0,Standard,Monthly,Credit Card,Yes,3,708.0,1,0,8,25.0,2026-05-12,5664.0,,0
CUST-101398,2024-08-02,Paid Search,Delhi,Male,51,0,Standard,Monthly,UPI,Yes,1,534.0,0,0,21,19.0,2026-05-09,11214.0,,0
CUST-101399,2024-07-23,Paid Social,Delhi,Female,55,0,Basic,Two-Year,UPI,No,3,393.0,0,0,22,24.0,2026-05-10,8646.0,,0
CUST-101400,2025-11-21,Paid Social,Delhi,Male,26,0,Basic,Monthly,Credit Card,Yes,1,272.0,1,0,6,13.0,2026-05-02,1632.0,,0
CUST-101401,2025-07-04,Organic Search,Kolkata,Female,41,0,Standard,Monthly,UPI,Yes,2,629.0,1,1,10,14.0,2026-05-25,6290.0,,0
CUST-101402,2025-07-19,Email,Ahmedabad,Male,33,0,Basic,Monthly,Debit Card,No,2,304.0,1,1,3,20.0,2025-10-17,912.0,2025-10-17,1
CUST-101403,2025-02-27,Paid Social,Delhi,Female,20,0,Standard,Annual,Net Banking,No,3,678.0,1,1,15,25.0,2026-05-31,10170.0,,0
CUST-101404,2025-07-11,Organic Search,Hyderabad,Female,19,0,Basic,Annual,UPI,No,3,365.0,1,1,10,21.0,2026-05-31,3650.0,,0
CUST-101405,2025-08-01,Paid Social,Ahmedabad,Male,66,1,Standard,Monthly,Debit Card,No,0,505.0,1,0,9,15.0,2026-05-06,4545.0,,0
CUST-101406,2025-08-22,Email,Chennai,Female,51,0,Basic,Monthly,Credit Card,No,3,359.0,1,1,9,28.0,2026-05-07,3231.0,,0
CUST-101407,2026-04-19,Organic Search,Jaipur,Male,52,0,Premium,Annual,UPI,No,0,792.0,1,1,1,23.0,2026-05-19,792.0,2026-05-19,1
CUST-101408,2026-03-22,Affiliate,Ahmedabad,Male,33,0,Standard,Monthly,UPI,No,3,688.0,1,0,2,16.0,2026-05-15,1376.0,,0
CUST-101409,2026-01-31,Referral,Mumbai,Female,31,0,Standard,Monthly,Credit Card,Yes,2,608.0,1,1,4,9.0,2026-05-05,2432.0,,0
CUST-101410,2025-10-06,Affiliate,Surat,Female,59,0,Basic,Monthly,Debit Card,No,2,313.0,1,1,7,23.0,2026-05-20,2191.0,,0
CUST-101411,2025-10-14,Email,Mumbai,Male,40,0,Standard,Annual,Credit Card,Yes,0,485.0,1,1,7,15.0,2026-05-22,3395.0,,0
CUST-101412,2024-12-15,Affiliate,Ahmedabad,Male,23,0,Basic,Monthly,UPI,Yes,3,383.0,1,1,17,23.0,2026-05-26,6511.0,,0
CUST-101413,2026-02-20,Email,Jaipur,Male,43,0,Basic,Monthly,UPI,No,2,317.0,1,1,3,16.0,2026-05-20,951.0,,0
CUST-101414,2024-12-14,Organic Search,Kolkata,Female,45,0,Basic,Monthly,Debit Card,Yes,2,308.0,1,1,10,33.0,2025-10-10,3080.0,2025-10-10,1
CUST-101415,2024-08-30,Referral,Pune,Female,47,0,Basic,Monthly,UPI,No,0,190.0,1,1,21,14.0,2026-05-02,3990.0,,0
CUST-101416,2026-01-25,Paid Search,Bengaluru,Male,45,0,Premium,Two-Year,Debit Card,Yes,3,981.0,1,1,4,37.0,2026-05-07,3924.0,,0
CUST-101417,2025-03-29,Paid Search,Jaipur,Female,62,1,Basic,Two-Year,UPI,No,0,183.0,0,0,14,23.0,2026-05-13,2562.0,,0
CUST-101418,2025-05-15,Affiliate,Pune,Male,30,0,Premium,Annual,Debit Card,Yes,1,858.0,1,0,12,25.0,2026-05-11,10296.0,,0
CUST-101419,2025-09-03,Email,Pune,Female,48,0,Premium,Monthly,UPI,Yes,1,859.0,1,1,8,18.0,2026-05-13,6872.0,,0
CUST-101420,2025-10-27,Referral,Chennai,Female,64,1,Standard,Monthly,UPI,Yes,1,561.0,1,1,7,13.0,2026-05-28,3927.0,,0
CUST-101421,2024-07-29,Paid Social,Pune,Female,68,1,Basic,Annual,Credit Card,No,3,371.0,1,1,22,28.0,2026-05-27,8162.0,,0
CUST-101422,2025-03-02,Paid Social,Bengaluru,Male,68,1,Standard,Monthly,Debit Card,No,3,688.0,1,1,14,23.0,2026-05-31,9632.0,,0
CUST-101423,2025-12-25,Paid Social,Delhi,Male,55,0,Premium,Annual,Wallet,No,2,933.0,1,0,5,14.0,2026-05-07,4665.0,,0
CUST-101424,2025-11-21,Paid Social,Bengaluru,Male,23,0,Basic,Monthly,Wallet,No,2,329.0,1,1,0,22.0,2025-11-21,329.0,2025-11-21,1
CUST-101425,2025-09-02,Paid Social,Bengaluru,Female,69,1,Basic,Annual,Credit Card,Yes,3,382.0,0,0,8,26.0,2026-05-13,3056.0,,0
CUST-101426,2025-04-06,Organic Search,Delhi,Female,19,0,Basic,Monthly,Debit Card,Yes,2,298.0,1,1,13,8.0,2026-05-17,3874.0,,0
CUST-101427,2025-02-14,Organic Search,Bengaluru,Male,46,0,Basic,Monthly,Credit Card,Yes,3,404.0,1,1,15,28.0,2026-05-22,6060.0,,0
CUST-101428,2025-05-26,Referral,Chennai,Male,41,0,Basic,Monthly,Credit Card,Yes,0,200.0,1,1,12,24.0,2026-05-28,2400.0,,0
CUST-101429,2024-10-11,Paid Social,Delhi,Male,53,0,Basic,Monthly,UPI,Yes,3,384.0,0,0,19,11.0,2026-05-28,7296.0,,0
CUST-101430,2026-04-08,Email,Ahmedabad,Female,58,0,Standard,Monthly,Debit Card,Yes,1,548.0,1,0,1,30.0,2026-05-29,548.0,,0
CUST-101431,2024-10-16,Paid Search,Mumbai,Female,56,0,Standard,Monthly,Wallet,Yes,0,496.0,1,1,6,25.0,2025-04-14,2976.0,2025-04-14,1
CUST-101432,2025-05-27,Organic Search,Mumbai,Male,29,0,Basic,Two-Year,UPI,Yes,0,217.0,1,1,12,6.0,2026-05-05,2604.0,,0
CUST-101433,2025-12-04,Organic Search,Chennai,Female,57,0,Premium,Monthly,UPI,No,3,991.0,0,0,5,18.0,2026-05-02,4955.0,,0
CUST-101434,2024-11-11,Organic Search,Bengaluru,Male,57,0,Basic,Monthly,UPI,No,3,374.0,1,0,18,14.0,2026-05-29,6732.0,,0
CUST-101435,2026-05-22,Email,Mumbai,Female,19,0,Basic,Monthly,Credit Card,No,1,282.0,1,1,0,9.0,2026-05-22,282.0,2026-05-22,1
CUST-101436,2025-06-23,Organic Search,Chennai,Male,51,0,Basic,Monthly,Credit Card,Yes,3,364.0,1,1,11,25.0,2026-05-31,4004.0,,0
CUST-101437,2024-09-24,Paid Search,Ahmedabad,Male,24,0,Basic,Two-Year,UPI,Yes,2,294.0,1,1,20,23.0,2026-05-31,5880.0,,0
CUST-101438,2024-06-07,Email,Mumbai,Female,47,0,Standard,Monthly,Credit Card,Yes,3,650.0,1,1,23,17.0,2026-05-05,14950.0,,0
CUST-101439,2025-01-14,Email,Chennai,Female,29,0,Basic,Two-Year,Net Banking,Yes,3,391.0,1,1,16,18.0,2026-05-02,6256.0,,0
CUST-101440,2024-12-21,Organic Search,Bengaluru,Male,36,0,Premium,Annual,UPI,Yes,0,789.0,1,1,17,18.0,2026-05-28,13413.0,,0
CUST-101441,2024-07-07,Organic Search,Chennai,Female,32,0,Premium,Monthly,Debit Card,No,3,977.0,1,0,22,22.0,2026-05-06,21494.0,,0
CUST-101442,2025-08-15,Organic Search,Chennai,Male,62,1,Basic,Monthly,Net Banking,Yes,3,395.0,1,1,9,16.0,2026-05-11,3555.0,,0
CUST-101443,2025-06-12,Organic Search,Jaipur,Male,65,1,Standard,Monthly,Credit Card,Yes,2,624.0,1,1,11,20.0,2026-05-13,6864.0,,0
CUST-101444,2024-07-22,Organic Search,Ahmedabad,Female,59,0,Standard,Monthly,UPI,Yes,1,541.0,1,0,22,22.0,2026-05-25,11902.0,,0
CUST-101445,2026-01-26,Paid Search,Chennai,Female,55,0,Premium,Monthly,Wallet,Yes,2,943.0,1,1,2,25.0,2026-03-27,1886.0,2026-03-27,1
CUST-101446,2025-04-28,Affiliate,Hyderabad,Male,36,0,Basic,Annual,UPI,No,3,375.0,1,1,13,25.0,2026-05-12,4875.0,,0
CUST-101447,2025-08-04,Paid Search,Mumbai,Female,25,0,Standard,Annual,UPI,Yes,1,558.0,1,0,9,20.0,2026-05-15,5022.0,,0
CUST-101448,2025-08-11,Paid Search,Jaipur,Female,47,0,Basic,Monthly,UPI,Yes,0,188.0,1,1,9,15.0,2026-05-19,1692.0,,0
CUST-101449,2026-02-01,Organic Search,Delhi,Male,40,0,Basic,Annual,Net Banking,Yes,0,182.0,1,1,3,14.0,2026-05-31,546.0,,0
CUST-101450,2024-11-13,Affiliate,Kolkata,Male,32,0,Premium,Two-Year,UPI,Yes,3,982.0,1,0,18,24.0,2026-05-24,17676.0,,0
CUST-101451,2024-07-01,Paid Search,Pune,Male,30,0,Basic,Monthly,Credit Card,Yes,2,297.0,1,1,22,22.0,2026-05-06,6534.0,,0
CUST-101452,2024-11-06,Affiliate,Bengaluru,Female,26,0,Basic,Monthly,Debit Card,Yes,0,198.0,1,1,18,19.0,2026-04-30,3564.0,2026-04-30,1
CUST-101453,2025-10-10,Email,Mumbai,Female,61,1,Basic,Monthly,Credit Card,No,2,343.0,1,0,7,13.0,2026-05-21,2401.0,,0
CUST-101454,2025-10-01,Paid Social,Jaipur,Male,34,0,Premium,Monthly,Debit Card,Yes,1,870.0,0,0,7,19.0,2026-05-24,6090.0,,0
CUST-101455,2025-01-13,Organic Search,Bengaluru,Male,65,1,Basic,Monthly,UPI,Yes,1,262.0,1,1,1,8.0,2025-02-12,262.0,2025-02-12,1
CUST-101456,2026-05-12,Organic Search,Ahmedabad,Male,52,0,Basic,Monthly,Debit Card,Yes,0,183.0,1,0,0,19.0,2026-05-04,183.0,,0
CUST-101457,2025-10-17,Paid Social,Ahmedabad,Female,26,0,Standard,Annual,UPI,Yes,0,498.0,1,1,4,15.0,2026-02-14,1992.0,2026-02-14,1
CUST-101458,2025-01-11,Email,Chennai,Female,21,0,Basic,Monthly,UPI,No,3,367.0,1,1,16,13.0,2026-05-08,5872.0,,0
CUST-101459,2026-05-19,Paid Social,Mumbai,Male,39,0,Basic,Annual,UPI,Yes,2,341.0,1,0,0,12.0,2026-05-03,341.0,,0
CUST-101460,2024-10-30,Referral,Pune,Female,22,0,Standard,Monthly,Credit Card,No,3,672.0,1,1,19,26.0,2026-05-05,12768.0,,0
CUST-101461,2024-06-23,Paid Search,Hyderabad,Male,67,1,Premium,Monthly,UPI,Yes,0,787.0,1,1,20,15.0,2026-02-13,15740.0,2026-02-13,1
CUST-101462,2026-05-19,Organic Search,Mumbai,Female,65,1,Standard,Monthly,Credit Card,Yes,1,556.0,1,1,0,17.0,2026-05-29,556.0,,0
CUST-101463,2025-04-15,Paid Social,Bengaluru,Female,52,0,Basic,Monthly,UPI,Yes,1,247.0,1,0,13,14.0,2026-05-17,3211.0,,0
CUST-101464,2026-01-30,Paid Search,Mumbai,Female,33,0,Basic,Monthly,Credit Card,No,0,203.0,1,1,2,12.0,2026-03-31,406.0,2026-03-31,1
CUST-101465,2026-02-16,Referral,Jaipur,Male,63,1,Standard,Monthly,UPI,Yes,3,706.0,1,1,3,23.0,2026-05-26,2118.0,,0
CUST-101466,2026-04-14,Paid Social,Kolkata,Female,51,0,Basic,Annual,Credit Card,No,3,379.0,1,1,1,21.0,2026-05-03,379.0,,0
CUST-101467,2025-12-06,Organic Search,Mumbai,Female,36,0,Standard,Monthly,Net Banking,Yes,0,485.0,1,0,5,9.0,2026-05-15,2425.0,,0
CUST-101468,2024-07-04,Referral,Bengaluru,Female,63,1,Standard,Monthly,UPI,No,3,677.0,1,1,22,11.0,2026-05-12,14894.0,,0
CUST-101469,2025-07-03,Organic Search,Bengaluru,Female,28,0,Premium,Monthly,Debit Card,Yes,3,960.0,1,1,10,18.0,2026-05-05,9600.0,,0
CUST-101470,2026-04-12,Email,Surat,Female,47,0,Basic,Monthly,Credit Card,No,1,302.0,1,1,1,16.0,2026-05-12,302.0,2026-05-12,1
CUST-101471,2025-12-10,Organic Search,Delhi,Male,53,0,Premium,Monthly,UPI,Yes,2,946.0,1,1,2,24.0,2026-02-08,1892.0,2026-02-08,1
CUST-101472,2026-02-02,Organic Search,Bengaluru,Male,65,1,Basic,Monthly,UPI,No,1,278.0,0,0,3,2.0,2026-05-25,834.0,,0
CUST-101473,2025-12-26,Paid Search,Jaipur,Female,25,0,Standard,Monthly,UPI,No,1,570.0,1,1,5,15.0,2026-05-23,2850.0,,0
CUST-101474,2025-01-05,Paid Search,Mumbai,Male,32,0,Basic,Monthly,Debit Card,Yes,1,257.0,1,1,16,20.0,2026-05-18,4112.0,,0
CUST-101475,2025-12-18,Paid Search,Bengaluru,Female,61,1,Standard,Two-Year,UPI,No,0,497.0,1,1,5,18.0,2026-05-10,2485.0,,0
CUST-101476,2025-08-30,Paid Social,Ahmedabad,Female,43,0,Basic,Annual,Wallet,Yes,3,376.0,0,0,9,21.0,2026-05-23,3384.0,,0
CUST-101477,2025-07-29,Email,Pune,Female,57,0,Basic,Monthly,Debit Card,No,0,235.0,1,0,10,12.0,2026-05-24,2350.0,,0
CUST-101478,2024-10-04,Paid Social,Delhi,Female,58,0,Basic,Monthly,Credit Card,Yes,1,256.0,1,1,19,13.0,2026-05-09,4864.0,,0
CUST-101479,2024-08-18,Paid Social,Surat,Female,33,0,Basic,Two-Year,Wallet,Yes,3,371.0,1,1,21,26.0,2026-05-30,7791.0,,0
CUST-101480,2025-04-01,Paid Social,Delhi,Female,35,0,Premium,Monthly,UPI,Yes,2,917.0,0,0,13,18.0,2026-05-07,11921.0,,0
CUST-101481,2024-11-28,Organic Search,Mumbai,Male,43,0,Premium,Monthly,Debit Card,No,0,807.0,1,1,18,16.0,2026-05-06,14526.0,,0
CUST-101482,2025-08-14,Paid Search,Chennai,Male,19,0,Standard,Annual,UPI,No,1,507.0,1,0,9,32.0,2026-05-28,4563.0,,0
CUST-101483,2025-01-16,Organic Search,Chennai,Male,59,0,Standard,Monthly,Credit Card,Yes,2,625.0,1,1,9,29.0,2025-10-13,5625.0,2025-10-13,1
CUST-101484,2024-08-20,Paid Search,Hyderabad,Male,24,0,Basic,Monthly,UPI,Yes,0,161.0,0,0,21,17.0,2026-05-13,3381.0,,0
CUST-101485,2024-06-25,Organic Search,Hyderabad,Female,66,1,Basic,Monthly,Net Banking,No,3,401.0,1,1,23,29.0,2026-05-25,9223.0,,0
CUST-101486,2026-05-06,Email,Mumbai,Male,58,0,Basic,Monthly,UPI,Yes,2,293.0,1,1,0,25.0,2026-05-25,293.0,,0
CUST-101487,2024-08-18,Paid Social,Pune,Female,36,0,Standard,Monthly,Credit Card,No,1,547.0,1,1,21,15.0,2026-05-30,11487.0,,0
CUST-101488,2026-04-09,Affiliate,Ahmedabad,Male,21,0,Premium,Monthly,Wallet,Yes,3,950.0,1,1,1,11.0,2026-05-09,950.0,2026-05-09,1
CUST-101489,2025-07-14,Paid Social,Mumbai,Male,59,0,Basic,Annual,UPI,Yes,1,286.0,1,0,10,25.0,2026-05-10,2860.0,,0
CUST-101490,2026-02-23,Organic Search,Jaipur,Female,41,0,Basic,Monthly,Wallet,Yes,1,259.0,0,0,3,15.0,2026-05-11,777.0,,0
CUST-101491,2026-03-27,Affiliate,Hyderabad,Male,28,0,Basic,Monthly,Credit Card,No,1,292.0,1,1,0,23.0,2026-03-27,292.0,2026-03-27,1
CUST-101492,2024-09-02,Paid Search,Mumbai,Female,40,0,Standard,Monthly,Net Banking,Yes,1,589.0,1,1,20,23.0,2026-04-25,11780.0,2026-04-25,1
CUST-101493,2025-06-30,Referral,Ahmedabad,Male,64,1,Basic,Two-Year,Credit Card,No,3,398.0,1,1,11,13.0,2026-05-24,4378.0,,0
CUST-101494,2025-10-01,Paid Social,Jaipur,Male,53,0,Basic,Monthly,Net Banking,Yes,0,178.0,1,1,7,19.0,2026-05-13,1246.0,,0
CUST-101495,2025-09-04,Paid Search,Ahmedabad,Male,53,0,Basic,Monthly,Net Banking,Yes,3,381.0,1,1,5,34.0,2026-02-01,1905.0,2026-02-01,1
CUST-101496,2026-03-12,Affiliate,Mumbai,Female,44,0,Basic,Annual,UPI,Yes,3,399.0,1,1,2,22.0,2026-05-31,798.0,,0
CUST-101497,2024-10-01,Paid Search,Mumbai,Male,25,0,Standard,Monthly,Debit Card,No,3,685.0,1,1,19,25.0,2026-05-24,13015.0,,0
CUST-101498,2024-09-09,Paid Social,Ahmedabad,Female,67,1,Premium,Monthly,Wallet,Yes,2,913.0,0,0,20,22.0,2026-05-21,18260.0,,0
CUST-101499,2026-01-30,Paid Search,Delhi,Female,56,0,Basic,Monthly,Debit Card,Yes,0,204.0,1,1,4,5.0,2026-05-12,816.0,,0
CUST-101500,2025-09-15,Referral,Surat,Male,44,0,Basic,Two-Year,Wallet,No,3,386.0,1,1,8,9.0,2026-05-12,3088.0,,0
CUST-101501,2026-04-01,Email,Delhi,Male,55,0,Basic,Annual,Debit Card,Yes,2,297.0,1,1,1,20.0,2026-05-18,297.0,,0
CUST-101502,2024-10-27,Paid Social,Bengaluru,Male,36,0,Standard,Monthly,UPI,No,1,550.0,1,1,4,6.0,2025-02-24,2200.0,2025-02-24,1
CUST-101503,2024-07-12,Paid Social,Hyderabad,Female,56,0,Standard,Two-Year,Net Banking,No,2,629.0,1,0,22,30.0,2026-05-22,13838.0,,0
CUST-101504,2025-10-16,Affiliate,Bengaluru,Male,68,1,Standard,Annual,Debit Card,Yes,1,572.0,1,0,7,24.0,2026-05-11,4004.0,,0
CUST-101505,2025-12-05,Paid Search,Hyderabad,Male,35,0,Standard,Monthly,UPI,No,3,683.0,1,1,0,31.0,2025-12-05,683.0,2025-12-05,1
CUST-101506,2025-09-16,Referral,Pune,Female,18,0,Premium,Monthly,UPI,Yes,3,973.0,1,1,8,23.0,2026-05-18,7784.0,,0
CUST-101507,2024-07-06,Paid Social,Pune,Male,56,0,Basic,Monthly,UPI,Yes,2,316.0,0,0,22,27.0,2026-05-07,6952.0,,0
CUST-101508,2026-02-26,Organic Search,Pune,Female,62,1,Basic,Monthly,Debit Card,No,3,368.0,1,0,3,20.0,2026-05-16,1104.0,,0
CUST-101509,2024-12-02,Referral,Chennai,Male,60,1,Basic,Annual,Net Banking,Yes,1,257.0,1,1,17,23.0,2026-05-26,4369.0,,0
CUST-101510,2025-05-21,Organic Search,Hyderabad,Male,68,1,Standard,Monthly,Net Banking,No,0,512.0,1,1,12,29.0,2026-05-07,6144.0,,0
CUST-101511,2024-06-17,Organic Search,Chennai,Male,36,0,Basic,Monthly,UPI,Yes,1,295.0,1,1,23,9.0,2026-05-12,6785.0,,0
CUST-101512,2025-12-06,Paid Search,Mumbai,Female,65,1,Premium,Monthly,UPI,Yes,3,961.0,1,1,0,33.0,2025-12-06,961.0,2025-12-06,1
CUST-101513,2026-01-17,Referral,Pune,Female,28,0,Standard,Monthly,UPI,Yes,3,698.0,1,1,4,9.0,2026-05-07,2792.0,,0
CUST-101514,2024-10-18,Affiliate,Hyderabad,Male,48,0,Premium,Two-Year,Debit Card,Yes,0,805.0,0,0,19,17.0,2026-05-14,15295.0,,0
CUST-101515,2024-07-28,Paid Social,Delhi,Male,64,1,Premium,Monthly,Net Banking,No,2,895.0,1,0,22,21.0,2026-05-06,19690.0,,0
CUST-101516,2025-09-12,Organic Search,Kolkata,Female,65,1,Standard,Monthly,Net Banking,No,3,678.0,1,1,8,19.0,2026-05-19,5424.0,,0
CUST-101517,2025-07-10,Email,Delhi,Male,50,0,Premium,Annual,UPI,Yes,0,796.0,1,0,10,19.0,2026-05-22,7960.0,,0
CUST-101518,2026-03-02,Organic Search,Mumbai,Female,46,0,Standard,Annual,Debit Card,No,2,619.0,1,1,2,24.0,2026-05-21,1238.0,,0
CUST-101519,2024-12-31,Organic Search,Kolkata,Male,41,0,Basic,Monthly,Debit Card,Yes,3,395.0,1,0,17,26.0,2026-05-07,6715.0,,0
CUST-101520,2025-11-10,Paid Social,Mumbai,Male,63,1,Standard,Monthly,Wallet,Yes,1,589.0,0,0,6,13.0,2026-05-02,3534.0,,0
CUST-101521,2026-02-09,Paid Search,Delhi,Male,63,1,Premium,Annual,Debit Card,No,2,938.0,1,1,3,16.0,2026-05-10,2814.0,2026-05-10,1
CUST-101522,2026-03-03,Affiliate,Delhi,Male,30,0,Standard,Monthly,Credit Card,Yes,1,562.0,1,0,2,16.0,2026-05-23,1124.0,,0
CUST-101523,2024-08-01,Referral,Kolkata,Female,25,0,Standard,Annual,Net Banking,Yes,0,504.0,1,0,21,15.0,2026-05-30,10584.0,,0
CUST-101524,2025-09-03,Referral,Bengaluru,Male,60,1,Basic,Annual,UPI,No,1,290.0,1,1,8,20.0,2026-05-30,2320.0,,0
CUST-101525,2025-02-07,Organic Search,Hyderabad,Male,60,1,Premium,Annual,Net Banking,Yes,1,843.0,1,1,3,17.0,2025-05-08,2529.0,2025-05-08,1
CUST-101526,2025-07-07,Paid Social,Chennai,Male,23,0,Basic,Two-Year,Net Banking,Yes,1,278.0,1,1,1,21.0,2025-08-06,278.0,2025-08-06,1
CUST-101527,2025-10-02,Paid Social,Pune,Male,43,0,Standard,Two-Year,Net Banking,No,1,542.0,1,1,7,15.0,2026-05-12,3794.0,,0
CUST-101528,2026-03-30,Organic Search,Jaipur,Female,44,0,Standard,Monthly,UPI,Yes,3,656.0,1,0,2,17.0,2026-05-14,1312.0,,0
CUST-101529,2025-05-09,Paid Social,Chennai,Female,20,0,Standard,Annual,Net Banking,No,2,628.0,1,0,12,12.0,2026-05-05,7536.0,,0
CUST-101530,2025-01-22,Paid Social,Delhi,Female,52,0,Basic,Annual,UPI,No,2,294.0,1,0,16,20.0,2026-05-03,4704.0,,0
CUST-101531,2024-10-18,Organic Search,Jaipur,Male,68,1,Standard,Monthly,Debit Card,Yes,2,613.0,1,1,19,13.0,2026-05-04,11647.0,,0
CUST-101532,2025-11-28,Paid Search,Bengaluru,Male,28,0,Basic,Two-Year,Wallet,Yes,1,280.0,1,1,6,21.0,2026-05-09,1680.0,,0
CUST-101533,2025-02-04,Referral,Ahmedabad,Male,58,0,Basic,Two-Year,UPI,No,3,365.0,1,1,15,31.0,2026-05-10,5475.0,,0
CUST-101534,2025-10-19,Organic Search,Mumbai,Female,22,0,Basic,Annual,Debit Card,Yes,1,286.0,0,0,7,30.0,2026-05-14,2002.0,,0
CUST-101535,2024-12-12,Paid Social,Pune,Male,29,0,Standard,Monthly,Debit Card,Yes,0,465.0,1,1,17,14.0,2026-05-19,7905.0,,0
CUST-101536,2026-01-15,Referral,Mumbai,Male,47,0,Basic,Monthly,Net Banking,Yes,1,275.0,1,1,4,38.0,2026-05-30,1100.0,,0
CUST-101537,2025-09-30,Referral,Pune,Female,66,1,Basic,Two-Year,UPI,Yes,1,238.0,1,1,8,24.0,2026-05-30,1904.0,,0
CUST-101538,2025-05-29,Affiliate,Delhi,Male,64,1,Premium,Two-Year,Wallet,Yes,1,856.0,1,0,12,18.0,2026-05-29,10272.0,,0
CUST-101539,2026-05-22,Paid Social,Bengaluru,Female,66,1,Standard,Monthly,Wallet,No,0,502.0,1,1,0,25.0,2026-05-22,502.0,2026-05-22,1
CUST-101540,2025-05-26,Affiliate,Ahmedabad,Male,69,1,Premium,Monthly,Debit Card,Yes,1,855.0,1,1,12,12.0,2026-05-12,10260.0,,0
CUST-101541,2025-06-30,Organic Search,Chennai,Female,59,0,Standard,Annual,Credit Card,Yes,0,495.0,1,1,11,17.0,2026-05-12,5445.0,,0
CUST-101542,2024-06-25,Paid Social,Delhi,Female,36,0,Basic,Monthly,Debit Card,No,1,237.0,1,1,15,14.0,2025-09-18,3555.0,2025-09-18,1
CUST-101543,2025-09-16,Organic Search,Mumbai,Male,24,0,Standard,Annual,UPI,Yes,3,700.0,1,1,8,15.0,2026-05-08,5600.0,,0
CUST-101544,2026-04-10,Paid Social,Delhi,Female,60,1,Basic,Two-Year,Debit Card,Yes,2,301.0,0,0,1,26.0,2026-05-18,301.0,,0
CUST-101545,2025-07-30,Paid Social,Bengaluru,Male,27,0,Premium,Monthly,UPI,No,3,961.0,1,1,2,23.0,2025-09-28,1922.0,2025-09-28,1
CUST-101546,2025-03-10,Organic Search,Pune,Male,45,0,Basic,Annual,UPI,Yes,0,198.0,1,1,14,22.0,2026-05-22,2772.0,,0
CUST-101547,2025-09-15,Referral,Bengaluru,Female,57,0,Premium,Monthly,UPI,Yes,3,969.0,1,0,8,26.0,2026-05-11,7752.0,,0
CUST-101548,2025-07-08,Paid Social,Ahmedabad,Female,19,0,Standard,Monthly,Debit Card,No,0,512.0,1,1,8,3.0,2026-03-05,4096.0,2026-03-05,1
CUST-101549,2024-11-02,Paid Social,Kolkata,Female,65,1,Premium,Monthly,Credit Card,Yes,2,911.0,1,1,18,28.0,2026-05-18,16398.0,,0
CUST-101550,2024-10-23,Organic Search,Bengaluru,Female,33,0,Basic,Annual,Debit Card,Yes,3,379.0,1,1,19,18.0,2026-05-04,7201.0,,0
CUST-101551,2026-03-17,Paid Social,Ahmedabad,Male,29,0,Standard,Annual,UPI,No,1,561.0,0,0,2,23.0,2026-05-27,1122.0,,0
CUST-101552,2025-08-24,Paid Social,Chennai,Male,37,0,Basic,Monthly,UPI,Yes,0,214.0,0,0,9,4.0,2026-05-30,1926.0,,0
CUST-101553,2026-03-09,Paid Social,Pune,Male,41,0,Premium,Two-Year,Credit Card,No,1,851.0,1,1,1,20.0,2026-04-08,851.0,2026-04-08,1
CUST-101554,2025-02-08,Organic Search,Pune,Male,41,0,Basic,Monthly,Debit Card,Yes,0,174.0,1,1,15,13.0,2026-05-26,2610.0,,0
CUST-101555,2026-04-28,Referral,Delhi,Male,26,0,Basic,Two-Year,UPI,No,2,307.0,1,1,1,23.0,2026-05-09,307.0,,0
CUST-101556,2025-08-01,Email,Delhi,Male,27,0,Standard,Annual,Debit Card,Yes,3,696.0,1,1,9,23.0,2026-05-08,6264.0,,0
CUST-101557,2026-02-22,Paid Search,Bengaluru,Male,42,0,Standard,Monthly,UPI,Yes,2,624.0,1,1,3,22.0,2026-05-23,1872.0,,0
CUST-101558,2025-11-19,Paid Search,Ahmedabad,Female,29,0,Standard,Monthly,Wallet,Yes,0,493.0,1,1,6,13.0,2026-05-24,2958.0,,0
CUST-101559,2026-04-08,Affiliate,Delhi,Male,51,0,Standard,Monthly,Credit Card,Yes,0,500.0,1,0,1,10.0,2026-05-21,500.0,,0
CUST-101560,2025-08-19,Email,Surat,Male,64,1,Basic,Monthly,UPI,Yes,1,255.0,1,1,9,28.0,2026-05-13,2295.0,,0
CUST-101561,2025-12-14,Paid Search,Pune,Female,18,0,Standard,Two-Year,UPI,No,3,691.0,1,1,5,32.0,2026-05-24,3455.0,,0
CUST-101562,2024-06-23,Affiliate,Delhi,Female,19,0,Basic,Annual,UPI,No,1,264.0,1,1,23,33.0,2026-05-21,6072.0,,0
CUST-101563,2025-06-26,Affiliate,Mumbai,Male,51,0,Standard,Monthly,UPI,Yes,3,675.0,1,1,0,23.0,2025-06-26,675.0,2025-06-26,1
CUST-101564,2026-01-09,Referral,Hyderabad,Female,19,0,Basic,Monthly,Net Banking,No,3,393.0,1,1,4,22.0,2026-05-22,1572.0,,0
CUST-101565,2026-01-18,Paid Social,Mumbai,Female,51,0,Basic,Monthly,Debit Card,Yes,3,397.0,1,1,4,22.0,2026-05-17,1588.0,,0
CUST-101566,2025-07-14,Organic Search,Mumbai,Female,43,0,Premium,Two-Year,UPI,Yes,0,785.0,1,0,10,13.0,2026-05-28,7850.0,,0
CUST-101567,2026-04-21,Organic Search,Mumbai,Male,41,0,Premium,Annual,Net Banking,Yes,0,785.0,1,1,1,9.0,2026-05-14,785.0,,0
CUST-101568,2024-11-21,Paid Social,Hyderabad,Male,49,0,Premium,Monthly,UPI,No,0,835.0,1,1,17,12.0,2026-04-15,14195.0,2026-04-15,1
CUST-101569,2026-01-01,Paid Search,Pune,Female,64,1,Standard,Monthly,Net Banking,Yes,1,568.0,0,0,4,11.0,2026-05-02,2272.0,,0
CUST-101570,2025-01-22,Paid Social,Ahmedabad,Male,24,0,Basic,Monthly,UPI,Yes,1,284.0,1,1,16,22.0,2026-05-08,4544.0,,0
CUST-101571,2024-12-06,Paid Search,Ahmedabad,Female,25,0,Basic,Monthly,UPI,Yes,2,332.0,1,1,17,27.0,2026-05-13,5644.0,,0
CUST-101572,2026-01-13,Paid Search,Pune,Female,54,0,Basic,Monthly,Debit Card,Yes,0,206.0,1,1,4,2.0,2026-05-22,824.0,,0
CUST-101573,2026-01-10,Affiliate,Bengaluru,Female,20,0,Standard,Monthly,UPI,Yes,1,527.0,1,1,2,12.0,2026-03-11,1054.0,2026-03-11,1
CUST-101574,2026-04-14,Organic Search,Hyderabad,Female,40,0,Basic,Annual,UPI,Yes,1,241.0,1,1,1,21.0,2026-05-07,241.0,,0
CUST-101575,2025-04-09,Organic Search,Mumbai,Female,43,0,Premium,Monthly,Net Banking,Yes,1,869.0,1,1,3,18.0,2025-07-08,2607.0,2025-07-08,1
CUST-101576,2026-01-15,Referral,Hyderabad,Female,38,0,Basic,Two-Year,Debit Card,Yes,2,305.0,1,1,4,21.0,2026-05-27,1220.0,,0
CUST-101577,2025-12-13,Affiliate,Jaipur,Female,45,0,Basic,Annual,Net Banking,Yes,2,317.0,1,1,5,20.0,2026-05-29,1585.0,,0
CUST-101578,2026-03-09,Email,Pune,Male,23,0,Premium,Monthly,Debit Card,Yes,3,993.0,1,1,2,24.0,2026-05-20,1986.0,,0
CUST-101579,2025-01-14,Affiliate,Mumbai,Female,31,0,Basic,Monthly,UPI,No,0,201.0,1,0,16,16.0,2026-05-15,3216.0,,0
CUST-101580,2025-05-24,Affiliate,Pune,Female,18,0,Basic,Monthly,Debit Card,Yes,0,205.0,1,1,6,7.0,2025-11-20,1230.0,2025-11-20,1
CUST-101581,2025-10-29,Paid Social,Delhi,Female,68,1,Standard,Annual,Net Banking,Yes,0,520.0,1,0,7,2.0,2026-05-09,3640.0,,0
CUST-101582,2025-03-31,Paid Social,Ahmedabad,Male,61,1,Premium,Monthly,UPI,Yes,1,881.0,1,0,14,14.0,2026-05-11,12334.0,,0
CUST-101583,2026-05-30,Organic Search,Delhi,Male,31,0,Basic,Two-Year,UPI,No,0,198.0,1,1,0,23.0,2026-05-27,198.0,,0
CUST-101584,2026-01-18,Paid Search,Kolkata,Female,19,0,Basic,Annual,Debit Card,No,1,278.0,1,0,4,16.0,2026-05-12,1112.0,,0
CUST-101585,2024-06-16,Email,Delhi,Male,32,0,Basic,Monthly,Net Banking,Yes,1,245.0,1,0,23,32.0,2026-05-30,5635.0,,0
CUST-101586,2025-03-15,Paid Social,Kolkata,Female,67,1,Standard,Monthly,UPI,Yes,2,622.0,1,1,14,24.0,2026-05-23,8708.0,,0
CUST-101587,2025-06-27,Paid Search,Bengaluru,Male,60,1,Basic,Monthly,Debit Card,No,1,267.0,1,0,11,12.0,2026-05-26,2937.0,,0
CUST-101588,2025-10-28,Paid Social,Bengaluru,Male,52,0,Standard,Monthly,UPI,Yes,2,617.0,1,1,7,9.0,2026-05-10,4319.0,,0
CUST-101589,2025-06-29,Organic Search,Ahmedabad,Male,65,1,Standard,Monthly,Credit Card,No,3,676.0,1,1,11,27.0,2026-05-02,7436.0,,0
CUST-101590,2025-08-21,Organic Search,Pune,Female,27,0,Premium,Annual,Debit Card,Yes,0,782.0,1,1,9,11.0,2026-05-31,7038.0,,0
CUST-101591,2025-07-31,Organic Search,Ahmedabad,Male,45,0,Standard,Monthly,UPI,No,0,498.0,1,0,10,11.0,2026-05-24,4980.0,,0
CUST-101592,2024-09-20,Email,Bengaluru,Female,59,0,Standard,Monthly,UPI,No,2,595.0,0,0,20,13.0,2026-05-11,11900.0,,0
CUST-101593,2025-02-15,Paid Social,Mumbai,Female,18,0,Standard,Annual,Debit Card,Yes,1,557.0,1,1,15,11.0,2026-05-10,8355.0,,0
CUST-101594,2025-01-12,Affiliate,Delhi,Female,40,0,Basic,Annual,UPI,Yes,3,380.0,1,1,16,20.0,2026-05-23,6080.0,,0
CUST-101595,2025-02-26,Referral,Bengaluru,Male,36,0,Basic,Monthly,Net Banking,Yes,0,210.0,1,1,15,14.0,2026-05-02,3150.0,,0
CUST-101596,2024-11-02,Organic Search,Ahmedabad,Male,27,0,Standard,Monthly,Wallet,No,0,481.0,1,1,0,8.0,2024-11-02,481.0,2024-11-02,1
CUST-101597,2026-04-28,Organic Search,Mumbai,Female,29,0,Basic,Annual,Debit Card,Yes,1,264.0,1,0,1,14.0,2026-05-29,264.0,,0
CUST-101598,2024-08-31,Affiliate,Surat,Male,68,1,Basic,Monthly,Net Banking,Yes,2,328.0,1,1,21,33.0,2026-05-19,6888.0,,0
CUST-101599,2025-01-29,Organic Search,Ahmedabad,Male,44,0,Basic,Monthly,Wallet,Yes,0,199.0,1,1,16,19.0,2026-05-30,3184.0,,0
CUST-101600,2025-04-03,Affiliate,Delhi,Female,22,0,Basic,Annual,Debit Card,No,1,266.0,1,1,13,19.0,2026-05-22,3458.0,,0
CUST-101601,2025-08-28,Organic Search,Delhi,Male,53,0,Basic,Annual,Debit Card,Yes,1,263.0,0,0,9,7.0,2026-05-21,2367.0,,0
CUST-101602,2024-10-23,Referral,Delhi,Male,48,0,Standard,Monthly,UPI,Yes,2,580.0,1,1,19,24.0,2026-05-15,11020.0,,0
CUST-101603,2025-10-30,Affiliate,Hyderabad,Female,38,0,Standard,Monthly,Net Banking,Yes,3,665.0,1,1,7,35.0,2026-05-13,4655.0,,0
CUST-101604,2024-07-23,Organic Search,Mumbai,Male,38,0,Basic,Annual,UPI,Yes,2,351.0,1,1,22,34.0,2026-05-04,7722.0,,0
CUST-101605,2024-07-13,Paid Social,Bengaluru,Male,45,0,Standard,Monthly,UPI,Yes,3,689.0,1,1,22,21.0,2026-05-08,15158.0,,0
CUST-101606,2024-10-29,Email,Pune,Male,66,1,Basic,Two-Year,Credit Card,No,2,310.0,1,1,19,24.0,2026-05-23,5890.0,,0
CUST-101607,2024-11-08,Organic Search,Delhi,Female,57,0,Premium,Monthly,UPI,No,1,864.0,1,1,18,10.0,2026-05-12,15552.0,,0
CUST-101608,2025-08-26,Paid Social,Jaipur,Female,38,0,Standard,Annual,UPI,No,0,510.0,1,1,9,19.0,2026-05-09,4590.0,,0
CUST-101609,2026-01-09,Paid Social,Surat,Female,30,0,Standard,Two-Year,Debit Card,Yes,1,582.0,0,0,4,21.0,2026-05-29,2328.0,,0
CUST-101610,2026-01-11,Organic Search,Ahmedabad,Female,23,0,Standard,Monthly,UPI,Yes,1,553.0,1,0,4,21.0,2026-05-20,2212.0,,0
CUST-101611,2024-10-10,Referral,Delhi,Male,28,0,Standard,Annual,Net Banking,Yes,3,670.0,1,1,19,32.0,2026-05-08,12730.0,,0
CUST-101612,2025-05-04,Referral,Mumbai,Female,25,0,Basic,Monthly,Wallet,Yes,1,252.0,1,1,5,22.0,2025-10-01,1260.0,2025-10-01,1
CUST-101613,2024-10-05,Paid Social,Mumbai,Male,59,0,Basic,Annual,Debit Card,No,2,310.0,1,0,19,9.0,2026-05-20,5890.0,,0
CUST-101614,2025-08-19,Affiliate,Bengaluru,Female,47,0,Premium,Two-Year,UPI,No,0,790.0,1,1,9,14.0,2026-05-05,7110.0,,0
CUST-101615,2024-12-01,Organic Search,Bengaluru,Female,19,0,Premium,Two-Year,Credit Card,No,1,862.0,1,1,17,26.0,2026-05-27,14654.0,,0
CUST-101616,2025-09-18,Organic Search,Delhi,Male,66,1,Standard,Monthly,UPI,No,3,673.0,1,1,8,10.0,2026-05-30,5384.0,,0
CUST-101617,2025-12-17,Paid Search,Mumbai,Female,25,0,Premium,Annual,Debit Card,Yes,3,978.0,1,1,5,24.0,2026-05-15,4890.0,,0
CUST-101618,2025-09-18,Email,Mumbai,Female,51,0,Basic,Annual,UPI,Yes,1,287.0,0,0,8,16.0,2026-05-07,2296.0,,0
CUST-101619,2024-06-06,Organic Search,Surat,Male,18,0,Standard,Monthly,Credit Card,No,1,545.0,1,1,23,10.0,2026-05-30,12535.0,,0
CUST-101620,2026-05-21,Organic Search,Jaipur,Female,48,0,Standard,Annual,UPI,Yes,1,564.0,1,0,0,24.0,2026-05-16,564.0,,0
CUST-101621,2025-04-27,Paid Search,Ahmedabad,Female,46,0,Basic,Monthly,Wallet,No,3,362.0,1,1,12,15.0,2026-04-22,4344.0,2026-04-22,1
CUST-101622,2025-08-18,Affiliate,Pune,Male,65,1,Premium,Two-Year,UPI,Yes,0,813.0,1,1,9,32.0,2026-05-12,7317.0,,0
CUST-101623,2025-10-14,Organic Search,Bengaluru,Male,49,0,Premium,Two-Year,Credit Card,Yes,3,996.0,1,1,7,22.0,2026-05-08,6972.0,,0
CUST-101624,2025-07-04,Paid Social,Hyderabad,Female,43,0,Premium,Monthly,UPI,Yes,2,906.0,1,0,10,25.0,2026-05-05,9060.0,,0
CUST-101625,2026-04-29,Referral,Pune,Male,45,0,Standard,Monthly,Credit Card,Yes,3,669.0,1,1,1,34.0,2026-05-30,669.0,,0
CUST-101626,2026-02-22,Paid Social,Kolkata,Male,50,0,Basic,Two-Year,Wallet,Yes,0,209.0,0,0,3,18.0,2026-05-23,627.0,,0
CUST-101627,2025-09-22,Organic Search,Ahmedabad,Female,39,0,Standard,Monthly,UPI,Yes,0,495.0,1,1,8,16.0,2026-05-20,3960.0,2026-05-20,1
CUST-101628,2025-08-27,Organic Search,Delhi,Female,55,0,Basic,Monthly,UPI,Yes,0,220.0,1,0,9,20.0,2026-05-02,1980.0,,0
CUST-101629,2025-02-10,Paid Social,Surat,Male,45,0,Premium,Monthly,UPI,Yes,1,841.0,1,1,15,29.0,2026-05-18,12615.0,,0
CUST-101630,2025-04-30,Paid Social,Mumbai,Male,68,1,Basic,Monthly,Credit Card,Yes,0,215.0,1,1,13,18.0,2026-05-14,2795.0,,0
CUST-101631,2024-06-05,Affiliate,Ahmedabad,Female,28,0,Premium,Monthly,Debit Card,No,1,893.0,1,1,23,13.0,2026-05-19,20539.0,,0
CUST-101632,2025-11-24,Paid Search,Hyderabad,Male,55,0,Standard,Monthly,Net Banking,Yes,1,565.0,1,0,6,6.0,2026-05-09,3390.0,,0
CUST-101633,2024-09-04,Referral,Chennai,Female,60,1,Basic,Two-Year,Net Banking,No,2,309.0,1,1,20,24.0,2026-05-10,6180.0,,0
CUST-101634,2024-11-11,Email,Pune,Female,55,0,Basic,Annual,UPI,Yes,1,247.0,1,1,5,13.0,2025-04-10,1235.0,2025-04-10,1
CUST-101635,2025-07-26,Paid Social,Chennai,Male,69,1,Standard,Annual,Wallet,No,1,557.0,1,1,10,25.0,2026-05-20,5570.0,,0
CUST-101636,2025-10-04,Paid Social,Hyderabad,Female,40,0,Basic,Monthly,Net Banking,Yes,3,389.0,1,1,2,29.0,2025-12-03,778.0,2025-12-03,1
CUST-101637,2024-06-25,Email,Mumbai,Female,46,0,Premium,Annual,Debit Card,No,0,777.0,0,0,23,19.0,2026-05-07,17871.0,,0
CUST-101638,2025-12-12,Organic Search,Pune,Female,26,0,Basic,Monthly,UPI,Yes,1,254.0,1,0,5,15.0,2026-05-18,1270.0,,0
CUST-101639,2024-09-09,Referral,CHENNAI,Male,37,0,Basic,Annual,Debit Card,Yes,1,261.0,1,1,20,24.0,2026-05-20,5220.0,,0
CUST-101640,2025-09-09,Referral,Kolkata,Male,26,0,Basic,Two-Year,Debit Card,No,1,282.0,1,1,8,20.0,2026-05-04,2256.0,,0
CUST-101641,2025-12-20,Organic Search,Mumbai,Female,59,0,Basic,Monthly,UPI,Yes,1,287.0,0,0,5,13.0,2026-05-11,1435.0,,0
CUST-101642,2024-10-15,Paid Social,Ahmedabad,Female,58,0,Basic,Two-Year,UPI,Yes,2,317.0,1,1,19,18.0,2026-05-12,6023.0,,0
CUST-101643,2025-03-19,Organic Search,Chennai,Female,28,0,Premium,Two-Year,Credit Card,Yes,3,962.0,1,1,14,25.0,2026-05-30,13468.0,,0
CUST-101644,2025-06-11,Organic Search,Mumbai,Male,59,0,Standard,Monthly,Credit Card,No,1,561.0,1,1,4,17.0,2025-10-09,2244.0,2025-10-09,1
CUST-101645,2025-07-07,Paid Social,Ahmedabad,Male,34,0,Premium,Two-Year,UPI,No,3,982.0,1,0,10,31.0,2026-05-02,9820.0,,0
CUST-101646,2026-01-12,Paid Social,Chennai,Male,55,0,Basic,Two-Year,Wallet,No,2,337.0,1,1,4,24.0,2026-05-14,1348.0,,0
CUST-101647,2026-04-27,Referral,Bengaluru,Female,66,1,Basic,Monthly,UPI,Yes,1,252.0,1,1,1,8.0,2026-05-13,252.0,,0
CUST-101648,2025-03-21,Affiliate,Delhi,Female,61,1,Basic,Monthly,UPI,Yes,1,244.0,1,1,14,21.0,2026-05-17,3416.0,,0
CUST-101649,2025-08-08,Affiliate,Ahmedabad,Female,27,0,Standard,Annual,UPI,Yes,0,499.0,0,0,9,17.0,2026-05-17,4491.0,,0
CUST-101650,2026-04-08,Organic Search,Ahmedabad,Male,27,0,Basic,Annual,Debit Card,No,0,194.0,1,1,1,19.0,2026-05-30,194.0,,0
CUST-101651,2025-08-16,Paid Social,Chennai,Female,23,0,Basic,Monthly,UPI,Yes,2,314.0,1,0,9,15.0,2026-05-09,2826.0,,0
CUST-101652,2024-07-06,Organic Search,Bengaluru,Male,61,1,Standard,Monthly,Debit Card,Yes,3,666.0,1,1,22,23.0,2026-05-06,14652.0,,0
CUST-101653,2025-01-12,Organic Search,Mumbai,Male,46,0,Basic,Monthly,Credit Card,No,1,240.0,1,0,16,29.0,2026-05-19,3840.0,,0
CUST-101654,2025-09-28,Email,Delhi,Female,26,0,Standard,Monthly,UPI,Yes,0,508.0,1,1,1,12.0,2025-10-28,508.0,2025-10-28,1
CUST-101655,2026-05-20,Paid Social,Mumbai,Male,48,0,Standard,Monthly,UPI,Yes,1,563.0,1,1,0,10.0,2026-05-18,563.0,,0
CUST-101656,2024-11-17,Organic Search,Ahmedabad,Female,45,0,Standard,Monthly,Credit Card,Yes,2,607.0,0,0,18,15.0,2026-05-28,10926.0,,0
CUST-101657,2024-11-05,Affiliate,Mumbai,Female,49,0,Basic,Annual,Credit Card,Yes,1,271.0,1,1,18,12.0,2026-05-07,4878.0,,0
CUST-101658,2025-09-16,Paid Social,Bengaluru,Male,51,0,Standard,Monthly,UPI,Yes,1,531.0,1,0,8,18.0,2026-05-10,4248.0,,0
CUST-101659,2024-08-24,Organic Search,Mumbai,Male,26,0,Basic,Annual,Credit Card,Yes,1,253.0,1,1,21,27.0,2026-05-18,5313.0,,0
CUST-101660,2026-04-24,Organic Search,Delhi,Male,38,0,Basic,Annual,Credit Card,Yes,0,202.0,1,1,1,12.0,2026-05-02,202.0,,0
CUST-101661,2026-03-26,Paid Search,Bengaluru,Female,55,0,Basic,Two-Year,Wallet,Yes,0,216.0,1,1,2,21.0,2026-05-22,432.0,,0
CUST-101662,2025-07-25,Referral,Delhi,Male,65,1,Basic,Two-Year,Debit Card,Yes,0,191.0,1,1,10,25.0,2026-05-28,1910.0,,0
CUST-101663,2025-02-03,Organic Search,Ahmedabad,Male,30,0,Standard,Two-Year,UPI,Yes,2,636.0,1,1,15,23.0,2026-05-18,9540.0,,0
CUST-101664,2025-04-15,Affiliate,Ahmedabad,Male,47,0,Standard,Monthly,Credit Card,No,3,669.0,1,0,13,19.0,2026-05-08,8697.0,,0
CUST-101665,2025-07-09,Affiliate,Ahmedabad,Female,67,1,Standard,Monthly,UPI,Yes,3,691.0,1,1,0,17.0,2025-07-09,691.0,2025-07-09,1
CUST-101666,2026-02-16,Affiliate,Delhi,Male,49,0,Basic,Monthly,Credit Card,Yes,2,344.0,1,0,3,23.0,2026-05-22,1032.0,,0
CUST-101667,2025-11-09,Organic Search,Hyderabad,Male,29,0,Basic,Monthly,UPI,No,3,364.0,1,1,6,20.0,2026-05-05,2184.0,,0
CUST-101668,2025-05-04,Organic Search,Mumbai,Male,48,0,Basic,Monthly,Wallet,No,1,261.0,1,1,12,22.0,2026-05-27,3132.0,,0
CUST-101669,2025-09-08,Affiliate,Chennai,Male,18,0,Premium,Monthly,Credit Card,Yes,2,927.0,0,0,8,14.0,2026-05-17,7416.0,,0
CUST-101670,2025-07-17,Paid Social,Hyderabad,Male,43,0,Basic,Monthly,Net Banking,Yes,2,300.0,1,1,10,22.0,2026-05-15,3000.0,,0
CUST-101671,2024-08-26,Paid Search,Ahmedabad,Male,47,0,Basic,Monthly,Credit Card,No,1,265.0,1,1,8,24.0,2025-04-23,2120.0,2025-04-23,1
CUST-101672,2025-01-10,Referral,Ahmedabad,Female,20,0,Basic,Annual,UPI,No,2,311.0,1,1,16,25.0,2026-05-04,4976.0,,0
CUST-101673,2024-10-27,Organic Search,Mumbai,Male,28,0,Standard,Two-Year,UPI,Yes,3,666.0,1,0,19,19.0,2026-05-30,12654.0,,0
CUST-101674,2025-07-06,Referral,Ahmedabad,Male,69,1,Basic,Monthly,UPI,Yes,1,253.0,1,1,10,11.0,2026-05-02,2530.0,,0
CUST-101675,2026-05-09,Email,Bengaluru,Female,50,0,Basic,Monthly,Net Banking,Yes,2,312.0,1,1,0,21.0,2026-05-31,312.0,,0
CUST-101676,2025-11-04,Referral,Ahmedabad,Male,41,0,Standard,Monthly,Net Banking,Yes,0,511.0,1,1,6,26.0,2026-05-19,3066.0,,0
CUST-101677,2025-09-26,Paid Social,Chennai,Male,29,0,Standard,Monthly,UPI,Yes,2,619.0,1,0,8,23.0,2026-05-17,4952.0,,0
CUST-101678,2025-06-07,Affiliate,Bengaluru,Male,24,0,Standard,Two-Year,Credit Card,Yes,2,654.0,1,1,11,36.0,2026-05-14,7194.0,,0
CUST-101679,2025-02-14,Paid Search,Hyderabad,Male,40,0,Premium,Monthly,UPI,No,1,851.0,1,1,14,38.0,2026-04-10,11914.0,2026-04-10,1
CUST-101680,2024-11-01,Referral,Hyderabad,Male,46,0,Premium,Monthly,Credit Card,No,3,986.0,1,1,18,22.0,2026-05-11,17748.0,,0
CUST-101681,2026-03-24,Affiliate,Bengaluru,Female,27,0,Standard,Annual,Net Banking,Yes,3,677.0,1,1,2,27.0,2026-05-25,1354.0,,0
CUST-101682,2024-06-15,Referral,Jaipur,Male,59,0,Premium,Monthly,UPI,Yes,3,960.0,1,1,23,23.0,2026-05-05,22080.0,,0
CUST-101683,2026-03-26,Paid Social,Surat,Female,40,0,Premium,Annual,UPI,Yes,3,1003.0,1,0,2,18.0,2026-05-17,2006.0,,0
CUST-101684,2024-11-06,Organic Search,Delhi,Female,20,0,Basic,Monthly,Debit Card,Yes,2,321.0,1,1,10,25.0,2025-09-02,3210.0,2025-09-02,1
CUST-101685,2026-01-07,Organic Search,Ahmedabad,Male,25,0,Standard,Monthly,UPI,No,2,607.0,1,1,4,22.0,2026-05-23,2428.0,,0
CUST-101686,2026-02-10,Paid Search,Delhi,Female,62,1,Standard,Monthly,UPI,No,3,685.0,1,1,3,19.0,2026-05-05,2055.0,,0
CUST-101687,2026-03-31,Paid Search,Mumbai,Male,35,0,Standard,Annual,UPI,Yes,1,575.0,0,0,2,15.0,2026-05-15,1150.0,,0
CUST-101688,2026-05-01,Paid Search,Bengaluru,Male,37,0,Standard,Monthly,Debit Card,Yes,0,486.0,1,1,0,16.0,2026-05-01,486.0,2026-05-01,1
CUST-101689,2025-06-02,Paid Social,Delhi,Female,28,0,Premium,Monthly,Wallet,No,1,860.0,1,0,11,12.0,2026-05-23,9460.0,,0
CUST-101690,2025-07-16,Referral,Bengaluru,Male,60,1,Premium,Annual,Net Banking,Yes,1,875.0,1,1,10,19.0,2026-05-04,8750.0,,0
CUST-101691,2024-06-24,Affiliate,Hyderabad,Female,60,1,Basic,Annual,Credit Card,Yes,2,321.0,1,1,23,14.0,2026-05-22,7383.0,,0
CUST-101692,2026-01-26,Organic Search,Mumbai,Female,30,0,Standard,Monthly,Debit Card,No,0,507.0,1,1,4,9.0,2026-05-29,2028.0,,0
CUST-101693,2025-07-29,Referral,Bengaluru,Male,55,0,Standard,Two-Year,Credit Card,Yes,0,495.0,1,1,10,14.0,2026-05-17,4950.0,,0
CUST-101694,2024-07-05,Referral,Delhi,Male,41,0,Premium,Annual,Credit Card,Yes,3,955.0,1,1,22,25.0,2026-05-22,21010.0,,0
CUST-101695,2025-02-08,Paid Search,Chennai,Female,26,0,Basic,Two-Year,UPI,No,1,255.0,1,1,15,20.0,2026-05-24,3825.0,,0
CUST-101696,2026-02-13,Organic Search,Pune,Male,59,0,Basic,Monthly,UPI,Yes,1,251.0,1,1,3,14.0,2026-05-26,753.0,,0
CUST-101697,2025-03-08,Referral,Ahmedabad,Male,22,0,Basic,Annual,Credit Card,Yes,0,197.0,1,1,14,14.0,2026-05-10,2758.0,,0
CUST-101698,2024-12-27,Email,Pune,Male,63,1,Basic,Monthly,Wallet,Yes,0,191.0,1,0,17,14.0,2026-05-13,3247.0,,0
CUST-101699,2024-12-16,Referral,Mumbai,Male,19,0,Basic,Monthly,Debit Card,Yes,3,382.0,1,1,17,19.0,2026-05-22,6494.0,,0
CUST-101700,2024-10-06,Affiliate,Hyderabad,Female,34,0,Basic,Monthly,Wallet,No,2,314.0,1,0,19,12.0,2026-05-02,5966.0,,0
CUST-101701,2025-06-29,Email,Bengaluru,Male,29,0,Basic,Monthly,UPI,No,1,271.0,1,1,3,22.0,2025-09-27,813.0,2025-09-27,1
CUST-101702,2024-12-19,Paid Social,Delhi,Male,30,0,Premium,Two-Year,UPI,No,1,868.0,1,0,17,7.0,2026-05-03,14756.0,,0
CUST-101703,2025-07-31,Paid Search,Hyderabad,Female,42,0,Basic,Annual,Wallet,Yes,1,245.0,1,1,10,12.0,2026-05-12,2450.0,,0
CUST-101704,2025-05-30,Paid Social,Kolkata,Female,57,0,Basic,Monthly,UPI,No,3,398.0,1,0,12,29.0,2026-05-25,4776.0,,0
CUST-101705,2025-09-18,Email,Chennai,Female,38,0,Standard,Monthly,Credit Card,Yes,3,668.0,1,0,8,11.0,2026-05-05,5344.0,,0
CUST-101706,2025-08-03,Organic Search,Bengaluru,Female,44,0,Basic,Monthly,UPI,Yes,1,242.0,1,1,9,29.0,2026-05-06,2178.0,,0
CUST-101707,2024-07-14,Paid Social,Hyderabad,Male,68,1,Standard,Annual,Net Banking,Yes,1,575.0,0,0,22,10.0,2026-05-10,12650.0,,0
CUST-101708,2024-06-06,Affiliate,Delhi,Male,43,0,Premium,Monthly,UPI,No,1,850.0,1,0,23,8.0,2026-05-08,19550.0,,0
CUST-101709,2025-01-08,Paid Social,Chennai,Female,59,0,Basic,Annual,Wallet,Yes,1,260.0,1,1,16,12.0,2026-05-13,4160.0,,0
CUST-101710,2025-02-06,Referral,Chennai,Male,38,0,Standard,Monthly,UPI,No,1,540.0,0,0,15,8.0,2026-05-12,8100.0,,0
CUST-101711,2025-04-26,Paid Social,Mumbai,Female,22,0,Basic,Annual,UPI,No,1,254.0,0,0,13,28.0,2026-05-21,3302.0,,0
CUST-101712,2025-10-27,Email,Mumbai,Male,31,0,Basic,Two-Year,Net Banking,Yes,1,257.0,1,1,7,28.0,2026-05-08,1799.0,,0
CUST-101713,2026-05-10,Affiliate,Mumbai,Female,26,0,Standard,Monthly,UPI,No,3,673.0,0,0,0,9.0,2026-05-10,673.0,,0
CUST-101714,2025-11-29,Paid Social,Mumbai,Female,65,1,Basic,Two-Year,UPI,Yes,1,251.0,1,0,6,29.0,2026-05-02,1506.0,,0
CUST-101715,2025-02-22,Referral,Delhi,Female,19,0,Standard,Two-Year,Credit Card,Yes,1,560.0,1,0,15,11.0,2026-05-28,8400.0,,0
CUST-101716,2024-11-18,Paid Social,Mumbai,Male,60,1,Standard,Monthly,UPI,Yes,1,574.0,1,0,18,36.0,2026-05-26,10332.0,,0
CUST-101717,2025-02-15,Paid Search,Pune,Female,25,0,Basic,Monthly,UPI,No,1,245.0,1,0,15,16.0,2026-05-31,3675.0,,0
CUST-101718,2024-11-27,Paid Search,Ahmedabad,Female,25,0,Basic,Annual,UPI,Yes,0,161.0,1,1,18,13.0,2026-05-30,2898.0,,0
CUST-101719,2025-07-14,Affiliate,Mumbai,Female,45,0,Standard,Monthly,Credit Card,No,1,578.0,1,1,7,20.0,2026-02-09,4046.0,2026-02-09,1
CUST-101720,2025-10-09,Organic Search,Pune,Female,22,0,Basic,Two-Year,UPI,Yes,2,309.0,1,1,7,16.0,2026-05-11,2163.0,,0
CUST-101721,2024-12-09,Organic Search,Delhi,Male,21,0,Standard,Monthly,Net Banking,No,2,610.0,1,1,17,9.0,2026-05-24,10370.0,,0
CUST-101722,2025-08-19,Referral,Delhi,Male,58,0,Premium,Annual,Debit Card,Yes,2,911.0,1,1,9,19.0,2026-05-04,8199.0,,0
CUST-101723,2025-02-25,Paid Search,Chennai,Male,21,0,Standard,Annual,UPI,Yes,2,599.0,1,1,15,21.0,2026-05-14,8985.0,,0
CUST-101724,2025-05-29,Paid Search,Surat,Female,49,0,Basic,Monthly,Credit Card,Yes,2,313.0,1,1,12,5.0,2026-05-10,3756.0,,0
CUST-101725,2024-11-21,Organic Search,Bengaluru,Female,24,0,Basic,Monthly,Credit Card,Yes,1,255.0,1,1,7,12.0,2025-06-19,1785.0,2025-06-19,1
CUST-101726,2025-07-04,Paid Social,Ahmedabad,Male,22,0,Standard,Two-Year,Debit Card,Yes,3,686.0,1,1,10,37.0,2026-05-25,6860.0,,0
CUST-101727,2024-08-06,Affiliate,Ahmedabad,Female,52,0,Standard,Monthly,Credit Card,Yes,2,611.0,1,0,21,20.0,2026-05-25,12831.0,,0
CUST-101728,2025-05-31,Organic Search,Surat,Male,38,0,Premium,Monthly,Debit Card,Yes,1,822.0,1,1,12,2.0,2026-05-06,9864.0,,0
CUST-101729,2025-04-22,Paid Social,Pune,Female,19,0,Standard,Two-Year,UPI,Yes,2,599.0,1,1,13,22.0,2026-05-06,7787.0,,0
CUST-101730,2025-03-24,Email,Hyderabad,Male,53,0,Basic,Monthly,Credit Card,Yes,1,276.0,1,1,9,21.0,2025-12-19,2484.0,2025-12-19,1
CUST-101731,2026-03-20,Organic Search,Pune,Male,68,1,Basic,Two-Year,UPI,No,2,306.0,1,1,2,21.0,2026-05-27,612.0,,0
CUST-101732,2025-12-27,Referral,Mumbai,Male,47,0,Premium,Monthly,Wallet,Yes,1,867.0,1,1,5,23.0,2026-05-26,4335.0,2026-05-26,1
CUST-101733,2025-07-23,Organic Search,Bengaluru,Female,37,0,Standard,Annual,Credit Card,Yes,1,548.0,0,0,10,16.0,2026-05-16,5480.0,,0
CUST-101734,2026-03-10,Affiliate,Chennai,Female,61,1,Premium,Annual,Debit Card,Yes,2,931.0,1,1,2,29.0,2026-05-17,1862.0,,0
CUST-101735,2025-09-24,Referral,Kolkata,Male,35,0,Standard,Monthly,Credit Card,No,3,680.0,1,1,8,21.0,2026-05-26,5440.0,,0
CUST-101736,2025-09-10,Affiliate,Mumbai,Male,49,0,Premium,Monthly,UPI,Yes,2,897.0,1,1,3,21.0,2025-12-09,2691.0,2025-12-09,1
CUST-101737,2025-05-17,Organic Search,Pune,Female,42,0,Standard,Monthly,UPI,Yes,2,601.0,0,0,12,21.0,2026-05-09,7212.0,,0
CUST-101738,2024-12-14,Paid Search,Mumbai,Male,55,0,Premium,Annual,UPI,No,3,957.0,1,1,17,28.0,2026-05-13,16269.0,,0
CUST-101739,2025-01-05,Referral,Jaipur,Female,44,0,Premium,Monthly,Debit Card,No,3,993.0,1,1,16,26.0,2026-05-18,15888.0,,0
CUST-101740,2026-05-12,Organic Search,Mumbai,Male,43,0,Premium,Monthly,Debit Card,Yes,0,780.0,1,1,0,9.0,2026-05-12,780.0,2026-05-12,1
CUST-101741,2025-10-08,Organic Search,Hyderabad,Female,39,0,Premium,Annual,UPI,No,1,853.0,1,1,2,30.0,2025-12-07,1706.0,2025-12-07,1
CUST-101742,2024-08-04,Organic Search,Mumbai,Female,33,0,Standard,Two-Year,Credit Card,No,2,618.0,1,1,21,16.0,2026-05-28,12978.0,,0
CUST-101743,2024-11-19,Email,Pune,Male,43,0,Standard,Monthly,UPI,No,1,562.0,1,0,18,10.0,2026-05-07,10116.0,,0
CUST-101744,2026-04-26,Referral,Pune,Female,21,0,Standard,Annual,Credit Card,Yes,0,492.0,1,1,1,4.0,2026-05-24,492.0,,0
CUST-101745,2024-10-30,Paid Search,Delhi,Male,35,0,Standard,Two-Year,UPI,No,2,595.0,0,0,19,20.0,2026-05-06,11305.0,,0
CUST-101746,2025-07-11,Referral,Chennai,Female,21,0,Standard,Monthly,Net Banking,Yes,0,481.0,1,1,10,13.0,2026-05-09,4810.0,,0
CUST-101747,2025-02-13,Paid Search,Kolkata,Female,34,0,Standard,Two-Year,Credit Card,No,2,603.0,1,0,15,22.0,2026-05-29,9045.0,,0
CUST-101748,2025-10-31,Paid Social,Kolkata,Male,36,0,Basic,Annual,Credit Card,Yes,2,279.0,1,1,7,15.0,2026-05-03,1953.0,,0
CUST-101749,2026-02-18,Paid Social,Delhi,Female,19,0,Standard,Annual,Debit Card,No,1,565.0,0,0,3,28.0,2026-05-15,1695.0,,0
CUST-101750,2025-04-05,Paid Search,Hyderabad,Male,33,0,Premium,Annual,Net Banking,No,2,927.0,1,1,13,17.0,2026-04-30,12051.0,2026-04-30,1
CUST-101751,2024-06-08,Organic Search,Bengaluru,Female,52,0,Standard,Monthly,Credit Card,Yes,3,663.0,1,1,23,19.0,2026-05-21,15249.0,,0
CUST-101752,2025-02-16,Affiliate,Pune,Female,68,1,Standard,Annual,UPI,Yes,1,579.0,1,1,15,19.0,2026-05-04,8685.0,,0
CUST-101753,2024-06-17,Affiliate,Bengaluru,Female,50,0,Premium,Annual,UPI,Yes,1,857.0,1,0,23,22.0,2026-05-26,19711.0,,0
CUST-101754,2024-11-10,Paid Social,Pune,Male,55,0,Standard,Monthly,UPI,Yes,2,632.0,1,1,5,27.0,2025-04-09,3160.0,2025-04-09,1
CUST-101755,2025-03-08,Paid Search,Mumbai,Female,52,0,Standard,Monthly,Debit Card,Yes,2,631.0,1,1,14,24.0,2026-05-13,8834.0,,0
CUST-101756,2024-08-21,Organic Search,Delhi,Male,67,1,Standard,Annual,Debit Card,No,2,617.0,1,1,21,25.0,2026-05-27,12957.0,,0
CUST-101757,2024-06-26,Email,Mumbai,Male,66,1,Standard,Monthly,UPI,No,1,529.0,1,1,4,17.0,2024-10-24,2116.0,2024-10-24,1
CUST-101758,2025-01-15,Affiliate,Mumbai,Female,23,0,Standard,Monthly,UPI,No,0,502.0,1,1,16,10.0,2026-05-12,8032.0,,0
CUST-101759,2024-06-20,Email,Ahmedabad,Male,42,0,Basic,Monthly,Debit Card,Yes,1,267.0,1,1,23,15.0,2026-05-15,6141.0,,0
CUST-101760,2024-12-03,Paid Social,Mumbai,Male,65,1,Basic,Monthly,Credit Card,Yes,1,249.0,1,0,17,2.0,2026-05-03,4233.0,,0
CUST-101761,2024-08-25,Organic Search,Chennai,Male,63,1,Premium,Monthly,Debit Card,No,1,861.0,1,1,21,15.0,2026-05-31,18081.0,,0
CUST-101762,2025-06-25,Organic Search,Bengaluru,Female,45,0,Premium,Monthly,Debit Card,Yes,3,979.0,1,1,5,26.0,2025-11-22,4895.0,2025-11-22,1
CUST-101763,2026-01-04,Organic Search,Ahmedabad,Female,41,0,Basic,Monthly,UPI,No,1,245.0,1,1,4,17.0,2026-05-18,980.0,,0
CUST-101764,2026-02-15,Organic Search,Chennai,Male,21,0,Premium,Monthly,Debit Card,Yes,3,978.0,1,0,3,24.0,2026-05-10,2934.0,,0
CUST-101765,2025-08-27,Organic Search,Kolkata,Male,42,0,Standard,Two-Year,Credit Card,No,2,611.0,1,1,9,35.0,2026-05-18,5499.0,,0
CUST-101766,2024-07-31,Email,Kolkata,Female,44,0,Basic,Two-Year,Credit Card,Yes,0,205.0,1,1,19,19.0,2026-02-21,3895.0,2026-02-21,1
CUST-101767,2024-07-24,Organic Search,Chennai,Male,50,0,Standard,Monthly,UPI,No,0,490.0,1,1,22,20.0,2026-05-13,10780.0,,0
CUST-101768,2025-11-27,Organic Search,SURAT,Female,45,0,Basic,Monthly,Net Banking,Yes,2,308.0,1,0,6,19.0,2026-05-20,1848.0,,0
CUST-101769,2025-11-28,Affiliate,Pune,Female,29,0,Basic,Monthly,UPI,Yes,0,174.0,1,1,6,8.0,2026-05-11,1044.0,,0
CUST-101770,2024-12-13,Paid Search,Surat,Female,68,1,Premium,Monthly,UPI,Yes,3,1012.0,1,1,17,21.0,2026-05-30,17204.0,,0
CUST-101771,2026-05-25,Referral,Jaipur,Male,29,0,Standard,Annual,UPI,Yes,1,552.0,1,1,0,12.0,2026-05-21,552.0,,0
CUST-101772,2025-09-11,Paid Search,Delhi,Female,37,0,Basic,Annual,Net Banking,No,0,182.0,0,0,8,22.0,2026-05-14,1456.0,,0
CUST-101773,2025-04-16,Affiliate,Kolkata,Female,44,0,Standard,Monthly,Debit Card,Yes,1,568.0,1,0,13,24.0,2026-05-28,7384.0,,0
CUST-101774,2025-09-01,Paid Search,Chennai,Male,33,0,Standard,Two-Year,UPI,Yes,3,682.0,1,1,8,23.0,2026-05-03,5456.0,,0
CUST-101775,2024-06-14,Paid Search,Chennai,Female,21,0,Standard,Annual,UPI,Yes,0,507.0,1,0,23,30.0,2026-05-03,11661.0,,0
CUST-101776,2025-11-20,Referral,Kolkata,Male,49,0,Basic,Monthly,UPI,Yes,1,269.0,1,1,0,17.0,2025-11-20,269.0,2025-11-20,1
CUST-101777,2024-11-08,Paid Social,Delhi,Female,30,0,Basic,Annual,Debit Card,Yes,3,395.0,1,0,18,28.0,2026-05-23,7110.0,,0
CUST-101778,2024-06-12,Paid Social,Delhi,Female,63,1,Standard,Monthly,Credit Card,No,3,663.0,1,1,19,19.0,2026-01-03,12597.0,2026-01-03,1
CUST-101779,2025-08-30,Paid Social,Pune,Male,59,0,Standard,Annual,Debit Card,No,0,501.0,1,1,9,19.0,2026-05-06,4509.0,,0
CUST-101780,2024-06-02,Organic Search,Hyderabad,Male,40,0,Premium,Monthly,Debit Card,Yes,3,955.0,1,1,23,14.0,2026-05-06,21965.0,,0
CUST-101781,2024-06-20,Referral,Kolkata,Male,42,0,Basic,Monthly,Net Banking,No,2,314.0,1,1,23,17.0,2026-05-15,7222.0,,0
CUST-101782,2024-10-02,Organic Search,Kolkata,Male,67,1,Premium,Monthly,Credit Card,No,0,809.0,1,1,19,16.0,2026-05-08,15371.0,,0
CUST-101783,2026-04-27,Organic Search,Hyderabad,Female,19,0,Premium,Monthly,Net Banking,No,1,846.0,1,1,1,25.0,2026-05-26,846.0,,0
CUST-101784,2026-05-16,Organic Search,Jaipur,Male,37,0,Basic,Monthly,Credit Card,No,0,232.0,1,1,0,15.0,2026-05-16,232.0,2026-05-16,1
CUST-101785,2025-04-03,Affiliate,Mumbai,Female,21,0,Basic,Annual,Debit Card,No,0,199.0,1,1,13,27.0,2026-05-10,2587.0,,0
CUST-101786,2025-02-05,Paid Social,Jaipur,Male,25,0,Standard,Monthly,Credit Card,Yes,3,652.0,1,1,15,19.0,2026-05-03,9780.0,,0
CUST-101787,2025-04-08,Referral,Ahmedabad,Female,65,1,Premium,Two-Year,Wallet,Yes,1,870.0,1,0,13,12.0,2026-05-13,11310.0,,0
CUST-101788,2025-08-30,Affiliate,Bengaluru,Female,23,0,Basic,Monthly,UPI,No,1,292.0,1,1,9,31.0,2026-05-22,2628.0,,0
CUST-101789,2025-07-25,Organic Search,Ahmedabad,Female,67,1,Basic,Two-Year,Debit Card,Yes,0,165.0,1,0,10,6.0,2026-05-18,1650.0,,0
CUST-101790,2025-01-11,Referral,Bengaluru,Female,58,0,Standard,Monthly,Credit Card,Yes,1,570.0,1,1,15,12.0,2026-04-06,8550.0,2026-04-06,1
CUST-101791,2024-12-02,Paid Social,Delhi,Female,51,0,Premium,Monthly,Wallet,Yes,0,784.0,1,0,17,13.0,2026-05-05,13328.0,,0
CUST-101792,2025-05-22,Organic Search,Ahmedabad,Female,56,0,Basic,Monthly,UPI,Yes,3,378.0,1,1,12,21.0,2026-05-18,4536.0,,0
CUST-101793,2024-12-27,Referral,Pune,Female,27,0,Basic,Monthly,Credit Card,Yes,1,239.0,1,1,17,19.0,2026-05-25,4063.0,,0
CUST-101794,2025-04-16,Affiliate,Hyderabad,Male,24,0,Basic,Monthly,UPI,No,3,392.0,1,1,13,22.0,2026-05-10,5096.0,,0
CUST-101795,2024-06-21,Paid Social,Mumbai,Male,37,0,Premium,Annual,Net Banking,No,3,974.0,1,1,23,38.0,2026-05-23,22402.0,,0
CUST-101796,2024-10-16,Paid Search,Hyderabad,Male,57,0,Standard,Monthly,Net Banking,No,3,696.0,1,0,19,21.0,2026-05-25,13224.0,,0
CUST-101797,2026-05-08,Paid Social,Mumbai,Female,33,0,Standard,Monthly,Debit Card,No,1,544.0,1,0,0,19.0,2026-05-21,544.0,,0
CUST-101798,2025-02-17,Paid Search,Mumbai,Female,27,0,Premium,Monthly,Credit Card,Yes,3,976.0,1,1,5,23.0,2025-07-17,4880.0,2025-07-17,1
CUST-101799,2025-04-13,Paid Search,Mumbai,Female,58,0,Standard,Annual,Debit Card,Yes,2,584.0,1,1,13,5.0,2026-05-26,7592.0,,0
CUST-101800,2024-10-17,Paid Search,Pune,Female,50,0,Premium,Monthly,Credit Card,Yes,0,838.0,1,1,19,8.0,2026-05-19,15922.0,,0
CUST-101801,2026-02-27,Paid Search,Chennai,Male,45,0,Basic,Monthly,UPI,No,0,228.0,1,1,1,0.0,2026-03-29,228.0,2026-03-29,1
CUST-101802,2024-12-21,Organic Search,Pune,Female,39,0,Basic,Monthly,Net Banking,No,3,412.0,1,1,17,15.0,2026-05-03,7004.0,,0
CUST-101803,2024-12-31,Referral,Chennai,Male,58,0,Basic,Annual,Credit Card,Yes,3,402.0,1,1,17,22.0,2026-05-04,6834.0,,0
CUST-101804,2025-04-01,Referral,Pune,Male,56,0,Basic,Annual,UPI,Yes,2,310.0,1,1,13,28.0,2026-05-21,4030.0,,0
CUST-101805,2026-01-11,Referral,Chennai,Female,36,0,Premium,Monthly,Debit Card,No,1,858.0,1,1,4,28.0,2026-05-03,3432.0,,0
CUST-101806,2026-01-01,Organic Search,Surat,Male,24,0,Standard,Monthly,UPI,Yes,2,623.0,1,1,4,38.0,2026-05-27,2492.0,,0
CUST-101807,2024-10-12,Paid Social,Delhi,Female,63,1,Basic,Monthly,Debit Card,Yes,0,205.0,1,1,7,16.0,2025-05-10,1435.0,2025-05-10,1
CUST-101808,2024-10-22,Paid Social,Mumbai,Female,25,0,Standard,Monthly,Credit Card,No,3,663.0,1,1,19,20.0,2026-05-29,12597.0,,0
CUST-101809,2024-12-03,Organic Search,Mumbai,Female,40,0,Standard,Annual,Debit Card,Yes,1,542.0,1,1,17,9.0,2026-05-08,9214.0,,0
CUST-101810,2024-10-21,Organic Search,Pune,Male,64,1,Standard,Annual,UPI,No,1,539.0,1,1,19,12.0,2026-05-06,10241.0,,0
CUST-101811,2025-06-01,Paid Social,Bengaluru,Male,39,0,Basic,Monthly,Debit Card,No,3,373.0,1,1,11,26.0,2026-05-26,4103.0,,0
CUST-101812,2024-11-28,Referral,Mumbai,Male,61,1,Premium,Annual,Debit Card,No,3,974.0,1,1,18,37.0,2026-05-20,17532.0,,0
CUST-101813,2024-07-23,Organic Search,Kolkata,Male,43,0,Standard,Monthly,Debit Card,No,2,612.0,1,1,22,29.0,2026-05-19,13464.0,,0
CUST-101814,2025-12-28,Affiliate,Jaipur,Male,56,0,Premium,Annual,Credit Card,No,0,803.0,1,1,5,11.0,2026-05-13,4015.0,,0
CUST-101815,2025-02-05,Paid Search,Mumbai,Male,48,0,Standard,Annual,Debit Card,No,0,478.0,1,1,15,9.0,2026-05-25,7170.0,,0
CUST-101816,2024-11-28,Referral,Mumbai,Female,32,0,Standard,Annual,Credit Card,Yes,2,606.0,1,1,18,9.0,2026-05-27,10908.0,,0
CUST-101817,2024-09-13,Paid Social,Mumbai,Female,64,1,Basic,Monthly,UPI,Yes,0,188.0,1,1,20,14.0,2026-05-28,3760.0,,0
CUST-101818,2026-01-19,Paid Search,Delhi,Female,42,0,Standard,Monthly,UPI,No,1,571.0,1,1,4,32.0,2026-05-28,2284.0,,0
CUST-101819,2025-08-13,Paid Search,Kolkata,Male,41,0,Basic,Monthly,Credit Card,Yes,3,382.0,1,0,9,16.0,2026-05-07,3438.0,,0
CUST-101820,2025-01-22,Email,Pune,Female,52,0,Premium,Monthly,Net Banking,Yes,1,864.0,1,1,16,14.0,2026-05-17,13824.0,,0
CUST-101821,2026-01-25,Paid Search,Ahmedabad,Male,66,1,Basic,Monthly,UPI,Yes,3,365.0,1,0,4,18.0,2026-05-03,1460.0,,0
CUST-101822,2025-01-07,Paid Search,Bengaluru,Male,63,1,Basic,Annual,Debit Card,No,2,320.0,1,0,16,18.0,2026-05-11,5120.0,,0
CUST-101823,2024-11-30,Paid Search,Ahmedabad,Male,38,0,Standard,Annual,Debit Card,No,0,487.0,1,1,18,18.0,2026-05-16,8766.0,,0
CUST-101824,2025-03-03,Referral,Delhi,Female,30,0,Standard,Annual,UPI,Yes,0,488.0,0,0,14,0.0,2026-05-04,6832.0,,0
CUST-101825,2024-06-29,Organic Search,Delhi,Female,34,0,Standard,Annual,UPI,No,1,565.0,0,0,23,12.0,2026-05-19,12995.0,,0
CUST-101826,2025-04-23,Paid Search,Pune,Male,31,0,Standard,Monthly,Credit Card,Yes,0,489.0,1,1,13,13.0,2026-05-02,6357.0,,0
CUST-101827,2025-11-30,Paid Social,Bengaluru,Female,33,0,Standard,Monthly,UPI,Yes,0,497.0,1,0,6,15.0,2026-05-17,2982.0,,0
CUST-101828,2025-04-03,Email,Kolkata,Female,40,0,Premium,Monthly,UPI,No,1,855.0,0,0,13,12.0,2026-05-07,11115.0,,0
CUST-101829,2025-07-29,Paid Search,Ahmedabad,Male,19,0,Standard,Annual,Net Banking,Yes,0,481.0,1,1,10,18.0,2026-05-15,4810.0,,0
CUST-101830,2025-03-15,Paid Social,Chennai,Female,45,0,Standard,Monthly,Wallet,No,3,670.0,1,1,14,15.0,2026-05-07,9380.0,,0
CUST-101831,2026-01-21,Email,Ahmedabad,Male,62,1,Premium,Monthly,UPI,No,0,791.0,1,1,4,21.0,2026-05-29,3164.0,,0
CUST-101832,2026-05-29,Paid Social,Delhi,Male,40,0,Basic,Monthly,UPI,Yes,3,373.0,1,1,0,23.0,2026-05-28,373.0,,0
CUST-101833,2025-07-01,Organic Search,Kolkata,Female,22,0,Basic,Annual,Debit Card,Yes,1,232.0,0,0,10,20.0,2026-05-15,2320.0,,0
CUST-101834,2025-10-19,Organic Search,Hyderabad,Male,38,0,Basic,Two-Year,Wallet,Yes,2,308.0,1,1,7,27.0,2026-05-19,2156.0,,0
CUST-101835,2025-08-19,Organic Search,Mumbai,Female,35,0,Standard,Two-Year,Wallet,No,0,513.0,1,1,9,21.0,2026-05-07,4617.0,,0
CUST-101836,2026-03-05,Organic Search,Bengaluru,Male,48,0,Standard,Monthly,Wallet,Yes,3,686.0,1,0,2,15.0,2026-05-10,1372.0,,0
CUST-101837,2026-03-23,Paid Social,Hyderabad,Female,31,0,Basic,Monthly,Credit Card,Yes,2,313.0,1,0,2,13.0,2026-05-05,626.0,,0
CUST-101838,2026-03-14,Referral,Jaipur,Female,33,0,Basic,Monthly,Wallet,Yes,2,301.0,1,1,0,27.0,2026-03-14,301.0,2026-03-14,1
CUST-101839,2024-07-21,Referral,Pune,Female,56,0,Basic,Annual,UPI,No,1,261.0,1,1,2,33.0,2024-09-19,522.0,2024-09-19,1
CUST-101840,2025-04-08,Organic Search,Ahmedabad,Female,27,0,Standard,Monthly,UPI,No,2,634.0,1,0,13,24.0,2026-05-16,8242.0,,0
CUST-101841,2025-06-01,Paid Search,Bengaluru,Female,66,1,Basic,Monthly,Debit Card,Yes,1,282.0,1,1,2,25.0,2025-07-31,564.0,2025-07-31,1
CUST-101842,2025-12-18,Organic Search,Mumbai,Male,33,0,Standard,Monthly,Credit Card,Yes,3,671.0,1,0,5,13.0,2026-05-29,3355.0,,0
CUST-101843,2025-07-17,Email,Ahmedabad,Male,60,1,Premium,Monthly,Net Banking,No,3,963.0,1,1,10,22.0,2026-05-25,9630.0,,0
CUST-101844,2025-05-10,Organic Search,Pune,Female,22,0,Standard,Two-Year,Debit Card,Yes,1,566.0,1,1,12,17.0,2026-05-29,6792.0,,0
CUST-101845,2025-06-24,Paid Search,Chennai,Male,34,0,Premium,Monthly,Net Banking,Yes,1,864.0,1,1,1,15.0,2025-07-24,864.0,2025-07-24,1
CUST-101846,2025-08-08,Paid Social,Ahmedabad,Male,37,0,Premium,Two-Year,UPI,Yes,3,979.0,0,0,9,17.0,2026-05-25,8811.0,,0
CUST-101847,2025-08-14,Paid Search,Chennai,Female,41,0,Standard,Monthly,UPI,Yes,0,489.0,1,1,2,18.0,2025-10-13,978.0,2025-10-13,1
CUST-101848,2025-11-18,Paid Social,Hyderabad,Male,22,0,Standard,Monthly,Debit Card,Yes,2,599.0,1,0,6,19.0,2026-05-30,3594.0,,0
CUST-101849,2025-03-19,Referral,Hyderabad,Male,30,0,Premium,Annual,Credit Card,Yes,1,869.0,1,1,14,13.0,2026-05-15,12166.0,,0
CUST-101850,2025-07-30,Organic Search,Mumbai,Female,63,1,Standard,Monthly,UPI,No,2,632.0,1,0,10,12.0,2026-05-29,6320.0,,0
CUST-101851,2024-08-27,Affiliate,Delhi,Female,66,1,Basic,Two-Year,UPI,No,1,254.0,1,1,21,21.0,2026-05-05,5334.0,,0
CUST-101852,2025-06-05,Paid Search,Ahmedabad,Female,40,0,Basic,Monthly,Net Banking,Yes,3,405.0,1,1,11,23.0,2026-05-31,4455.0,,0
CUST-101853,2025-02-28,Referral,Mumbai,Male,24,0,Standard,Monthly,Wallet,Yes,1,563.0,1,1,1,13.0,2025-03-30,563.0,2025-03-30,1
CUST-101854,2024-06-09,Affiliate,Delhi,Male,32,0,Premium,Monthly,Debit Card,No,0,796.0,1,1,23,15.0,2026-05-23,18308.0,,0
CUST-101855,2024-10-29,Email,Delhi,Female,67,1,Standard,Two-Year,Debit Card,Yes,1,541.0,1,1,19,10.0,2026-05-07,10279.0,,0
CUST-101856,2026-05-08,Organic Search,Mumbai,Male,65,1,Basic,Annual,Net Banking,Yes,3,353.0,1,1,0,28.0,2026-05-23,353.0,,0
CUST-101857,2025-07-06,Paid Social,Mumbai,Female,60,1,Standard,Annual,UPI,Yes,1,551.0,1,1,10,16.0,2026-05-17,5510.0,,0
CUST-101858,2024-06-28,Organic Search,Kolkata,Male,62,1,Premium,Annual,Credit Card,Yes,1,865.0,1,1,23,16.0,2026-05-03,19895.0,,0
CUST-101859,2026-03-08,Organic Search,Chennai,Male,55,0,Standard,Monthly,Credit Card,Yes,2,654.0,1,1,2,24.0,2026-05-28,1308.0,,0
CUST-101860,2024-08-27,Paid Search,Delhi,Male,50,0,Standard,Two-Year,Wallet,Yes,2,620.0,1,1,21,29.0,2026-05-23,13020.0,,0
CUST-101861,2025-08-30,Email,Jaipur,Male,58,0,Basic,Monthly,UPI,Yes,3,388.0,1,1,4,22.0,2025-12-28,1552.0,2025-12-28,1
CUST-101862,2024-07-01,Email,Mumbai,Male,51,0,Basic,Annual,Wallet,No,3,367.0,1,1,22,18.0,2026-05-11,8074.0,,0
CUST-101863,2026-01-31,Paid Search,Delhi,Female,35,0,Premium,Annual,Debit Card,Yes,1,862.0,1,1,4,22.0,2026-05-29,3448.0,,0
CUST-101864,2025-08-31,Paid Search,Chennai,Female,51,0,Basic,Monthly,UPI,Yes,2,320.0,1,0,9,21.0,2026-05-07,2880.0,,0
CUST-101865,2026-02-14,Affiliate,Bengaluru,Male,33,0,Premium,Annual,Credit Card,No,2,905.0,1,1,3,23.0,2026-05-19,2715.0,,0
CUST-101866,2025-01-07,Email,Mumbai,Female,50,0,Basic,Annual,UPI,No,2,339.0,1,1,8,27.0,2025-09-04,2712.0,2025-09-04,1
CUST-101867,2026-03-13,Organic Search,Delhi,Male,37,0,Premium,Monthly,Debit Card,Yes,3,977.0,1,1,2,21.0,2026-05-31,1954.0,,0
CUST-101868,2026-03-14,Paid Search,Bengaluru,Male,43,0,Basic,Annual,Credit Card,No,3,396.0,1,0,2,30.0,2026-05-10,792.0,,0
CUST-101869,2025-05-15,Affiliate,Pune,Female,27,0,Standard,Monthly,Debit Card,Yes,1,,1,1,12,14.0,2026-05-16,6708.0,,0
CUST-101870,2025-08-07,Paid Social,Delhi,Female,67,1,Standard,Annual,Credit Card,Yes,3,674.0,1,1,9,17.0,2026-05-02,6066.0,,0
CUST-101871,2025-03-02,Paid Social,Delhi,Female,56,0,Standard,Annual,Net Banking,No,0,487.0,1,0,14,22.0,2026-05-12,6818.0,,0
CUST-101872,2025-12-22,Email,Mumbai,Male,23,0,Standard,Monthly,UPI,No,2,614.0,0,0,5,22.0,2026-05-21,3070.0,,0
CUST-101873,2025-09-11,Email,Bengaluru,Male,42,0,Basic,Monthly,Net Banking,Yes,1,281.0,1,1,8,17.0,2026-05-12,2248.0,,0
CUST-101874,2024-09-14,Affiliate,Mumbai,Female,41,0,Basic,Monthly,Net Banking,Yes,1,246.0,1,1,20,19.0,2026-05-31,4920.0,,0
CUST-101875,2025-03-26,Referral,Kolkata,Female,64,1,Basic,Annual,Debit Card,Yes,2,329.0,1,1,14,19.0,2026-05-09,4606.0,,0
CUST-101876,2025-03-27,Organic Search,Hyderabad,Female,57,0,Standard,Two-Year,UPI,Yes,2,614.0,1,1,14,20.0,2026-05-20,8596.0,,0
CUST-101877,2025-04-14,Paid Social,Delhi,Female,63,1,Standard,Annual,Wallet,Yes,3,688.0,0,0,13,12.0,2026-05-18,8944.0,,0
CUST-101878,2025-08-30,Paid Search,Hyderabad,Male,42,0,Basic,Annual,Net Banking,No,1,262.0,1,1,5,13.0,2026-01-27,1310.0,2026-01-27,1
CUST-101879,2024-12-22,Paid Search,Ahmedabad,Female,26,0,Standard,Annual,Net Banking,Yes,3,659.0,1,1,17,23.0,2026-05-15,11203.0,,0
CUST-101880,2024-10-15,Paid Search,Delhi,Female,55,0,Basic,Monthly,UPI,No,3,381.0,1,1,13,11.0,2025-11-09,4953.0,2025-11-09,1
CUST-101881,2025-04-30,Paid Search,Bengaluru,Male,29,0,Basic,Two-Year,Net Banking,Yes,3,411.0,1,1,13,9.0,2026-05-11,5343.0,,0
CUST-101882,2025-03-06,Paid Social,Bengaluru,Male,51,0,Basic,Monthly,UPI,No,2,324.0,1,1,14,9.0,2026-05-25,4536.0,,0
CUST-101883,2026-03-24,Referral,Hyderabad,Female,39,0,Standard,Monthly,Credit Card,No,1,573.0,1,1,0,25.0,2026-03-24,573.0,2026-03-24,1
CUST-101884,2025-12-03,Paid Social,Surat,Male,36,0,Basic,Monthly,Debit Card,No,1,263.0,0,0,5,29.0,2026-05-26,1315.0,,0
CUST-101885,2024-11-26,Paid Social,Delhi,Female,24,0,Premium,Monthly,Credit Card,Yes,1,871.0,1,0,18,19.0,2026-05-13,15678.0,,0
CUST-101886,2025-10-11,Organic Search,Delhi,Female,59,0,Standard,Annual,UPI,Yes,1,548.0,0,0,7,18.0,2026-05-08,3836.0,,0
CUST-101887,2025-08-16,Organic Search,Pune,Male,53,0,Standard,Monthly,Credit Card,Yes,1,557.0,1,1,9,27.0,2026-05-26,5013.0,,0
CUST-101888,2026-03-20,Affiliate,Mumbai,Male,35,0,Basic,Monthly,UPI,Yes,0,212.0,1,0,2,6.0,2026-05-25,424.0,,0
CUST-101889,2025-11-26,Paid Social,Mumbai,Female,56,0,Standard,Monthly,Debit Card,No,1,554.0,1,0,6,17.0,2026-05-02,3324.0,,0
CUST-101890,2025-07-12,Organic Search,Surat,Male,69,1,Premium,Monthly,UPI,Yes,0,815.0,1,0,10,15.0,2026-05-23,8150.0,,0
CUST-101891,2024-11-30,Referral,Chennai,Female,55,0,Standard,Monthly,Credit Card,Yes,3,664.0,1,1,18,21.0,2026-05-27,11952.0,,0
CUST-101892,2024-10-29,Paid Search,JAIPUR,Male,67,1,Basic,Two-Year,Credit Card,Yes,2,320.0,1,1,19,9.0,2026-05-13,6080.0,,0
CUST-101893,2025-02-28,Organic Search,Mumbai,Female,42,0,Basic,Monthly,Wallet,No,0,195.0,1,1,12,22.0,2026-02-23,2340.0,2026-02-23,1
CUST-101894,2026-03-03,Paid Social,Ahmedabad,Male,37,0,Basic,Annual,Credit Card,Yes,1,299.0,1,1,2,14.0,2026-05-10,598.0,,0
CUST-101895,2026-03-18,Organic Search,Delhi,Male,61,1,Basic,Monthly,Credit Card,No,2,313.0,1,1,2,14.0,2026-05-19,626.0,,0
CUST-101896,2026-05-03,Paid Search,Jaipur,Female,52,0,Standard,Monthly,Wallet,No,1,565.0,0,0,0,4.0,2026-05-09,565.0,,0
CUST-101897,2026-05-17,Paid Social,Mumbai,Male,49,0,Basic,Annual,Wallet,Yes,1,229.0,1,0,0,20.0,2026-05-25,229.0,,0
CUST-101898,2025-05-21,Organic Search,Ahmedabad,Male,51,0,Premium,Monthly,Debit Card,No,2,901.0,1,1,12,21.0,2026-05-15,10812.0,,0
CUST-101899,2025-08-13,Organic Search,Ahmedabad,Male,69,1,Standard,Monthly,Credit Card,Yes,3,684.0,1,0,9,24.0,2026-05-16,6156.0,,0
CUST-101900,2024-08-01,Paid Search,Hyderabad,Female,53,0,Standard,Monthly,UPI,Yes,2,615.0,1,1,21,17.0,2026-05-24,12915.0,,0
CUST-101901,2024-09-25,Organic Search,Chennai,Female,60,1,Premium,Annual,Debit Card,Yes,2,915.0,1,1,20,19.0,2026-05-30,18300.0,,0
CUST-101902,2024-12-02,Affiliate,Hyderabad,Male,19,0,Basic,Two-Year,Net Banking,No,2,314.0,1,1,17,17.0,2026-05-19,5338.0,,0
CUST-101903,2024-10-02,Organic Search,Ahmedabad,Male,55,0,Basic,Monthly,Wallet,Yes,0,196.0,1,1,6,18.0,2025-03-31,1176.0,2025-03-31,1
CUST-101904,2025-12-01,Paid Search,Hyderabad,Male,34,0,Standard,Annual,UPI,Yes,0,473.0,1,1,5,17.0,2026-05-19,2365.0,,0
CUST-101905,2026-02-06,Paid Social,Bengaluru,Female,24,0,Standard,Monthly,UPI,Yes,2,618.0,1,0,3,14.0,2026-05-09,1854.0,,0
CUST-101906,2024-06-01,Paid Social,Mumbai,Male,32,0,Standard,Annual,Net Banking,Yes,1,556.0,1,0,23,9.0,2026-05-25,12788.0,,0
CUST-101907,2025-10-12,Organic Search,Delhi,Female,61,1,Premium,Two-Year,Net Banking,Yes,1,875.0,1,1,7,17.0,2026-05-20,6125.0,,0
CUST-101908,2025-01-01,Affiliate,Bengaluru,Male,60,1,Standard,Monthly,Debit Card,Yes,3,692.0,0,0,16,10.0,2026-05-19,11072.0,,0
CUST-101909,2025-05-27,Affiliate,Delhi,Female,33,0,Premium,Monthly,UPI,Yes,2,877.0,1,1,8,16.0,2026-01-22,7016.0,2026-01-22,1
CUST-101910,2025-02-24,Organic Search,Surat,Female,27,0,Basic,Annual,Debit Card,Yes,2,308.0,0,0,15,15.0,2026-05-19,4620.0,,0
CUST-101911,2024-09-19,Organic Search,Bengaluru,Male,39,0,Basic,Monthly,Credit Card,No,0,226.0,1,1,9,14.0,2025-06-16,2034.0,2025-06-16,1
CUST-101912,2025-12-27,Affiliate,Delhi,Female,35,0,Basic,Two-Year,UPI,No,3,393.0,1,0,5,24.0,2026-05-26,1965.0,,0
CUST-101913,2025-01-11,Paid Search,Pune,Male,42,0,Standard,Annual,UPI,Yes,2,626.0,1,0,16,20.0,2026-05-16,10016.0,,0
CUST-101914,2025-04-15,Organic Search,Pune,Female,58,0,Basic,Two-Year,UPI,No,1,251.0,0,0,13,15.0,2026-05-03,3263.0,,0
CUST-101915,2025-08-05,Organic Search,Ahmedabad,Male,35,0,Basic,Monthly,Credit Card,Yes,2,330.0,1,1,9,19.0,2026-05-12,2970.0,,0
CUST-101916,2025-06-19,Paid Search,Pune,Male,27,0,Premium,Annual,UPI,Yes,3,956.0,1,1,11,25.0,2026-05-03,10516.0,,0
CUST-101917,2024-10-13,Referral,Mumbai,Male,23,0,Basic,Monthly,Credit Card,No,0,191.0,1,0,19,19.0,2026-05-07,3629.0,,0
CUST-101918,2025-10-03,Paid Search,Delhi,Male,53,0,Basic,Annual,UPI,No,0,204.0,1,1,6,25.0,2026-04-01,1224.0,2026-04-01,1
CUST-101919,2024-09-25,Email,Hyderabad,Female,28,0,Basic,Two-Year,Credit Card,Yes,2,328.0,1,1,20,38.0,2026-05-05,6560.0,,0
CUST-101920,2025-12-25,Paid Search,Bengaluru,Female,29,0,Basic,Annual,Wallet,Yes,3,382.0,1,1,5,33.0,2026-05-04,1910.0,,0
CUST-101921,2025-09-16,Paid Social,Delhi,Male,59,0,Basic,Annual,Debit Card,Yes,3,385.0,1,1,8,23.0,2026-05-08,3080.0,,0
CUST-101922,2025-02-02,Paid Social,Mumbai,Male,22,0,Basic,Monthly,UPI,Yes,3,381.0,1,1,15,15.0,2026-05-31,5715.0,,0
CUST-101923,2025-02-13,Paid Social,Bengaluru,Female,51,0,Basic,Monthly,Debit Card,No,0,194.0,1,0,15,11.0,2026-05-23,2910.0,,0
CUST-101924,2024-10-04,Organic Search,Delhi,Male,18,0,Premium,Annual,UPI,No,2,939.0,1,1,19,23.0,2026-05-08,17841.0,,0
CUST-101925,2025-04-20,Organic Search,Jaipur,Male,67,1,Basic,Monthly,Credit Card,Yes,1,287.0,1,1,13,16.0,2026-05-24,3731.0,,0
CUST-101926,2024-10-11,Paid Social,Bengaluru,Female,55,0,Standard,Monthly,UPI,No,0,498.0,0,0,19,10.0,2026-05-11,9462.0,,0
CUST-101927,2025-06-05,Referral,Kolkata,Male,60,1,Standard,Annual,Wallet,Yes,1,541.0,1,0,11,23.0,2026-05-07,5951.0,,0
CUST-101928,2024-09-25,Organic Search,Delhi,Male,52,0,Standard,Annual,UPI,Yes,3,675.0,1,1,20,22.0,2026-05-03,13500.0,,0
CUST-101929,2026-03-10,Paid Social,Chennai,Male,38,0,Premium,Monthly,Net Banking,No,2,920.0,1,0,2,20.0,2026-05-15,1840.0,,0
CUST-101930,2024-08-23,Paid Search,Ahmedabad,Male,69,1,Standard,Monthly,Debit Card,Yes,0,466.0,1,1,6,15.0,2025-02-19,2796.0,2025-02-19,1
CUST-101931,2025-11-07,Paid Search,Delhi,Female,58,0,Basic,Monthly,UPI,No,2,339.0,1,1,6,6.0,2026-05-21,2034.0,,0
CUST-101932,2025-04-18,Referral,Ahmedabad,Female,22,0,Basic,Annual,Net Banking,Yes,3,369.0,1,1,13,10.0,2026-05-04,4797.0,,0
CUST-101933,2025-02-03,Affiliate,Ahmedabad,Female,47,0,Basic,Two-Year,Credit Card,Yes,2,307.0,1,1,15,24.0,2026-05-04,4605.0,,0
CUST-101934,2024-10-12,Referral,Jaipur,Male,46,0,Premium,Monthly,Debit Card,Yes,1,854.0,1,1,19,19.0,2026-05-19,16226.0,,0
CUST-101935,2025-09-08,Organic Search,Hyderabad,Female,32,0,Standard,Monthly,Net Banking,Yes,1,552.0,1,0,8,18.0,2026-05-28,4416.0,,0
CUST-101936,2025-12-23,Paid Social,Pune,Female,41,0,Basic,Annual,UPI,Yes,1,260.0,0,0,5,19.0,2026-05-03,1300.0,,0
CUST-101937,2025-09-16,Paid Search,Bengaluru,Female,68,1,Basic,Monthly,UPI,No,3,391.0,0,0,8,22.0,2026-05-19,3128.0,,0
CUST-101938,2024-06-01,Organic Search,Bengaluru,Female,22,0,Premium,Annual,Net Banking,No,1,878.0,1,1,23,19.0,2026-05-17,20194.0,,0
CUST-101939,2026-01-28,Organic Search,Pune,Female,66,1,Standard,Monthly,UPI,No,1,571.0,1,1,4,26.0,2026-05-19,2284.0,,0
CUST-101940,2026-04-27,Organic Search,Chennai,Female,54,0,Basic,Two-Year,Wallet,Yes,0,185.0,1,1,1,19.0,2026-05-30,185.0,,0
CUST-101941,2025-10-28,Paid Social,Pune,Female,23,0,Premium,Annual,UPI,Yes,3,977.0,0,0,7,23.0,2026-05-30,6839.0,,0
CUST-101942,2024-06-10,Paid Social,Hyderabad,Female,33,0,Standard,Monthly,Credit Card,Yes,1,561.0,1,0,23,13.0,2026-05-27,12903.0,,0
CUST-101943,2025-06-04,Organic Search,Mumbai,Male,61,1,Standard,Monthly,Credit Card,Yes,3,684.0,1,1,11,14.0,2026-05-20,7524.0,,0
CUST-101944,2025-01-24,Affiliate,Surat,Female,54,0,Standard,Monthly,Credit Card,Yes,0,506.0,1,1,16,32.0,2026-05-14,8096.0,,0
CUST-101945,2025-09-20,Email,Ahmedabad,Female,22,0,Standard,Monthly,Wallet,No,0,500.0,1,0,8,18.0,2026-05-22,4000.0,,0
CUST-101946,2025-12-02,Organic Search,Delhi,Male,25,0,Basic,Monthly,UPI,Yes,1,258.0,1,1,5,20.0,2026-05-25,1290.0,,0
CUST-101947,2026-03-09,Email,Kolkata,Male,66,1,Premium,Monthly,Debit Card,No,0,813.0,1,1,0,12.0,2026-03-09,813.0,2026-03-09,1
CUST-101948,2026-02-26,Organic Search,Mumbai,Male,26,0,Standard,Annual,UPI,No,2,617.0,1,1,3,26.0,2026-05-06,1851.0,,0
CUST-101949,2026-05-05,Email,Mumbai,Female,50,0,Standard,Monthly,UPI,Yes,3,693.0,1,1,0,18.0,2026-05-05,693.0,2026-05-05,1
CUST-101950,2024-08-03,Email,Delhi,Male,69,1,Standard,Monthly,UPI,Yes,3,691.0,1,1,21,28.0,2026-05-12,14511.0,,0
CUST-101951,2024-08-25,Organic Search,Delhi,Male,26,0,Premium,Two-Year,Credit Card,Yes,1,881.0,1,0,21,30.0,2026-05-15,18501.0,,0
CUST-101952,2026-01-05,Referral,Jaipur,Male,20,0,Basic,Monthly,Debit Card,Yes,0,202.0,1,1,4,15.0,2026-05-20,808.0,,0
CUST-101953,2025-11-05,Email,Chennai,Male,60,1,Basic,Monthly,UPI,No,2,341.0,1,1,0,30.0,2025-11-05,341.0,2025-11-05,1
CUST-101954,2025-11-30,Affiliate,Bengaluru,Female,67,1,Standard,Annual,Wallet,Yes,0,494.0,1,0,6,13.0,2026-05-29,2964.0,,0
CUST-101955,2024-11-19,Email,Surat,Male,44,0,Basic,Annual,UPI,Yes,0,204.0,1,1,18,5.0,2026-05-28,3672.0,,0
CUST-101956,2025-05-02,Paid Search,Pune,Male,30,0,Standard,Monthly,Net Banking,No,1,570.0,1,0,12,21.0,2026-05-19,6840.0,,0
CUST-101957,2025-09-12,Organic Search,Kolkata,Male,21,0,Standard,Two-Year,UPI,Yes,3,664.0,0,0,8,23.0,2026-05-10,5312.0,,0
CUST-101958,2025-09-01,Affiliate,Mumbai,Female,65,1,Basic,Monthly,Debit Card,Yes,3,373.0,1,0,8,26.0,2026-05-23,2984.0,,0
CUST-101959,2026-02-16,Paid Search,Bengaluru,Female,59,0,Basic,Monthly,UPI,No,1,249.0,1,0,3,7.0,2026-05-08,747.0,,0
CUST-101960,2025-02-23,Paid Search,Ahmedabad,Male,64,1,Standard,Monthly,Credit Card,Yes,0,498.0,1,1,15,13.0,2026-05-26,7470.0,,0
CUST-101961,2026-01-31,Paid Social,Ahmedabad,Male,58,0,Basic,Monthly,Net Banking,Yes,2,311.0,1,0,4,27.0,2026-05-08,1244.0,,0
CUST-101962,2025-01-14,Paid Search,Hyderabad,Female,40,0,Basic,Monthly,Debit Card,Yes,3,381.0,1,0,16,24.0,2026-05-17,6096.0,,0
CUST-101963,2025-12-07,Organic Search,Ahmedabad,Female,43,0,Basic,Monthly,UPI,Yes,0,198.0,1,0,5,26.0,2026-05-24,990.0,,0
CUST-101964,2024-06-25,Referral,Bengaluru,Female,37,0,Basic,Annual,Debit Card,Yes,1,255.0,1,1,23,15.0,2026-05-22,5865.0,,0
CUST-101965,2024-10-28,Organic Search,Hyderabad,Male,56,0,Standard,Monthly,Credit Card,Yes,0,501.0,1,1,10,33.0,2025-08-24,5010.0,2025-08-24,1
CUST-101966,2024-06-05,Referral,Ahmedabad,Female,23,0,Premium,Annual,UPI,Yes,1,849.0,1,0,23,35.0,2026-05-24,19527.0,,0
CUST-101967,2024-11-05,Affiliate,Bengaluru,Female,20,0,Standard,Monthly,Debit Card,Yes,3,666.0,1,1,18,28.0,2026-05-17,11988.0,,0
CUST-101968,2025-06-19,Paid Social,Hyderabad,Male,67,1,Standard,Annual,Wallet,Yes,2,601.0,0,0,11,19.0,2026-05-14,6611.0,,0
CUST-101969,2026-02-25,Paid Search,Kolkata,Female,34,0,Basic,Monthly,UPI,Yes,2,292.0,1,1,3,23.0,2026-05-18,876.0,,0
CUST-101970,2024-06-09,Paid Social,Delhi,Female,19,0,Premium,Monthly,Debit Card,Yes,0,789.0,1,0,23,21.0,2026-05-30,18147.0,,0
CUST-101971,2025-08-01,Email,Surat,Female,53,0,Premium,Annual,Net Banking,Yes,3,987.0,1,1,9,25.0,2026-05-24,8883.0,,0
CUST-101972,2024-08-29,Referral,Chennai,Female,38,0,Premium,Monthly,Credit Card,Yes,3,976.0,1,1,21,20.0,2026-05-29,20496.0,,0
CUST-101973,2024-10-05,Paid Social,Pune,Male,29,0,Basic,Annual,Credit Card,No,0,199.0,1,1,19,10.0,2026-05-26,3781.0,,0
CUST-101974,2024-08-10,Organic Search,Delhi,Male,40,0,Basic,Annual,UPI,Yes,2,313.0,1,1,21,6.0,2026-05-02,6573.0,,0
CUST-101975,2025-08-03,Organic Search,Hyderabad,Male,41,0,Basic,Annual,UPI,Yes,1,288.0,1,0,9,17.0,2026-05-13,2592.0,,0
CUST-101976,2025-09-05,Paid Social,Chennai,Female,49,0,Basic,Annual,UPI,No,3,381.0,1,1,8,8.0,2026-05-15,3048.0,,0
CUST-101977,2024-12-19,Email,Delhi,Male,66,1,Basic,Two-Year,Debit Card,No,3,370.0,1,1,17,23.0,2026-05-13,6290.0,2026-05-13,1
CUST-101978,2025-10-01,Referral,Surat,Male,63,1,Premium,Monthly,UPI,No,3,963.0,1,1,5,33.0,2026-02-28,4815.0,2026-02-28,1
CUST-101979,2025-03-19,Organic Search,Kolkata,Female,60,1,Basic,Two-Year,Credit Card,Yes,2,345.0,1,1,14,21.0,2026-05-12,4830.0,,0
CUST-101980,2025-12-02,Affiliate,Bengaluru,Male,43,0,Basic,Monthly,Credit Card,Yes,1,238.0,1,1,5,9.0,2026-05-28,1190.0,,0
CUST-101981,2025-06-17,Paid Social,Hyderabad,Female,47,0,Premium,Monthly,UPI,No,2,907.0,1,1,11,16.0,2026-05-25,9977.0,,0
CUST-101982,2026-05-11,Affiliate,Bengaluru,Male,24,0,Premium,Two-Year,Debit Card,No,2,907.0,1,1,0,15.0,2026-05-14,907.0,,0
CUST-101983,2025-09-30,Organic Search,Hyderabad,Male,47,0,Basic,Monthly,Debit Card,No,0,198.0,1,0,8,24.0,2026-05-28,1584.0,,0
CUST-101984,2026-05-16,Paid Search,Chennai,Male,52,0,Basic,Annual,Credit Card,Yes,2,324.0,1,1,0,17.0,2026-05-28,324.0,,0
CUST-101985,2026-03-26,Email,Ahmedabad,Male,64,1,Premium,Annual,Credit Card,Yes,2,920.0,0,0,2,7.0,2026-05-08,1840.0,,0
CUST-101986,2024-10-30,Organic Search,Ahmedabad,Male,20,0,Premium,Two-Year,UPI,Yes,3,974.0,0,0,19,41.0,2026-05-17,18506.0,,0
CUST-101987,2025-02-08,Referral,Delhi,Male,62,1,Standard,Monthly,Credit Card,Yes,2,598.0,1,1,15,19.0,2026-05-08,8970.0,,0
CUST-101988,2025-02-12,Email,Jaipur,Female,44,0,Basic,Annual,Debit Card,No,3,407.0,1,1,15,17.0,2026-05-06,6105.0,,0
CUST-101989,2025-08-20,Organic Search,Delhi,Male,22,0,Standard,Monthly,Debit Card,No,0,503.0,0,0,9,14.0,2026-05-15,4527.0,,0
CUST-101990,2025-07-15,Organic Search,Kolkata,Male,69,1,Standard,Monthly,Debit Card,Yes,2,628.0,1,1,10,18.0,2026-05-04,6280.0,,0
CUST-101991,2025-05-10,Referral,Bengaluru,Male,42,0,Basic,Annual,UPI,Yes,1,249.0,1,1,12,23.0,2026-05-15,2988.0,,0
CUST-101992,2024-07-03,Paid Social,Mumbai,Male,39,0,Basic,Annual,Debit Card,Yes,0,195.0,0,0,22,16.0,2026-05-27,4290.0,,0
CUST-101993,2025-04-23,Organic Search,Kolkata,Male,27,0,Premium,Annual,UPI,Yes,0,817.0,1,1,13,2.0,2026-05-27,10621.0,,0
CUST-101994,2024-10-19,Paid Social,Bengaluru,Male,21,0,Standard,Annual,UPI,No,2,586.0,1,0,19,19.0,2026-05-02,11134.0,,0
CUST-101995,2026-04-23,Referral,Delhi,Female,22,0,Basic,Annual,UPI,Yes,3,390.0,1,1,1,30.0,2026-05-06,390.0,,0
CUST-101996,2026-02-13,Paid Social,Ahmedabad,Female,31,0,Standard,Monthly,Net Banking,Yes,2,615.0,0,0,3,14.0,2026-05-12,1845.0,,0
CUST-101997,2024-10-11,Paid Social,Ahmedabad,Female,33,0,Standard,Monthly,Debit Card,Yes,3,685.0,1,1,19,26.0,2026-05-20,13015.0,,0
CUST-101998,2025-03-25,Affiliate,Mumbai,Female,42,0,Basic,Annual,Net Banking,Yes,2,344.0,1,1,14,28.0,2026-05-04,4816.0,,0
CUST-101999,2025-09-06,Paid Search,Delhi,Male,49,0,Basic,Annual,Credit Card,No,0,192.0,1,1,8,25.0,2026-05-25,1536.0,,0
CUST-102000,2025-05-20,Affiliate,Pune,Male,69,1,Basic,Monthly,Net Banking,Yes,2,278.0,1,1,12,13.0,2026-05-17,3336.0,,0
CUST-102001,2024-10-03,Paid Social,Delhi,Male,59,0,Premium,Monthly,Credit Card,No,3,963.0,1,1,1,14.0,2024-11-02,963.0,2024-11-02,1
CUST-102002,2025-11-19,Email,Ahmedabad,Female,43,0,Basic,Monthly,Debit Card,Yes,3,379.0,1,0,6,22.0,2026-05-19,2274.0,,0
CUST-102003,2026-03-24,Paid Search,Mumbai,Male,65,1,Premium,Annual,UPI,Yes,2,944.0,1,1,2,9.0,2026-05-27,1888.0,,0
CUST-102004,2026-01-11,Organic Search,Delhi,Male,47,0,Standard,Monthly,Debit Card,Yes,2,613.0,1,1,4,12.0,2026-05-27,2452.0,,0
CUST-102005,2025-02-14,Affiliate,Surat,Female,39,0,Premium,Annual,Credit Card,Yes,3,1002.0,1,0,15,25.0,2026-05-11,15030.0,,0
CUST-102006,2026-02-21,Paid Social,Delhi,Male,29,0,Premium,Annual,UPI,Yes,3,944.0,1,1,3,8.0,2026-05-24,2832.0,,0
CUST-102007,2026-03-06,Organic Search,Ahmedabad,Male,39,0,Premium,Two-Year,UPI,Yes,2,911.0,0,0,2,8.0,2026-05-09,1822.0,,0
CUST-102008,2026-03-15,Organic Search,Pune,Female,20,0,Premium,Monthly,UPI,Yes,3,995.0,1,1,2,25.0,2026-05-19,1990.0,,0
CUST-102009,2026-01-23,Referral,Jaipur,Male,25,0,Basic,Two-Year,UPI,Yes,0,213.0,1,1,4,6.0,2026-05-04,852.0,,0
CUST-102010,2025-01-01,Organic Search,Chennai,Male,67,1,Basic,Annual,Debit Card,Yes,2,290.0,1,1,16,40.0,2026-05-25,4640.0,,0
CUST-102011,2025-06-01,Paid Social,Chennai,Male,28,0,Basic,Monthly,Credit Card,No,3,366.0,1,1,11,14.0,2026-05-20,4026.0,,0
CUST-102012,2025-09-17,Organic Search,Jaipur,Male,47,0,Standard,Monthly,Wallet,No,3,677.0,1,0,8,12.0,2026-05-24,5416.0,,0
CUST-102013,2026-01-15,Paid Social,Pune,Female,23,0,Basic,Monthly,Credit Card,Yes,3,369.0,0,0,4,11.0,2026-05-20,1476.0,,0
CUST-102014,2024-08-21,Paid Social,Surat,Female,49,0,Basic,Monthly,Debit Card,Yes,0,217.0,1,1,21,15.0,2026-05-13,4557.0,2026-05-13,1
CUST-102015,2024-07-19,Paid Search,Ahmedabad,Male,68,1,Basic,Monthly,Debit Card,No,2,319.0,1,1,5,18.0,2024-12-16,1595.0,2024-12-16,1
CUST-102016,2026-05-08,Paid Social,Chennai,Male,41,0,Standard,Monthly,Debit Card,Yes,2,597.0,0,0,0,18.0,2026-05-17,597.0,,0
CUST-102017,2025-10-21,Organic Search,Kolkata,Male,24,0,Basic,Annual,UPI,Yes,1,266.0,1,1,7,17.0,2026-05-09,1862.0,,0
CUST-102018,2024-12-13,Paid Search,Jaipur,Female,19,0,Basic,Monthly,Credit Card,Yes,0,207.0,0,0,17,23.0,2026-05-10,3519.0,,0
CUST-102019,2026-05-28,Paid Social,Bengaluru,Male,57,0,Standard,Monthly,UPI,Yes,3,662.0,1,0,0,16.0,2026-05-28,662.0,,0
CUST-102020,2025-03-12,Paid Search,Chennai,Male,23,0,Standard,Annual,Debit Card,Yes,3,666.0,0,0,14,21.0,2026-05-17,9324.0,,0
CUST-102021,2025-09-04,Organic Search,Mumbai,Female,34,0,Premium,Two-Year,UPI,No,0,788.0,1,1,8,19.0,2026-05-27,6304.0,,0
CUST-102022,2026-04-10,Organic Search,Pune,Female,61,1,Standard,Two-Year,Credit Card,No,1,579.0,1,1,0,5.0,2026-04-10,579.0,2026-04-10,1
CUST-102023,2026-02-14,Organic Search,Delhi,Female,45,0,Standard,Two-Year,Wallet,No,3,678.0,1,1,3,15.0,2026-05-02,2034.0,,0
CUST-102024,2025-09-03,Paid Social,Pune,Female,63,1,Basic,Two-Year,Debit Card,No,1,226.0,1,1,8,30.0,2026-05-29,1808.0,,0
CUST-102025,2025-07-07,Paid Social,Pune,Male,63,1,Basic,Monthly,UPI,Yes,3,361.0,0,0,10,7.0,2026-05-29,3610.0,,0
CUST-102026,2024-12-28,Affiliate,Delhi,Female,52,0,Standard,Monthly,Credit Card,No,0,510.0,1,1,17,20.0,2026-05-24,8670.0,,0
CUST-102027,2024-10-07,Paid Social,Mumbai,Female,66,1,Basic,Monthly,Debit Card,No,1,253.0,1,1,10,0.0,2025-08-03,2530.0,2025-08-03,1
CUST-102028,2024-08-02,Paid Search,Delhi,Male,19,0,Premium,Two-Year,Net Banking,Yes,3,961.0,1,0,21,12.0,2026-05-16,20181.0,,0
CUST-102029,2024-06-13,Paid Search,Pune,Male,30,0,Premium,Monthly,Net Banking,No,0,793.0,1,0,23,7.0,2026-05-14,18239.0,,0
CUST-102030,2025-05-23,Organic Search,Pune,Male,32,0,Basic,Annual,UPI,No,2,334.0,1,1,12,24.0,2026-05-19,4008.0,,0
CUST-102031,2025-02-10,Paid Search,Hyderabad,Female,65,1,Standard,Monthly,Wallet,Yes,0,532.0,0,0,15,12.0,2026-05-10,7980.0,,0
CUST-102032,2025-08-05,Paid Social,Ahmedabad,Female,50,0,Basic,Two-Year,UPI,Yes,0,198.0,0,0,9,19.0,2026-05-26,1782.0,,0
CUST-102033,2025-06-08,Paid Social,Chennai,Female,31,0,Basic,Monthly,UPI,No,3,386.0,1,1,11,19.0,2026-05-23,4246.0,,0
CUST-102034,2025-10-01,Organic Search,Hyderabad,Male,28,0,Basic,Two-Year,UPI,Yes,1,257.0,1,1,7,18.0,2026-05-31,1799.0,,0
CUST-102035,2024-10-20,Referral,Ahmedabad,Female,59,0,Standard,Two-Year,UPI,Yes,3,682.0,1,1,19,24.0,2026-05-14,12958.0,,0
CUST-102036,2024-09-29,Email,Delhi,Male,62,1,Premium,Monthly,Credit Card,Yes,3,965.0,1,1,20,29.0,2026-05-31,19300.0,,0
CUST-102037,2024-09-01,Organic Search,Bengaluru,Male,18,0,Basic,Annual,UPI,Yes,1,281.0,1,1,20,32.0,2026-05-08,5620.0,,0
CUST-102038,2025-10-28,Paid Search,Delhi,Female,36,0,Standard,Monthly,UPI,Yes,2,612.0,1,1,7,13.0,2026-05-10,4284.0,,0
CUST-102039,2026-03-26,Referral,Ahmedabad,Female,45,0,Basic,Monthly,UPI,Yes,3,363.0,1,1,2,21.0,2026-05-10,726.0,,0
CUST-102040,2025-02-20,Paid Social,Mumbai,Female,30,0,Basic,Monthly,Wallet,Yes,1,247.0,1,1,15,14.0,2026-05-14,3705.0,,0
CUST-102041,2024-09-14,Referral,Ahmedabad,Male,55,0,Standard,Annual,Debit Card,Yes,3,689.0,1,1,20,26.0,2026-05-04,13780.0,,0
CUST-102042,2026-04-20,Paid Search,Ahmedabad,Male,57,0,Standard,Monthly,Debit Card,No,0,489.0,1,1,1,24.0,2026-05-13,489.0,,0
CUST-102043,2024-11-15,Email,Mumbai,Male,61,1,Standard,Annual,Net Banking,Yes,3,702.0,0,0,18,24.0,2026-05-07,12636.0,,0
CUST-102044,2025-09-20,Email,Chennai,Male,58,0,Premium,Annual,Debit Card,No,1,869.0,0,0,8,15.0,2026-05-24,6952.0,,0
CUST-102045,2026-03-05,Organic Search,Bengaluru,Female,61,1,Basic,Monthly,UPI,Yes,2,332.0,1,1,2,27.0,2026-05-23,664.0,,0
CUST-102046,2026-04-01,Paid Social,Delhi,Male,37,0,Standard,Monthly,Wallet,Yes,0,493.0,0,0,1,10.0,2026-05-14,493.0,,0
CUST-102047,2024-11-11,Paid Search,Pune,Male,33,0,Basic,Monthly,Credit Card,No,3,370.0,1,1,18,21.0,2026-05-10,6660.0,,0
CUST-102048,2024-06-22,Organic Search,Bengaluru,Male,34,0,Premium,Monthly,Credit Card,No,1,859.0,1,1,23,21.0,2026-05-22,19757.0,,0
CUST-102049,2025-04-04,Paid Social,Mumbai,Female,62,1,Basic,Two-Year,Net Banking,No,0,181.0,0,0,13,6.0,2026-05-17,2353.0,,0
CUST-102050,2026-03-21,Email,Mumbai,Female,51,0,Basic,Monthly,UPI,No,0,206.0,1,0,2,3.0,2026-05-03,412.0,,0
CUST-102051,2025-05-11,Organic Search,Mumbai,Male,34,0,Standard,Annual,UPI,Yes,0,513.0,1,1,12,10.0,2026-05-13,6156.0,,0
CUST-102052,2026-03-02,Paid Social,Pune,Male,55,0,Basic,Two-Year,Net Banking,Yes,2,309.0,1,1,2,19.0,2026-05-31,618.0,,0
CUST-102053,2026-01-29,Affiliate,Bengaluru,Female,30,0,Standard,Monthly,Credit Card,No,2,629.0,1,0,4,24.0,2026-05-29,2516.0,,0
CUST-102054,2025-06-08,Paid Social,Delhi,Female,31,0,Premium,Annual,Credit Card,Yes,0,803.0,1,1,11,11.0,2026-05-02,8833.0,,0
CUST-102055,2026-02-24,Paid Social,Bengaluru,Male,18,0,Standard,Two-Year,Wallet,Yes,0,516.0,0,0,3,11.0,2026-05-08,1548.0,,0
CUST-102056,2026-05-13,Email,Surat,Male,68,1,Standard,Annual,Net Banking,Yes,0,524.0,0,0,0,17.0,2026-05-02,524.0,,0
CUST-102057,2025-10-09,Paid Social,Delhi,Female,30,0,Premium,Monthly,Net Banking,No,0,811.0,1,1,0,7.0,2025-10-09,811.0,2025-10-09,1
CUST-102058,2025-11-29,Organic Search,Bengaluru,Female,57,0,Standard,Annual,UPI,Yes,1,558.0,1,1,6,16.0,2026-05-06,3348.0,,0
CUST-102059,2025-04-22,Organic Search,Bengaluru,Male,24,0,Basic,Two-Year,Net Banking,Yes,0,217.0,1,1,13,18.0,2026-05-03,2821.0,,0
CUST-102060,2026-05-27,Email,Hyderabad,Male,19,0,Premium,Annual,Debit Card,Yes,0,800.0,1,1,0,21.0,2026-05-14,800.0,,0
CUST-102061,2025-02-14,Organic Search,Hyderabad,Male,53,0,Standard,Annual,Debit Card,Yes,1,555.0,1,1,15,26.0,2026-05-06,8325.0,,0
CUST-102062,2025-12-04,Paid Search,Hyderabad,Male,23,0,Standard,Annual,UPI,Yes,1,550.0,1,1,5,18.0,2026-05-24,2750.0,,0
CUST-102063,2026-04-18,Organic Search,Mumbai,Male,25,0,Standard,Annual,Credit Card,Yes,1,560.0,1,1,1,17.0,2026-05-21,560.0,,0
CUST-102064,2026-03-30,Paid Social,Bengaluru,Male,35,0,Basic,Monthly,UPI,No,0,214.0,1,0,2,11.0,2026-05-14,428.0,,0
CUST-102065,2026-03-06,Email,Chennai,Male,48,0,Premium,Two-Year,Wallet,Yes,3,964.0,1,0,2,23.0,2026-05-05,1928.0,,0
CUST-102066,2024-10-22,Paid Search,Delhi,Male,18,0,Basic,Monthly,Credit Card,No,0,180.0,1,1,7,27.0,2025-05-20,1260.0,2025-05-20,1
CUST-102067,2026-05-16,Email,Surat,Male,24,0,Premium,Annual,Debit Card,Yes,1,841.0,1,1,0,35.0,2026-05-27,841.0,,0
CUST-102068,2024-10-22,Organic Search,Delhi,Male,35,0,Premium,Monthly,UPI,Yes,0,814.0,1,1,19,29.0,2026-05-24,15466.0,,0
CUST-102069,2024-11-19,Paid Search,Bengaluru,Female,54,0,Premium,Annual,Credit Card,No,2,925.0,1,0,18,28.0,2026-05-21,16650.0,,0
CUST-102070,2025-06-06,Affiliate,Bengaluru,Male,23,0,Basic,Annual,Credit Card,Yes,1,281.0,1,0,11,10.0,2026-05-21,3091.0,,0
CUST-102071,2024-09-13,Paid Social,Delhi,Female,32,0,Basic,Annual,Net Banking,Yes,3,371.0,1,0,20,24.0,2026-05-11,7420.0,,0
CUST-102072,2025-11-14,Paid Social,Chennai,Female,28,0,Basic,Monthly,Debit Card,Yes,2,301.0,1,0,6,15.0,2026-05-02,1806.0,,0
CUST-102073,2026-04-08,Affiliate,Mumbai,Female,34,0,Basic,Annual,UPI,Yes,3,402.0,1,1,1,22.0,2026-05-16,402.0,,0
CUST-102074,2024-12-11,Paid Social,Bengaluru,Male,31,0,Basic,Monthly,Credit Card,Yes,1,248.0,1,1,17,30.0,2026-05-24,4216.0,,0
CUST-102075,2025-01-25,Paid Search,Pune,Male,51,0,Standard,Monthly,UPI,No,1,569.0,0,0,16,25.0,2026-05-28,9104.0,,0
CUST-102076,2025-03-31,Email,Kolkata,Female,21,0,Basic,Monthly,Credit Card,Yes,2,299.0,1,1,5,27.0,2025-08-28,1495.0,2025-08-28,1
CUST-102077,2024-08-03,Organic Search,Pune,Male,66,1,Premium,Two-Year,Credit Card,Yes,2,922.0,1,1,16,40.0,2025-11-26,14752.0,2025-11-26,1
CUST-102078,2024-10-04,Paid Social,Surat,Male,30,0,Basic,Two-Year,UPI,Yes,0,197.0,1,1,19,24.0,2026-05-22,3743.0,,0
CUST-102079,2026-04-24,Organic Search,Kolkata,Male,69,1,Basic,Annual,UPI,Yes,3,358.0,1,1,1,34.0,2026-05-31,358.0,,0
CUST-102080,2026-04-06,Paid Social,Delhi,Female,55,0,Standard,Annual,Debit Card,Yes,1,587.0,1,0,1,20.0,2026-05-08,587.0,,0
CUST-102081,2025-06-02,Organic Search,Kolkata,Female,36,0,Basic,Monthly,Credit Card,Yes,3,,1,1,11,24.0,2026-05-28,4026.0,,0
CUST-102082,2025-11-25,Referral,Jaipur,Male,33,0,Standard,Monthly,UPI,Yes,0,485.0,1,1,6,31.0,2026-05-08,2910.0,,0
CUST-102083,2024-07-06,Organic Search,Mumbai,Female,67,1,Standard,Annual,Credit Card,Yes,1,549.0,1,1,22,14.0,2026-05-16,12078.0,,0
CUST-102084,2024-06-28,Referral,Pune,Female,69,1,Standard,Annual,Credit Card,Yes,1,526.0,0,0,23,8.0,2026-05-21,12098.0,,0
CUST-102085,2026-03-08,Organic Search,Mumbai,Male,49,0,Standard,Annual,UPI,No,2,614.0,1,1,2,14.0,2026-05-12,1228.0,,0
CUST-102086,2024-06-17,Paid Social,Pune,Male,20,0,Premium,Monthly,UPI,Yes,0,789.0,1,0,23,9.0,2026-05-07,18147.0,,0
CUST-102087,2025-10-29,Paid Social,Ahmedabad,Male,65,1,Premium,Monthly,UPI,No,2,934.0,1,0,7,22.0,2026-05-15,6538.0,,0
CUST-102088,2026-05-26,Referral,Hyderabad,Female,42,0,Basic,Monthly,Debit Card,Yes,3,384.0,1,1,0,31.0,2026-05-15,384.0,,0
CUST-102089,2025-12-31,Paid Social,Delhi,Female,19,0,Standard,Annual,UPI,Yes,0,480.0,1,1,5,12.0,2026-05-31,2400.0,,0
CUST-102090,2025-03-16,Paid Social,Pune,Female,59,0,Premium,Monthly,Wallet,Yes,3,969.0,1,1,14,18.0,2026-05-12,13566.0,,0
CUST-102091,2025-06-27,Affiliate,Ahmedabad,Female,19,0,Basic,Monthly,Credit Card,Yes,2,351.0,1,1,11,17.0,2026-05-03,3861.0,,0
CUST-102092,2025-08-14,Paid Search,Hyderabad,Male,37,0,Standard,Annual, UPI ,No,2,605.0,1,0,9,20.0,2026-05-05,5445.0,,0
CUST-102093,2025-04-20,Organic Search,Bengaluru,Female,21,0,Standard,Monthly,Wallet,No,0,511.0,1,1,13,15.0,2026-05-21,6643.0,,0
CUST-102094,2026-04-22,Affiliate,Pune,Female,40,0,Basic,Monthly,UPI,Yes,2,309.0,1,1,1,21.0,2026-05-22,309.0,2026-05-22,1
CUST-102095,2024-07-03,Paid Social,Delhi,Female,59,0,Basic,Annual,Credit Card,Yes,1,244.0,1,0,22,12.0,2026-05-19,5368.0,,0
CUST-102096,2026-04-28,Organic Search,Mumbai,Male,24,0,Standard,Monthly,UPI,No,1,551.0,1,1,0,8.0,2026-04-28,551.0,2026-04-28,1
CUST-102097,2026-02-17,Paid Search,Delhi,Male,25,0,Basic,Annual,UPI,Yes,0,221.0,1,1,3,11.0,2026-05-05,663.0,,0
CUST-102098,2024-08-09,Organic Search,Jaipur,Male,67,1,Basic,Two-Year,Net Banking,No,3,357.0,1,1,21,24.0,2026-05-27,7497.0,,0
CUST-102099,2025-07-19,Organic Search,Mumbai,Male,27,0,Premium,Monthly,UPI,No,0,809.0,1,0,10,4.0,2026-05-27,8090.0,,0
CUST-102100,2025-09-07,Referral,Pune,Female,23,0,Premium,Monthly,Net Banking,No,2,937.0,1,0,8,13.0,2026-05-06,7496.0,,0
CUST-102101,2026-05-19,Organic Search,Ahmedabad,Female,48,0,Standard,Annual,Net Banking,Yes,0,491.0,1,0,0,19.0,2026-05-25,491.0,,0
CUST-102102,2026-05-25,Affiliate,Hyderabad,Female,32,0,Basic,Annual,Debit Card,Yes,1,274.0,1,1,0,30.0,2026-05-14,274.0,,0
CUST-102103,2025-05-09,Email,Mumbai,Male,67,1,Basic,Two-Year,Credit Card,Yes,3,392.0,1,0,12,26.0,2026-05-12,4704.0,,0
CUST-102104,2024-10-09,Paid Search,Bengaluru,Male,26,0,Premium,Monthly,Net Banking,Yes,0,787.0,1,1,19,9.0,2026-05-03,14953.0,,0
CUST-102105,2026-01-09,Referral,Delhi,Male,47,0,Basic,Two-Year,UPI,No,0,185.0,1,1,1,23.0,2026-02-08,185.0,2026-02-08,1
CUST-102106,2025-09-27,Referral,Ahmedabad,Female,65,1,Premium,Monthly,Debit Card,Yes,3,977.0,1,1,8,19.0,2026-05-04,7816.0,,0
CUST-102107,2025-06-10,Email,Delhi,Female,56,0,Standard,Monthly,UPI,Yes,0,501.0,1,1,4,24.0,2025-10-08,2004.0,2025-10-08,1
CUST-102108,2025-12-17,Paid Social,Delhi,Male,19,0,Basic,Monthly,UPI,Yes,3,373.0,1,0,5,24.0,2026-05-13,1865.0,,0
CUST-102109,2024-07-31,Organic Search,Bengaluru,Female,27,0,Standard,Monthly,UPI,Yes,3,687.0,1,1,22,16.0,2026-05-04,15114.0,,0
CUST-102110,2024-07-26,Paid Search,Surat,Female,24,0,Premium,Monthly,UPI,Yes,1,847.0,1,0,22,19.0,2026-05-29,18634.0,,0
CUST-102111,2025-05-17,Paid Search,Bengaluru,Male,65,1,Premium,Monthly,UPI,Yes,2,905.0,1,0,12,9.0,2026-05-19,10860.0,,0
CUST-102112,2025-03-10,Organic Search,Jaipur,Male,28,0,Standard,Monthly,Debit Card,Yes,2,619.0,1,1,14,22.0,2026-05-22,8666.0,,0
CUST-102113,2024-09-23,Paid Search,Bengaluru,Male,20,0,Basic,Annual,Credit Card,No,2,322.0,1,1,20,19.0,2026-05-03,6440.0,,0
CUST-102114,2024-10-28,Organic Search,Ahmedabad,Male,37,0,Standard,Monthly,Wallet,No,0,519.0,1,1,19,29.0,2026-05-08,9861.0,,0
CUST-102115,2025-05-21,Email,Mumbai,Female,32,0,Standard,Monthly,Debit Card,Yes,3,686.0,1,0,12,23.0,2026-05-21,8232.0,,0
CUST-102116,2024-07-12,Organic Search,Delhi,Male,26,0,Standard,Monthly,Net Banking,Yes,1,570.0,1,1,22,19.0,2026-05-23,12540.0,,0
CUST-102117,2025-11-01,Organic Search,Delhi,Female,41,0,Basic,Annual,Wallet,No,2,314.0,0,0,6,2.0,2026-05-07,1884.0,,0
CUST-102118,2024-08-12,Organic Search,Kolkata,Female,64,1,Premium,Two-Year,Net Banking,No,2,914.0,1,1,21,26.0,2026-05-07,19194.0,,0
CUST-102119,2025-09-30,Organic Search,Pune,Male,29,0,Standard,Monthly,UPI,Yes,2,609.0,1,1,8,29.0,2026-05-15,4872.0,,0
CUST-102120,2025-02-05,Paid Social,Bengaluru,Female,69,1,Basic,Two-Year,UPI,Yes,1,262.0,1,1,15,28.0,2026-05-04,3930.0,,0
CUST-102121,2024-09-23,Organic Search,Bengaluru,Male,52,0,Basic,Annual,Credit Card,No,1,261.0,1,0,20,18.0,2026-05-19,5220.0,,0
CUST-102122,2025-07-28,Paid Social,Delhi,Female,37,0,Basic,Two-Year,UPI,Yes,2,320.0,1,1,10,17.0,2026-05-18,3200.0,,0
CUST-102123,2025-09-04,Organic Search,Pune,Male,53,0,Standard,Monthly,Net Banking,Yes,2,616.0,1,1,8,30.0,2026-05-13,4928.0,,0
CUST-102124,2026-04-27,Paid Social,Ahmedabad,Female,36,0,Basic,Monthly,Credit Card,Yes,3,378.0,1,1,0,20.0,2026-04-27,378.0,2026-04-27,1
CUST-102125,2025-04-15,Paid Social,Mumbai,Male,29,0,Standard,Annual,Net Banking,No,3,704.0,0,0,13,22.0,2026-05-07,9152.0,,0
CUST-102126,2026-04-14,Paid Social,Delhi,Male,30,0,Basic,Annual,UPI,Yes,2,323.0,1,1,1,19.0,2026-05-17,323.0,,0
CUST-102127,2025-05-13,Paid Social,Mumbai,Male,18,0,Basic,Two-Year,Wallet,Yes,1,268.0,1,0,12,2.0,2026-05-24,3216.0,,0
CUST-102128,2026-02-26,Organic Search,Pune,Female,51,0,Basic,Two-Year,UPI,No,1,266.0,1,1,3,14.0,2026-05-03,798.0,,0
CUST-102129,2024-12-23,Organic Search,Ahmedabad,Female,21,0,Basic,Monthly,Credit Card,Yes,0,196.0,1,1,17,17.0,2026-05-19,3332.0,,0
CUST-102130,2025-12-15,Organic Search,Mumbai,Female,28,0,Basic,Annual,Wallet,Yes,1,267.0,1,1,5,22.0,2026-05-02,1335.0,,0
CUST-102131,2024-11-08,Referral,Kolkata,Male,18,0,Basic,Monthly,Credit Card,Yes,1,259.0,1,1,18,17.0,2026-05-09,4662.0,,0
CUST-102132,2024-06-30,Email,Surat,Female,21,0,Standard,Annual,Debit Card,No,2,600.0,1,0,23,24.0,2026-05-31,13800.0,,0
CUST-102133,2024-09-03,Email,Bengaluru,Female,65,1,Standard,Annual,UPI,No,1,550.0,1,1,1,7.0,2024-10-03,550.0,2024-10-03,1
CUST-102134,2025-03-23,Paid Search,Bengaluru,Male,19,0,Standard,Annual,Net Banking,No,0,529.0,1,1,14,11.0,2026-05-26,7406.0,,0
CUST-102135,2024-09-04,Paid Search,Chennai,Male,50,0,Basic,Monthly,Debit Card,No,0,217.0,1,0,20,30.0,2026-05-30,4340.0,,0
CUST-102136,2025-12-21,Paid Social,Ahmedabad,Male,35,0,Basic,Two-Year,Net Banking,No,0,195.0,1,1,5,21.0,2026-05-21,975.0,,0
CUST-102137,2024-08-05,Referral,Delhi,Female,25,0,Basic,Monthly,Credit Card,No,2,329.0,1,1,21,31.0,2026-05-20,6909.0,,0
CUST-102138,2026-05-07,Referral,Ahmedabad,Male,33,0,Standard,Monthly,Debit Card,Yes,3,682.0,1,1,0,21.0,2026-05-07,682.0,2026-05-07,1
CUST-102139,2025-02-11,Affiliate,Delhi,Male,22,0,Standard,Monthly,Credit Card,No,3,705.0,1,1,15,29.0,2026-05-22,10575.0,,0
CUST-102140,2025-05-03,Affiliate,Surat,Female,34,0,Standard,Monthly,Credit Card,Yes,1,557.0,1,0,12,24.0,2026-05-18,6684.0,,0
CUST-102141,2025-11-25,Paid Social,Hyderabad,Female,60,1,Standard,Monthly,Debit Card,Yes,0,502.0,1,0,6,27.0,2026-05-03,3012.0,,0
CUST-102142,2025-10-25,Referral,Surat,Male,50,0,Basic,Monthly,UPI,Yes,3,367.0,1,1,7,26.0,2026-05-23,2569.0,,0
CUST-102143,2026-02-01,Affiliate,Hyderabad,Female,60,1,Basic,Monthly,Debit Card,Yes,1,257.0,1,1,3,10.0,2026-05-17,771.0,,0
CUST-102144,2026-05-27,Paid Social,Pune,Male,54,0,Premium,Monthly,UPI,Yes,3,938.0,1,0,0,13.0,2026-05-09,938.0,,0
CUST-102145,2025-01-09,Email,Hyderabad,Female,66,1,Basic,Monthly,UPI,Yes,1,263.0,0,0,16,19.0,2026-05-22,4208.0,,0
CUST-102146,2025-08-29,Organic Search,Pune,Male,23,0,Basic,Two-Year,Debit Card,Yes,1,274.0,1,0,9,1.0,2026-05-07,2466.0,,0
CUST-102147,2025-10-02,Email,Bengaluru,Male,26,0,Basic,Monthly,Debit Card,No,2,344.0,1,1,7,24.0,2026-05-22,2408.0,,0
CUST-102148,2025-12-20,Referral,Delhi,Female,39,0,Premium,Monthly,Debit Card,No,2,926.0,1,1,4,23.0,2026-04-19,3704.0,2026-04-19,1
CUST-102149,2024-12-28,Organic Search,Bengaluru,Male,45,0,Premium,Annual,Wallet,Yes,0,794.0,1,1,17,28.0,2026-05-08,13498.0,,0
CUST-102150,2026-05-06,Paid Search,Mumbai,Female,58,0,Basic,Annual,Credit Card,No,1,247.0,1,1,0,6.0,2026-05-20,247.0,,0
CUST-102151,2024-11-22,Organic Search,Bengaluru,Male,24,0,Basic,Monthly,Wallet,Yes,3,372.0,1,1,4,13.0,2025-03-22,1488.0,2025-03-22,1
CUST-102152,2025-10-31,Referral,Mumbai,Male,23,0,Standard,Monthly,Credit Card,Yes,2,595.0,1,0,7,20.0,2026-05-26,4165.0,,0
CUST-102153,2026-03-08,Referral,Bengaluru,Female,59,0,Basic,Annual,UPI,No,0,195.0,1,0,2,15.0,2026-05-23,390.0,,0
CUST-102154,2024-09-05,Paid Search,Mumbai,Female,46,0,Basic,Monthly,Debit Card,Yes,2,301.0,1,1,20,21.0,2026-05-17,6020.0,,0
CUST-102155,2025-06-27,Affiliate,Delhi,Female,39,0,Standard,Monthly,UPI,No,3,670.0,1,0,11,28.0,2026-05-22,7370.0,,0
CUST-102156,2026-05-15,Organic Search,Bengaluru,Female,29,0,Basic,Two-Year,Wallet,Yes,3,376.0,1,1,0,25.0,2026-05-30,376.0,,0
CUST-102157,2024-09-17,Paid Social,Mumbai,Male,54,0,Basic,Monthly,Credit Card,No,0,204.0,0,0,20,25.0,2026-05-19,4080.0,,0
CUST-102158,2026-01-08,Paid Social,Surat,Male,59,0,Standard,Monthly,UPI,No,0,474.0,1,0,4,21.0,2026-05-22,1896.0,,0
CUST-102159,2026-02-02,Organic Search,Bengaluru,Male,19,0,Standard,Monthly,Debit Card,Yes,3,674.0,1,1,3,17.0,2026-05-11,2022.0,,0
CUST-102160,2024-12-10,Paid Social,Delhi,Male,20,0,Standard,Annual,UPI,Yes,3,689.0,0,0,17,25.0,2026-05-06,11713.0,,0
CUST-102161,2025-10-29,Organic Search,Ahmedabad,Male,58,0,Basic,Monthly,UPI,Yes,1,280.0,1,0,7,20.0,2026-05-24,1960.0,,0
CUST-102162,2026-05-21,Paid Social,Chennai,Male,63,1,Basic,Monthly,UPI,Yes,0,198.0,1,0,0,25.0,2026-05-06,198.0,,0
CUST-102163,2025-03-10,Paid Social,Pune,Female,29,0,Premium,Monthly,Net Banking,No,3,1012.0,1,0,14,19.0,2026-05-14,14168.0,,0
CUST-102164,2024-07-29,Affiliate,Delhi,Male,54,0,Basic,Monthly,UPI,No,3,390.0,1,1,22,25.0,2026-05-19,8580.0,,0
CUST-102165,2024-12-07,Paid Social,Mumbai,Female,61,1,Basic,Monthly,Credit Card,Yes,3,380.0,1,1,2,19.0,2025-02-05,760.0,2025-02-05,1
CUST-102166,2026-04-17,Affiliate,Hyderabad,Male,23,0,Basic,Monthly,Credit Card,Yes,2,338.0,0,0,1,22.0,2026-05-09,338.0,,0
CUST-102167,2026-04-02,Paid Social,Jaipur,Male,27,0,Basic,Monthly,Wallet,Yes,3,371.0,1,1,1,13.0,2026-05-26,371.0,,0
CUST-102168,2026-02-04,Paid Social,Delhi,Male,24,0,Standard,Monthly,Wallet,No,3,663.0,1,1,0,15.0,2026-02-04,663.0,2026-02-04,1
CUST-102169,2025-07-29,Paid Search,Mumbai,Male,59,0,Basic,Two-Year,Wallet,Yes,3,393.0,0,0,10,32.0,2026-05-26,3930.0,,0
CUST-102170,2024-12-18,Paid Social,Ahmedabad,Female,58,0,Standard,Annual,Credit Card,No,3,687.0,1,1,17,29.0,2026-05-20,11679.0,,0
CUST-102171,2025-08-24,Organic Search,Ahmedabad,Male,24,0,Basic,Monthly,Credit Card,No,1,275.0,1,0,9,27.0,2026-05-10,2475.0,,0
CUST-102172,2026-02-18,Paid Search,Hyderabad,Female,27,0,Standard,Monthly,Net Banking,Yes,0,514.0,1,1,1,32.0,2026-03-20,514.0,2026-03-20,1
CUST-102173,2026-01-20,Organic Search,Surat,Female,52,0,Standard,Annual,UPI,Yes,1,589.0,0,0,4,24.0,2026-05-13,2356.0,,0
CUST-102174,2024-07-15,Paid Social,Surat,Male,64,1,Basic,Annual,UPI,Yes,1,237.0,1,1,22,21.0,2026-05-13,5214.0,,0
CUST-102175,2025-11-01,Paid Search,Chennai,Female,58,0,Premium,Monthly,Wallet,No,3,974.0,0,0,6,16.0,2026-05-22,5844.0,,0
CUST-102176,2026-04-26,Paid Social,Mumbai,Female,26,0,Premium,Monthly,UPI,Yes,1,855.0,0,0,1,11.0,2026-05-22,855.0,,0
CUST-102177,2024-08-31,Affiliate,Surat,Male,38,0,Basic,Monthly,UPI,Yes,3,397.0,1,0,21,20.0,2026-05-31,8337.0,,0
CUST-102178,2025-08-15,Organic Search,Delhi,Female,21,0,Standard,Monthly,UPI,Yes,1,565.0,1,1,9,18.0,2026-05-14,5085.0,,0
CUST-102179,2025-08-27,Email,Delhi,Male,30,0,Standard,Monthly,UPI,Yes,1,577.0,1,1,9,24.0,2026-05-20,5193.0,,0
CUST-102180,2025-06-15,Referral,Hyderabad,Female,47,0,Standard,Monthly,Wallet,Yes,2,623.0,1,1,11,14.0,2026-05-02,6853.0,,0
CUST-102181,2025-12-01,Email,Ahmedabad,Male,35,0,Basic,Annual,UPI,Yes,1,259.0,1,1,5,15.0,2026-05-13,1295.0,,0
CUST-102182,2026-05-24,Affiliate,Chennai,Female,49,0,Basic,Monthly,Credit Card,Yes,2,329.0,1,1,0,22.0,2026-05-24,329.0,2026-05-24,1
CUST-102183,2025-09-18,Organic Search,Surat,Female,33,0,Basic,Monthly,UPI,No,0,203.0,1,1,6,5.0,2026-03-17,1218.0,2026-03-17,1
CUST-102184,2024-06-20,Paid Search,Chennai,Female,47,0,Basic,Monthly,Credit Card,No,2,325.0,1,1,23,30.0,2026-05-16,7475.0,,0
CUST-102185,2025-06-13,Organic Search,Chennai,Female,50,0,Basic,Annual,Debit Card,No,1,269.0,1,0,11,25.0,2026-05-08,2959.0,,0
CUST-102186,2025-06-09,Affiliate,Delhi,Male,28,0,Premium,Monthly,Debit Card,Yes,0,806.0,1,0,11,16.0,2026-05-07,8866.0,,0
CUST-102187,2024-12-15,Paid Search,Ahmedabad,Female,20,0,Basic,Annual,Credit Card,Yes,1,274.0,1,1,17,13.0,2026-05-26,4658.0,,0
CUST-102188,2025-11-18,Organic Search,Chennai,Male,35,0,Basic,Annual,Credit Card,Yes,0,200.0,1,0,6,16.0,2026-05-11,1200.0,,0
CUST-102189,2025-07-22,Email,Pune,Male,20,0,Basic,Monthly,UPI,Yes,3,382.0,1,0,10,25.0,2026-05-31,3820.0,,0
CUST-102190,2024-08-21,Organic Search,Kolkata,Male,26,0,Basic,Monthly,Credit Card,Yes,3,364.0,1,1,17,18.0,2026-01-13,6188.0,2026-01-13,1
CUST-102191,2025-12-19,Paid Search,Ahmedabad,Female,32,0,Standard,Two-Year,Wallet,Yes,1,574.0,0,0,5,7.0,2026-05-08,2870.0,,0
CUST-102192,2024-06-11,Referral,Delhi,Female,35,0,Premium,Two-Year,Net Banking,Yes,1,885.0,1,1,23,23.0,2026-05-28,20355.0,,0
CUST-102193,2026-02-24,Organic Search,Delhi,Male,32,0,Basic,Monthly,UPI,Yes,1,232.0,1,1,3,18.0,2026-05-29,696.0,,0
CUST-102194,2025-08-23,Paid Search,Hyderabad,Female,20,0,Basic,Annual,Net Banking,Yes,3,389.0,1,1,9,20.0,2026-05-20,3501.0,,0
CUST-102195,2026-05-27,Affiliate,Chennai,Female,27,0,Basic,Monthly,Net Banking,No,0,197.0,1,1,0,31.0,2026-05-04,197.0,,0
CUST-102196,2025-02-02,Organic Search,Surat,Male,63,1,Premium,Monthly,Net Banking,No,0,796.0,0,0,15,8.0,2026-05-24,11940.0,,0
CUST-102197,2024-11-10,Paid Search,Delhi,Male,55,0,Basic,Monthly,Net Banking,No,0,208.0,1,1,18,26.0,2026-05-26,3744.0,,0
CUST-102198,2025-05-18,Organic Search,Bengaluru,Female,41,0,Basic,Annual,Wallet,Yes,2,319.0,1,1,12,26.0,2026-05-23,3828.0,,0
CUST-102199,2026-01-10,Paid Search,Ahmedabad,Female,19,0,Basic,Two-Year,UPI,Yes,3,385.0,1,1,4,26.0,2026-05-22,1540.0,,0
CUST-102200,2025-08-28,Organic Search,Mumbai,Male,36,0,Basic,Annual,UPI,No,2,314.0,1,1,9,38.0,2026-05-27,2826.0,,0
CUST-102201,2025-04-21,Email,Delhi,Male,66,1,Basic,Annual,Wallet,No,0,222.0,1,1,13,24.0,2026-05-11,2886.0,,0
CUST-102202,2025-03-09,Affiliate,Pune,Male,60,1,Premium,Monthly,Credit Card,No,1,856.0,1,1,14,13.0,2026-05-25,11984.0,,0
CUST-102203,2025-12-27,Organic Search,Bengaluru,Male,57,0,Basic,Two-Year,Debit Card,Yes,3,368.0,1,1,5,20.0,2026-05-21,1840.0,,0
CUST-102204,2024-11-04,Paid Social,Delhi,Male,30,0,Basic,Monthly,UPI,No,3,384.0,1,1,18,17.0,2026-04-28,6912.0,2026-04-28,1
CUST-102205,2024-06-25,Paid Search,Pune,Male,38,0,Basic,Two-Year,UPI,Yes,0,186.0,1,1,23,20.0,2026-05-14,4278.0,,0
CUST-102206,2024-11-21,Referral,Chennai,Male,19,0,Basic,Monthly,Wallet,Yes,0,203.0,1,1,18,11.0,2026-05-18,3654.0,,0
CUST-102207,2024-10-31,Paid Social,Mumbai,Female,62,1,Premium,Monthly,UPI,No,3,1004.0,1,1,19,6.0,2026-05-24,19076.0,2026-05-24,1
CUST-102208,2024-10-15,Organic Search,Delhi,Male,23,0,Standard,Annual,Credit Card,No,2,618.0,0,0,19,18.0,2026-05-24,11742.0,,0
CUST-102209,2025-01-12,Organic Search,Hyderabad,Male,50,0,Premium,Monthly,UPI,Yes,0,779.0,1,1,16,22.0,2026-05-20,12464.0,,0
CUST-102210,2025-11-04,Email,Chennai,Male,32,0,Premium,Monthly,Wallet,No,0,793.0,1,0,6,21.0,2026-05-03,4758.0,,0
CUST-102211,2024-11-28,Paid Social,Chennai,Female,47,0,Standard,Annual,UPI,Yes,2,631.0,0,0,18,26.0,2026-05-04,11358.0,,0
CUST-102212,2024-09-06,Affiliate,Mumbai,Male,61,1,Standard,Annual,Wallet,Yes,3,681.0,0,0,20,22.0,2026-05-21,13620.0,,0
CUST-102213,2025-03-18,Paid Social,Bengaluru,Male,34,0,Standard,Monthly,UPI,No,3,690.0,1,1,14,29.0,2026-05-22,9660.0,,0
CUST-102214,2026-05-10,Email,Kolkata,Male,18,0,Standard,Monthly,Wallet,No,0,490.0,1,1,0,29.0,2026-05-27,490.0,,0
CUST-102215,2026-04-16,Organic Search,Delhi,Female,52,0,Standard,Annual,UPI,Yes,0,493.0,1,0,1,20.0,2026-05-26,493.0,,0
CUST-102216,2024-06-04,Organic Search,Delhi,Male,45,0,Standard,Monthly,Net Banking,No,2,629.0,0,0,23,20.0,2026-05-14,14467.0,,0
CUST-102217,2024-06-10,Email,Surat,Male,25,0,Basic,Monthly,Credit Card,Yes,2,343.0,1,1,4,33.0,2024-10-08,1372.0,2024-10-08,1
CUST-102218,2025-01-08,Email,Ahmedabad,Female,20,0,Standard,Annual,UPI,Yes,3,673.0,1,1,16,19.0,2026-05-27,10768.0,,0
CUST-102219,2024-09-14,Paid Social,Hyderabad,Female,45,0,Basic,Two-Year,UPI,No,3,380.0,1,0,20,28.0,2026-05-07,7600.0,,0
CUST-102220,2026-01-07,Paid Social,Kolkata,Male,49,0,Standard,Monthly,Debit Card,No,1,575.0,1,1,4,0.0,2026-05-29,2300.0,,0
CUST-102221,2024-09-18,Paid Social,Mumbai,Male,24,0,Standard,Annual,Debit Card,Yes,0,501.0,1,1,20,15.0,2026-05-25,10020.0,,0
CUST-102222,2024-08-05,Paid Social,Hyderabad,Female,49,0,Standard,Monthly,UPI,Yes,0,509.0,1,1,21,1.0,2026-05-04,10689.0,,0
CUST-102223,2024-11-12,Organic Search,Bengaluru,Female,41,0,Standard,Annual,UPI,No,2,608.0,1,1,18,27.0,2026-05-07,10944.0,,0
CUST-102224,2025-08-03,Affiliate,Kolkata,Female,25,0,Standard,Annual, UPI ,No,0,499.0,1,0,9,10.0,2026-05-09,4491.0,,0
CUST-102225,2024-09-29,Organic Search,Kolkata,Female,50,0,Standard,Monthly,Debit Card,Yes,2,610.0,1,1,11,25.0,2025-08-25,6710.0,2025-08-25,1
CUST-102226,2024-12-29,Referral,Kolkata,Female,51,0,Basic,Monthly,Debit Card,Yes,2,294.0,0,0,17,17.0,2026-05-05,4998.0,,0
CUST-102227,2025-06-02,Organic Search,Ahmedabad,Female,26,0,Basic,Two-Year,Credit Card,Yes,3,366.0,1,1,11,20.0,2026-05-13,4026.0,,0
CUST-102228,2026-05-05,Organic Search,Hyderabad,Male,53,0,Basic,Annual,UPI,Yes,2,326.0,1,1,0,17.0,2026-05-12,326.0,,0
CUST-102229,2026-02-22,Paid Search,Jaipur,Female,29,0,Basic,Annual,UPI,Yes,1,267.0,1,0,3,23.0,2026-05-08,801.0,,0
CUST-102230,2024-11-07,Paid Social,Pune,Female,49,0,Basic,Monthly,UPI,No,3,391.0,0,0,18,22.0,2026-05-15,7038.0,,0
CUST-102231,2024-12-29,Paid Search,Pune,Female,60,1,Standard,Monthly,Wallet,Yes,2,627.0,1,1,17,13.0,2026-05-14,10659.0,,0
CUST-102232,2024-07-22,Organic Search,Ahmedabad,Male,66,1,Standard,Monthly,UPI,No,2,616.0,1,1,5,19.0,2024-12-19,3080.0,2024-12-19,1
CUST-102233,2025-01-02,Email,Kolkata,Male,31,0,Basic,Monthly,Credit Card,Yes,3,352.0,1,1,16,18.0,2026-05-16,5632.0,,0
CUST-102234,2025-08-22,Referral,Ahmedabad,Female,35,0,Premium,Monthly,UPI,No,3,962.0,1,1,9,20.0,2026-05-05,8658.0,,0
CUST-102235,2025-06-13,Affiliate,Delhi,Female,22,0,Basic,Monthly,UPI,No,2,336.0,1,1,11,16.0,2026-05-13,3696.0,,0
CUST-102236,2025-03-02,Organic Search,Jaipur,Male,68,1,Standard,Annual,Debit Card,Yes,0,486.0,1,1,14,14.0,2026-05-24,6804.0,,0
CUST-102237,2024-06-14,Paid Social,Jaipur,Female,35,0,Standard,Monthly,Debit Card,Yes,0,498.0,1,1,20,21.0,2026-02-04,9960.0,2026-02-04,1
CUST-102238,2026-03-21,Paid Social,Surat,Male,59,0,Standard,Annual,Net Banking,No,2,620.0,1,1,2,26.0,2026-05-16,1240.0,,0
CUST-102239,2025-03-12,Paid Search,Bengaluru,Male,66,1,Basic,Monthly,UPI,Yes,0,178.0,1,0,14,3.0,2026-05-12,2492.0,,0
CUST-102240,2026-03-30,Paid Social,Mumbai,Female,42,0,Basic,Monthly,Net Banking,Yes,3,384.0,1,1,0,20.0,2026-03-30,384.0,2026-03-30,1
CUST-102241,2025-11-18,Organic Search,Bengaluru,Female,54,0,Basic,Monthly,Wallet,Yes,1,282.0,1,1,4,37.0,2026-03-18,1128.0,2026-03-18,1
CUST-102242,2026-01-01,Paid Social,Ahmedabad,Male,42,0,Standard,Annual,Wallet,Yes,1,559.0,1,1,0,26.0,2026-01-01,559.0,2026-01-01,1
CUST-102243,2025-04-04,Organic Search,Kolkata,Male,47,0,Premium,Annual,UPI,Yes,1,855.0,1,1,13,35.0,2026-05-23,11115.0,,0
CUST-102244,2024-09-02,Paid Social,Bengaluru,Male,30,0,Standard,Monthly,Credit Card,No,2,602.0,1,1,20,12.0,2026-05-07,12040.0,,0
CUST-102245,2024-11-11,Organic Search,Delhi,Female,61,1,Standard,Two-Year,Wallet,No,1,555.0,1,0,18,16.0,2026-05-29,9990.0,,0
CUST-102246,2025-09-23,Organic Search,Ahmedabad,Female,24,0,Basic,Monthly,Debit Card,Yes,0,207.0,1,1,1,10.0,2025-10-23,207.0,2025-10-23,1
CUST-102247,2025-08-01,Paid Search,Delhi,Female,52,0,Standard,Monthly,UPI,Yes,1,559.0,1,0,9,16.0,2026-05-30,5031.0,,0
CUST-102248,2024-08-07,Paid Social,Kolkata,Female,65,1,Premium,Annual,Net Banking,Yes,1,852.0,0,0,21,20.0,2026-05-15,17892.0,,0
CUST-102249,2026-02-19,Paid Social,Hyderabad,Male,60,1,Basic,Monthly,Net Banking,Yes,3,394.0,0,0,3,23.0,2026-05-27,1182.0,,0
CUST-102250,2024-06-19,Paid Search,Ahmedabad,Male,57,0,Standard,Annual,Net Banking,Yes,0,495.0,1,1,23,15.0,2026-05-19,11385.0,,0
CUST-102251,2025-05-10,Referral,Mumbai,Female,52,0,Basic,Two-Year,Credit Card,Yes,3,373.0,1,1,12,20.0,2026-05-07,4476.0,,0
CUST-102252,2024-10-22,Paid Social,Delhi,Male,67,1,Basic,Annual,Debit Card,Yes,1,261.0,1,1,19,13.0,2026-05-09,4959.0,,0
CUST-102253,2024-10-05,Paid Search,Ahmedabad,Male,62,1,Basic,Monthly,Debit Card,Yes,0,219.0,1,1,2,15.0,2024-12-04,438.0,2024-12-04,1
CUST-102254,2025-05-27,Email,Jaipur,Male,32,0,Standard,Monthly,UPI,Yes,0,497.0,1,1,2,20.0,2025-07-26,994.0,2025-07-26,1
CUST-102255,2025-01-25,Paid Search,Pune,Female,50,0,Standard,Two-Year,Net Banking,Yes,1,546.0,1,1,16,25.0,2026-05-31,8736.0,,0
CUST-102256,2025-04-25,Affiliate,Ahmedabad,Male,40,0,Basic,Monthly,UPI,No,2,327.0,1,0,13,28.0,2026-05-08,4251.0,,0
CUST-102257,2026-04-21,Referral,Chennai,Male,31,0,Premium,Monthly,UPI,Yes,2,914.0,1,1,1,23.0,2026-05-07,914.0,,0
CUST-102258,2025-12-18,Organic Search,Delhi,Female,60,1,Premium,Two-Year,Net Banking,No,3,987.0,1,1,1,29.0,2026-01-17,987.0,2026-01-17,1
CUST-102259,2025-01-24,Paid Social,Mumbai,Male,20,0,Standard,Annual,UPI,No,0,468.0,1,1,16,8.0,2026-05-21,7488.0,,0
CUST-102260,2025-06-17,Referral,Bengaluru,Male,24,0,Premium,Monthly,UPI,No,2,920.0,1,1,11,28.0,2026-05-14,10120.0,,0
CUST-102261,2025-03-01,Email,Ahmedabad,Female,23,0,Premium,Annual,Net Banking,Yes,0,795.0,1,1,14,26.0,2026-05-31,11130.0,,0
CUST-102262,2024-12-10,Paid Social,Bengaluru,Female,28,0,Basic,Monthly,Net Banking,Yes,1,245.0,1,0,17,28.0,2026-05-14,4165.0,,0
CUST-102263,2025-04-29,Organic Search,Chennai,Male,44,0,Premium,Two-Year,Net Banking,Yes,3,961.0,1,0,13,38.0,2026-05-29,12493.0,,0
CUST-102264,2024-09-10,Paid Search,Jaipur,Male,67,1,Basic,Annual,UPI,Yes,2,315.0,1,1,20,14.0,2026-05-15,6300.0,,0
CUST-102265,2024-11-19,Organic Search,Delhi,Male,68,1,Basic,Monthly,Debit Card,Yes,3,363.0,1,1,13,29.0,2025-12-14,4719.0,2025-12-14,1
CUST-102266,2025-07-21,Referral,Pune,Male,64,1,Basic,Monthly,UPI,Yes,0,155.0,1,0,10,13.0,2026-05-26,1550.0,,0
CUST-102267,2025-11-19,Paid Search,Mumbai,Female,57,0,Standard,Monthly,UPI,No,3,661.0,1,0,6,18.0,2026-05-08,3966.0,,0
CUST-102268,2025-10-05,Referral,Bengaluru,Female,41,0,Premium,Monthly,UPI,No,1,841.0,1,1,7,16.0,2026-05-24,5887.0,,0
CUST-102269,2026-05-21,Affiliate,Mumbai,Male,58,0,Basic,Annual,Credit Card,Yes,3,379.0,1,0,0,19.0,2026-05-11,379.0,,0
CUST-102270,2024-11-03,Paid Search,Bengaluru,Female,31,0,Standard,Monthly,Debit Card,Yes,1,541.0,1,1,18,18.0,2026-05-19,9738.0,,0
CUST-102271,2024-08-28,Paid Search,Mumbai,Male,52,0,Basic,Two-Year,UPI,Yes,2,319.0,1,1,8,19.0,2025-04-25,2552.0,2025-04-25,1
CUST-102272,2025-09-04,Referral,Jaipur,Male,18,0,Premium,Monthly,Net Banking,No,2,905.0,1,0,8,23.0,2026-05-24,7240.0,,0
CUST-102273,2025-07-19,Affiliate,Kolkata,Female,64,1,Basic,Monthly,Wallet,No,3,391.0,1,1,9,24.0,2026-04-15,3519.0,2026-04-15,1
CUST-102274,2026-02-18,Affiliate,Delhi,Male,68,1,Standard,Annual,UPI,No,3,685.0,1,0,3,31.0,2026-05-31,2055.0,,0
CUST-102275,2024-09-01,Organic Search,Chennai,Male,56,0,Standard,Annual,Net Banking,Yes,2,614.0,1,1,20,26.0,2026-05-08,12280.0,,0
CUST-102276,2024-11-24,Paid Search,Ahmedabad,Female,27,0,Basic,Monthly,Debit Card,Yes,0,201.0,1,0,18,17.0,2026-05-10,3618.0,,0
CUST-102277,2025-03-28,Organic Search,Hyderabad,Male,31,0,Premium,Monthly, UPI ,Yes,1,868.0,1,1,14,23.0,2026-05-11,12152.0,,0
CUST-102278,2026-01-19,Affiliate,Mumbai,Male,56,0,Premium,Monthly,Credit Card,Yes,1,860.0,1,0,4,22.0,2026-05-31,3440.0,,0
CUST-102279,2024-10-22,Paid Search,Mumbai,Male,43,0,Standard,Annual,Debit Card,Yes,0,501.0,1,0,19,21.0,2026-05-06,9519.0,,0
CUST-102280,2026-04-24,Paid Social,Pune,Male,46,0,Standard,Two-Year,UPI,No,1,527.0,1,0,1,23.0,2026-05-12,527.0,,0
CUST-102281,2024-08-20,Organic Search,Bengaluru,Male,39,0,Premium,Annual,Debit Card,No,2,911.0,1,1,21,41.0,2026-05-06,19131.0,,0
CUST-102282,2026-04-14,Paid Social,Bengaluru,Male,61,1,Basic,Annual,UPI,Yes,2,307.0,1,0,1,16.0,2026-05-10,307.0,,0
CUST-102283,2025-10-05,Referral,Bengaluru,Male,26,0,Basic,Annual,UPI,Yes,0,215.0,1,1,7,24.0,2026-05-22,1505.0,,0
CUST-102284,2024-09-11,Organic Search,Ahmedabad,Male,40,0,Standard,Annual,Credit Card,Yes,1,553.0,1,1,20,21.0,2026-05-17,11060.0,,0
CUST-102285,2026-05-23,Organic Search,Ahmedabad,Female,29,0,Standard,Annual,UPI,Yes,3,669.0,1,0,0,11.0,2026-05-15,669.0,,0
CUST-102286,2024-07-06,Affiliate,Pune,Female,53,0,Standard,Monthly,Debit Card,Yes,0,508.0,1,1,22,4.0,2026-05-30,11176.0,,0
CUST-102287,2025-03-12,Referral,Pune,Female,32,0,Standard,Monthly,Debit Card,Yes,2,596.0,1,1,14,8.0,2026-05-09,8344.0,,0
CUST-102288,2025-11-12,Organic Search,Ahmedabad,Female,33,0,Standard,Two-Year,UPI,Yes,3,678.0,0,0,6,24.0,2026-05-17,4068.0,,0
CUST-102289,2025-02-06,Paid Social,Delhi,Female,27,0,Basic,Two-Year,Net Banking,Yes,3,349.0,1,0,15,12.0,2026-05-21,5235.0,,0
CUST-102290,2025-03-06,Email,Pune,Male,62,1,Basic,Annual,UPI,Yes,2,308.0,1,0,14,19.0,2026-05-17,4312.0,,0
CUST-102291,2024-12-26,Referral,Pune,Male,29,0,Basic,Monthly,Debit Card,Yes,1,252.0,1,1,17,20.0,2026-05-02,4284.0,,0
CUST-102292,2024-10-08,Paid Search,Chennai,Male,63,1,Basic,Annual,UPI,Yes,2,341.0,1,1,19,18.0,2026-05-19,6479.0,,0
CUST-102293,2025-07-30,Paid Social,Delhi,Male,65,1,Standard,Monthly,UPI,No,1,557.0,1,0,10,13.0,2026-05-13,5570.0,,0
CUST-102294,2025-04-22,Paid Social,Bengaluru,Female,68,1,Premium,Monthly,Net Banking,Yes,3,966.0,1,1,8,26.0,2025-12-18,7728.0,2025-12-18,1
CUST-102295,2026-01-13,Organic Search,Bengaluru,Male,35,0,Basic,Monthly,Wallet,Yes,1,257.0,1,1,1,10.0,2026-02-12,257.0,2026-02-12,1
CUST-102296,2025-07-01,Referral,Delhi,Female,52,0,Standard,Annual,UPI,Yes,1,581.0,1,1,10,20.0,2026-05-22,5810.0,,0
CUST-102297,2025-06-10,Organic Search,Ahmedabad,Male,61,1,Basic,Monthly,UPI,Yes,1,228.0,1,1,11,3.0,2026-05-05,2508.0,,0
CUST-102298,2024-09-26,Organic Search,Ahmedabad,Male,22,0,Standard,Annual,Debit Card,No,3,691.0,1,0,20,25.0,2026-05-08,13820.0,,0
CUST-102299,2024-12-01,Referral,Chennai,Male,21,0,Premium,Annual,UPI,No,1,865.0,1,1,17,29.0,2026-05-12,14705.0,,0
CUST-102300,2024-06-28,Email,Mumbai,Male,28,0,Basic,Monthly,Net Banking,No,2,317.0,1,1,23,26.0,2026-05-03,7291.0,,0
CUST-102301,2026-05-12,Referral,Pune,Male,69,1,Standard,Monthly,UPI,No,0,494.0,1,1,0,13.0,2026-05-30,494.0,,0
CUST-102302,2025-12-22,Paid Social,Bengaluru,Female,22,0,Basic,Annual,UPI,No,3,401.0,1,1,5,19.0,2026-05-25,2005.0,,0
CUST-102303,2024-12-15,Paid Social,Delhi,Male,57,0,Basic,Two-Year,UPI,Yes,3,390.0,1,0,17,35.0,2026-05-09,6630.0,,0
CUST-102304,2025-04-29,Paid Social,Chennai,Female,61,1,Standard,Two-Year,UPI,No,0,483.0,1,1,1,21.0,2025-05-29,483.0,2025-05-29,1
CUST-102305,2025-07-15,Paid Social,Hyderabad,Female,65,1,Standard,Monthly,Net Banking,Yes,0,499.0,1,1,10,15.0,2026-05-31,4990.0,,0
CUST-102306,2024-11-26,Paid Search,Ahmedabad,Male,45,0,Standard,Annual,Debit Card,Yes,2,638.0,1,1,18,27.0,2026-05-24,11484.0,,0
CUST-102307,2024-09-02,Paid Social,Chennai,Female,45,0,Premium,Annual,UPI,No,3,987.0,1,1,20,19.0,2026-05-30,19740.0,,0
CUST-102308,2026-04-28,Paid Search,Bengaluru,Male,56,0,Premium,Monthly,UPI,No,3,983.0,0,0,1,18.0,2026-05-08,983.0,,0
CUST-102309,2025-02-16,Affiliate,Delhi,Male,50,0,Standard,Annual,UPI,Yes,1,539.0,0,0,15,13.0,2026-05-29,8085.0,,0
CUST-102310,2025-12-06,Email,Hyderabad,Male,58,0,Basic,Monthly,Debit Card,No,3,414.0,1,0,5,28.0,2026-05-24,2070.0,,0
CUST-102311,2025-09-05,Organic Search,Hyderabad,Female,36,0,Basic,Annual,Credit Card,Yes,1,270.0,1,1,8,13.0,2026-05-26,2160.0,,0
CUST-102312,2025-03-21,Paid Social,Delhi,Female,66,1,Standard,Monthly,UPI,Yes,2,646.0,0,0,14,14.0,2026-05-28,9044.0,,0
CUST-102313,2025-08-23,Organic Search,Surat,Female,40,0,Standard,Monthly,Debit Card,Yes,3,684.0,1,1,7,25.0,2026-03-21,4788.0,2026-03-21,1
CUST-102314,2024-12-16,Paid Social,Pune,Female,30,0,Basic,Monthly,Debit Card,No,0,199.0,1,1,4,0.0,2025-04-15,796.0,2025-04-15,1
CUST-102315,2024-12-01,Paid Social,Pune,Male,57,0,Basic,Monthly,Wallet,No,2,309.0,1,0,17,10.0,2026-05-29,5253.0,,0
CUST-102316,2025-11-14,Organic Search,Ahmedabad,Female,50,0,Basic,Monthly,Credit Card,No,1,274.0,1,1,6,12.0,2026-05-11,1644.0,,0
CUST-102317,2025-12-19,Referral,Mumbai,Female,20,0,Basic,Monthly,UPI,Yes,1,281.0,1,1,5,20.0,2026-05-08,1405.0,,0
CUST-102318,2025-11-11,Paid Search,Bengaluru,Male,26,0,Standard,Monthly,UPI,Yes,1,575.0,0,0,6,18.0,2026-05-19,3450.0,,0
CUST-102319,2025-10-24,Affiliate,Pune,Male,19,0,Premium,Monthly,Wallet,Yes,1,893.0,0,0,7,29.0,2026-05-14,6251.0,,0
CUST-102320,2026-03-07,Organic Search,Bengaluru,Male,47,0,Standard,Monthly,UPI,No,2,621.0,1,1,2,13.0,2026-05-31,1242.0,,0
CUST-102321,2025-01-08,Organic Search,Hyderabad,Male,63,1,Premium,Monthly,UPI,No,0,790.0,1,1,16,5.0,2026-05-24,12640.0,,0
CUST-102322,2024-06-10,Paid Social,Mumbai,Female,34,0,Standard,Two-Year,Credit Card,No,2,623.0,1,0,23,29.0,2026-05-04,14329.0,,0
CUST-102323,2024-12-19,Organic Search,Hyderabad,Male,23,0,Basic,Monthly,Credit Card,Yes,2,331.0,1,1,10,17.0,2025-10-15,3310.0,2025-10-15,1
CUST-102324,2025-09-02,Organic Search,Chennai,Male,62,1,Standard,Annual,Credit Card,Yes,3,675.0,1,1,8,24.0,2026-05-10,5400.0,,0
CUST-102325,2025-08-10,Email,Hyderabad,Female,55,0,Premium,Monthly,Debit Card,Yes,2,918.0,1,1,9,16.0,2026-05-15,8262.0,,0
CUST-102326,2024-12-23,Organic Search,Chennai,Female,46,0,Standard,Monthly,UPI,Yes,2,622.0,1,1,17,25.0,2026-05-04,10574.0,,0
CUST-102327,2025-12-20,Organic Search,Kolkata,Female,28,0,Standard,Two-Year,Debit Card,No,3,686.0,1,1,5,26.0,2026-05-14,3430.0,,0
CUST-102328,2026-05-12,Paid Search,Ahmedabad,Male,52,0,Standard,Annual,Net Banking,Yes,2,621.0,1,1,0,19.0,2026-05-04,621.0,,0
CUST-102329,2024-08-29,Paid Search,Hyderabad,Female,37,0,Basic,Annual,UPI,No,1,262.0,0,0,21,19.0,2026-05-20,5502.0,,0
CUST-102330,2024-06-19,Paid Search,Surat,Male,30,0,Basic,Monthly,UPI,Yes,3,389.0,1,1,23,18.0,2026-05-11,8947.0,,0
CUST-102331,2025-10-20,Paid Social,Bengaluru,Female,33,0,Basic,Monthly,Wallet,No,0,211.0,1,1,4,13.0,2026-02-17,844.0,2026-02-17,1
CUST-102332,2025-05-22,Affiliate,Mumbai,Male,21,0,Basic,Monthly,UPI,No,1,252.0,0,0,12,11.0,2026-05-21,3024.0,,0
CUST-102333,2025-10-02,Organic Search,Surat,Male,43,0,Premium,Monthly,Credit Card,Yes,0,771.0,1,0,7,24.0,2026-05-27,5397.0,,0
CUST-102334,2025-11-01,Paid Social,Mumbai,Female,57,0,Basic,Two-Year,UPI,No,3,363.0,1,0,6,21.0,2026-05-27,2178.0,,0
CUST-102335,2024-06-30,Referral,Delhi,Female,60,1,Basic,Monthly,Credit Card,Yes,3,386.0,1,0,23,19.0,2026-05-28,8878.0,,0
CUST-102336,2025-11-30,Affiliate,Mumbai,Female,55,0,Standard,Monthly,Debit Card,Yes,1,548.0,1,1,6,4.0,2026-05-29,3288.0,,0
CUST-102337,2024-10-06,Paid Social,Bengaluru,Male,63,1,Premium,Monthly,Debit Card,Yes,3,983.0,1,0,19,12.0,2026-05-17,18677.0,,0
CUST-102338,2025-09-05,Paid Search,Delhi,Female,68,1,Standard,Monthly,UPI,Yes,3,678.0,1,1,0,27.0,2025-09-05,678.0,2025-09-05,1
CUST-102339,2026-05-20,Organic Search,Bengaluru,Male,29,0,Basic,Monthly,UPI,No,1,260.0,1,1,0,15.0,2026-05-20,260.0,2026-05-20,1
CUST-102340,2025-05-11,Organic Search,Jaipur,Male,40,0,Basic,Monthly,Credit Card,Yes,0,206.0,1,1,12,14.0,2026-05-16,2472.0,,0
CUST-102341,2025-02-10,Organic Search,Bengaluru,Male,35,0,Standard,Two-Year,UPI,Yes,1,577.0,1,1,15,25.0,2026-05-08,8655.0,,0
CUST-102342,2026-03-25,Referral,Bengaluru,Male,53,0,Premium,Annual,Debit Card,No,3,979.0,1,1,2,32.0,2026-05-12,1958.0,,0
CUST-102343,2025-04-01,Paid Social,Kolkata,Male,61,1,Basic,Monthly,Debit Card,No,3,363.0,1,1,1,14.0,2025-05-01,363.0,2025-05-01,1
CUST-102344,2025-07-26,Referral,Chennai,Female,64,1,Premium,Monthly,Net Banking,No,2,924.0,1,1,10,19.0,2026-05-28,9240.0,,0
CUST-102345,2024-10-25,Organic Search,Mumbai,Male,22,0,Standard,Annual,UPI,Yes,1,570.0,1,1,19,5.0,2026-05-15,10830.0,,0
CUST-102346,2025-06-15,Affiliate,Ahmedabad,Female,44,0,Standard,Monthly,UPI,Yes,1,525.0,0,0,11,21.0,2026-05-13,5775.0,,0
CUST-102347,2024-07-24,Affiliate,Pune,Female,24,0,Basic,Two-Year,Net Banking,Yes,3,368.0,0,0,22,43.0,2026-05-02,8096.0,,0
CUST-102348,2026-02-15,Organic Search,Chennai,Male,35,0,Premium,Annual,Credit Card,No,2,919.0,1,1,3,18.0,2026-05-29,2757.0,,0
CUST-102349,2025-08-19,Organic Search,Bengaluru,Female,42,0,Standard,Monthly,UPI,Yes,3,672.0,1,0,9,18.0,2026-05-10,6048.0,,0
CUST-102350,2025-04-20,Organic Search,Mumbai,Male,50,0,Basic,Annual,Wallet,No,3,381.0,1,1,13,23.0,2026-05-18,4953.0,,0
CUST-102351,2025-11-28,Affiliate,Hyderabad,Female,59,0,Basic,Monthly,Debit Card,No,2,310.0,0,0,6,20.0,2026-05-06,1860.0,,0
CUST-102352,2025-08-18,Organic Search,Pune,Male,69,1,Basic,Monthly,Credit Card,Yes,3,393.0,1,1,9,25.0,2026-05-21,3537.0,,0
CUST-102353,2025-04-02,Paid Search,Bengaluru,Male,35,0,Basic,Annual,Debit Card,Yes,2,320.0,1,1,13,24.0,2026-05-31,4160.0,,0
CUST-102354,2025-01-26,Paid Social,Kolkata,Male,47,0,Basic,Monthly,Credit Card,Yes,1,232.0,1,1,16,8.0,2026-05-12,3712.0,,0
CUST-102355,2024-07-20,Referral,Chennai,Female,21,0,Basic,Monthly,UPI,Yes,0,210.0,1,1,22,17.0,2026-05-29,4620.0,,0
CUST-102356,2024-11-02,Paid Social,Pune,Male,23,0,Standard,Two-Year,UPI,No,0,511.0,0,0,18,22.0,2026-05-17,9198.0,,0
CUST-102357,2025-03-21,Paid Search,Pune,Female,68,1,Standard,Annual,Credit Card,Yes,0,498.0,1,1,14,9.0,2026-05-28,6972.0,,0
CUST-102358,2025-05-02,Email,Pune,Male,66,1,Standard,Monthly,Credit Card,No,3,651.0,1,0,12,9.0,2026-05-29,7812.0,,0
CUST-102359,2026-05-26,Organic Search,Bengaluru,Female,66,1,Standard,Two-Year,Debit Card,Yes,3,693.0,1,1,0,20.0,2026-05-12,693.0,,0
CUST-102360,2025-01-31,Affiliate,Bengaluru,Male,31,0,Basic,Monthly,Credit Card,No,1,244.0,1,1,16,20.0,2026-05-25,3904.0,,0
CUST-102361,2025-05-17,Organic Search,Hyderabad,Male,51,0,Basic,Annual,UPI,Yes,0,194.0,1,1,12,22.0,2026-05-04,2328.0,,0
CUST-102362,2024-06-28,Paid Social,Pune,Male,29,0,Standard,Monthly,Debit Card,Yes,0,490.0,0,0,23,18.0,2026-05-03,11270.0,,0
CUST-102363,2024-08-06,Affiliate,Bengaluru,Male,53,0,Standard,Monthly,UPI,No,0,477.0,1,0,21,9.0,2026-05-25,10017.0,,0
CUST-102364,2025-05-21,Paid Search,Ahmedabad,Female,43,0,Basic,Annual,Net Banking,Yes,0,199.0,1,1,9,5.0,2026-02-15,1791.0,2026-02-15,1
CUST-102365,2025-02-09,Referral,Hyderabad,Female,66,1,Premium,Monthly,Debit Card,No,3,982.0,1,0,15,34.0,2026-05-25,14730.0,,0
CUST-102366,2025-09-22,Organic Search,Pune,Male,37,0,Standard,Two-Year,Credit Card,No,2,621.0,1,0,8,30.0,2026-05-05,4968.0,,0
CUST-102367,2026-02-06,Paid Social,Delhi,Male,51,0,Premium,Monthly,Credit Card,Yes,0,796.0,1,0,3,10.0,2026-05-24,2388.0,,0
CUST-102368,2024-07-08,Paid Social,Delhi,Male,52,0,Standard,Two-Year,UPI,Yes,0,488.0,1,1,22,23.0,2026-05-25,10736.0,,0
CUST-102369,2024-09-29,Paid Search,Mumbai,Female,58,0,Basic,Monthly,Debit Card,Yes,2,341.0,1,1,20,22.0,2026-05-23,6820.0,,0
CUST-102370,2025-07-19,Paid Social,Surat,Female,20,0,Premium,Monthly,UPI,Yes,0,802.0,1,0,10,10.0,2026-05-11,8020.0,,0
CUST-102371,2024-08-12,Paid Social,Kolkata,Female,42,0,Premium,Monthly,Debit Card,Yes,2,905.0,0,0,21,29.0,2026-05-02,19005.0,,0
CUST-102372,2025-01-13,Paid Social,Bengaluru,Female,41,0,Premium,Monthly,UPI,Yes,1,866.0,1,1,16,14.0,2026-05-30,13856.0,,0
CUST-102373,2025-10-29,Organic Search,Delhi,Male,29,0,Premium,Annual,Credit Card,No,0,804.0,1,1,7,7.0,2026-05-26,5628.0,,0
CUST-102374,2024-06-30,Paid Social,Hyderabad,Male,59,0,Premium,Annual,UPI,No,2,928.0,1,1,2,21.0,2024-08-29,1856.0,2024-08-29,1
CUST-102375,2025-08-25,Organic Search,Bengaluru,Female,61,1,Standard,Annual,UPI,Yes,0,499.0,0,0,9,13.0,2026-05-22,4491.0,,0
CUST-102376,2024-08-10,Affiliate,Surat,Male,22,0,Basic,Monthly,Credit Card,No,0,190.0,1,0,21,16.0,2026-05-13,3990.0,,0
CUST-102377,2025-12-06,Paid Search,Ahmedabad,Male,53,0,Standard,Monthly,Debit Card,Yes,1,538.0,1,0,5,14.0,2026-05-16,2690.0,,0
CUST-102378,2025-11-05,Organic Search,Ahmedabad,Male,62,1,Standard,Monthly,UPI,Yes,3,671.0,1,1,1,17.0,2025-12-05,671.0,2025-12-05,1
CUST-102379,2024-07-09,Referral,Bengaluru,Female,33,0,Standard,Annual,Credit Card,Yes,0,474.0,1,1,22,16.0,2026-05-03,10428.0,,0
CUST-102380,2025-06-29,Affiliate,Mumbai,Female,50,0,Standard,Two-Year,Net Banking,Yes,1,564.0,1,0,11,9.0,2026-05-14,6204.0,,0
CUST-102381,2025-05-10,Organic Search,Pune,Female,50,0,Standard,Monthly,Credit Card,Yes,0,475.0,1,1,12,6.0,2026-05-17,5700.0,,0
CUST-102382,2026-04-28,Organic Search,Chennai,Male,18,0,Premium,Monthly,Credit Card,No,3,974.0,1,0,1,17.0,2026-05-22,974.0,,0
CUST-102383,2024-06-29,Organic Search,Mumbai,Male,60,1,Standard,Monthly,UPI,Yes,3,690.0,1,1,23,25.0,2026-05-22,15870.0,,0
CUST-102384,2025-10-10,Organic Search,Bengaluru,Male,57,0,Basic,Monthly,UPI,No,3,375.0,1,1,7,9.0,2026-05-18,2625.0,,0
CUST-102385,2025-07-02,Referral,Hyderabad,Female,32,0,Standard,Annual,UPI,Yes,3,678.0,1,0,10,27.0,2026-05-28,6780.0,,0
CUST-102386,2026-05-03,Email,Chennai,Male,34,0,Basic,Monthly,Wallet,Yes,2,326.0,1,1,0,15.0,2026-05-29,326.0,,0
CUST-102387,2025-11-18,Organic Search,Bengaluru,Female,57,0,Basic,Annual,UPI,Yes,0,207.0,1,1,6,20.0,2026-05-11,1242.0,,0
CUST-102388,2024-12-25,Referral,Mumbai,Male,59,0,Standard,Monthly,UPI,Yes,1,575.0,1,1,17,20.0,2026-05-20,9775.0,,0
CUST-102389,2024-08-19,Organic Search,Pune,Female,21,0,Premium,Monthly,UPI,Yes,2,927.0,1,1,11,27.0,2025-07-15,10197.0,2025-07-15,1
CUST-102390,2025-07-30,Paid Search,Bengaluru,Female,36,0,Basic,Monthly,Net Banking,Yes,3,384.0,1,1,10,21.0,2026-05-30,3840.0,,0
CUST-102391,2026-02-10,Referral,Chennai,Male,50,0,Basic,Monthly,UPI,No,1,230.0,1,0,3,6.0,2026-05-21,690.0,,0
CUST-102392,2025-07-13,Paid Social,Bengaluru,Female,24,0,Standard,Annual,Net Banking,Yes,0,503.0,1,0,10,31.0,2026-05-04,5030.0,,0
CUST-102393,2025-07-29,Organic Search,Mumbai,Male,69,1,Standard,Two-Year,Credit Card,No,1,584.0,1,0,10,19.0,2026-05-31,5840.0,,0
CUST-102394,2025-06-17,Paid Search,Hyderabad,Female,28,0,Basic,Monthly,Net Banking,Yes,2,329.0,1,1,11,21.0,2026-05-13,3619.0,2026-05-13,1
CUST-102395,2025-02-26,Email,Bengaluru,Female,63,1,Basic,Monthly,Net Banking,Yes,3,394.0,1,1,7,21.0,2025-09-24,2758.0,2025-09-24,1
CUST-102396,2026-03-17,Organic Search,Mumbai,Female,21,0,Standard,Annual,Credit Card,Yes,2,609.0,1,1,2,31.0,2026-05-04,1218.0,,0
CUST-102397,2024-09-30,Organic Search,Bengaluru,Male,63,1,Premium,Annual,Wallet,Yes,0,798.0,1,1,3,8.0,2024-12-29,2394.0,2024-12-29,1
CUST-102398,2025-06-20,Organic Search,Jaipur,Female,20,0,Basic,Annual,Wallet,Yes,2,327.0,1,1,11,11.0,2026-05-15,3597.0,,0
CUST-102399,2026-02-24,Paid Search,Hyderabad,Female,53,0,Standard,Monthly,UPI,Yes,3,686.0,1,0,3,16.0,2026-05-30,2058.0,,0
CUST-102400,2024-12-10,Paid Search,Delhi,Female,36,0,Standard,Annual,Credit Card,No,1,571.0,0,0,17,22.0,2026-05-03,9707.0,,0
CUST-102401,2025-04-04,Referral,Hyderabad,Female,41,0,Basic,Monthly,Debit Card,Yes,1,242.0,1,1,10,13.0,2026-01-29,2420.0,2026-01-29,1
CUST-102402,2025-10-25,Referral,Mumbai,Male,23,0,Premium,Monthly,Net Banking,Yes,0,787.0,1,1,7,9.0,2026-05-10,5509.0,,0
CUST-102403,2024-09-02,Affiliate,Bengaluru,Male,53,0,Basic,Two-Year,Debit Card,Yes,2,300.0,1,1,20,14.0,2026-05-15,6000.0,,0
CUST-102404,2024-12-11,Affiliate,Bengaluru,Male,50,0,Basic,Monthly,Debit Card,No,1,263.0,0,0,17,25.0,2026-05-17,4471.0,,0
CUST-102405,2025-11-10,Organic Search,Mumbai,Male,34,0,Basic,Monthly,UPI,Yes,3,376.0,1,1,6,25.0,2026-05-30,2256.0,,0
CUST-102406,2024-07-31,Paid Search,Delhi,Female,42,0,Basic,Monthly,Net Banking,Yes,1,256.0,0,0,22,22.0,2026-05-08,5632.0,,0
CUST-102407,2025-03-01,Paid Social,Jaipur,Female,46,0,Standard,Monthly,UPI,No,2,609.0,1,0,14,14.0,2026-05-29,8526.0,,0
CUST-102408,2025-08-04,Paid Social,Mumbai,Male,53,0,Standard,Two-Year,Debit Card,No,2,606.0,1,0,9,20.0,2026-05-17,5454.0,,0
CUST-102409,2026-02-10,Email,Chennai,Male,46,0,Standard,Monthly,UPI,Yes,3,679.0,1,1,3,27.0,2026-05-08,2037.0,,0
CUST-102410,2024-09-09,Referral,Pune,Female,21,0,Standard,Monthly,Debit Card,Yes,1,576.0,1,1,20,13.0,2026-05-27,11520.0,,0
CUST-102411,2025-06-25,Email,Bengaluru,Female,46,0,Basic,Annual,Net Banking,Yes,0,223.0,1,1,11,25.0,2026-05-13,2453.0,,0
CUST-102412,2025-11-03,Paid Social,Mumbai,Female,36,0,Premium,Monthly,UPI,No,0,823.0,1,0,6,16.0,2026-05-26,4938.0,,0
CUST-102413,2025-03-17,Paid Search,Mumbai,Male,39,0,Premium,Monthly,Net Banking,No,2,912.0,1,1,14,30.0,2026-05-13,12768.0,,0
CUST-102414,2025-04-16,Paid Social,Mumbai,Female,37,0,Basic,Monthly,Net Banking,Yes,1,241.0,1,0,13,22.0,2026-05-06,3133.0,,0
CUST-102415,2025-05-02,Organic Search,Pune,Male,36,0,Standard,Monthly,UPI,Yes,1,572.0,1,1,12,7.0,2026-05-06,6864.0,,0
CUST-102416,2026-02-22,Organic Search,Surat,Male,30,0,Premium,Monthly,Credit Card,Yes,0,818.0,1,1,3,10.0,2026-05-23,2454.0,2026-05-23,1
CUST-102417,2025-08-23,Paid Search,Kolkata,Female,35,0,Standard,Annual,UPI,No,1,565.0,1,1,9,2.0,2026-05-10,5085.0,,0
CUST-102418,2025-03-23,Organic Search,Ahmedabad,Male,55,0,Basic,Monthly,UPI,No,2,319.0,1,0,14,6.0,2026-05-27,4466.0,,0
CUST-102419,2024-06-08,Email,Mumbai,Female,29,0,Basic,Annual,Net Banking,Yes,0,190.0,0,0,23,10.0,2026-05-14,4370.0,,0
CUST-102420,2025-03-16,Organic Search,Mumbai,Male,57,0,Premium,Two-Year,UPI,Yes,2,928.0,1,0,14,30.0,2026-05-02,12992.0,,0
CUST-102421,2026-01-16,Organic Search,Surat,Male,40,0,Standard,Monthly,Debit Card,No,2,628.0,1,1,4,18.0,2026-05-06,2512.0,,0
CUST-102422,2025-04-09,Referral,Mumbai,Female,49,0,Standard,Monthly,UPI,No,1,563.0,1,0,13,20.0,2026-05-13,7319.0,,0
CUST-102423,2025-03-14,Organic Search,Mumbai,Male,24,0,Premium,Monthly,UPI,Yes,2,902.0,1,1,14,17.0,2026-05-09,12628.0,,0
CUST-102424,2025-11-03,Affiliate,Pune,Male,28,0,Basic,Monthly,Debit Card,No,3,364.0,0,0,6,18.0,2026-05-02,2184.0,,0
CUST-102425,2026-05-10,Referral,Bengaluru,Male,64,1,Premium,Monthly,UPI,Yes,0,798.0,1,1,0,20.0,2026-05-03,798.0,,0
CUST-102426,2024-09-22,Organic Search,Mumbai,Male,61,1,Standard,Monthly,Net Banking,Yes,1,575.0,1,0,20,16.0,2026-05-14,11500.0,,0
CUST-102427,2026-04-20,Referral,Pune,Female,21,0,Standard,Monthly,UPI,Yes,2,633.0,1,1,1,18.0,2026-05-20,633.0,2026-05-20,1
CUST-102428,2025-02-04,Paid Search,Ahmedabad,Male,64,1,Basic,Monthly,Debit Card,No,2,313.0,1,1,15,24.0,2026-05-21,4695.0,,0
CUST-102429,2025-08-02,Referral,Ahmedabad,Female,61,1,Basic,Monthly,Debit Card,Yes,1,232.0,1,1,2,11.0,2025-10-01,464.0,2025-10-01,1
CUST-102430,2024-12-13,Affiliate,Ahmedabad,Female,25,0,Basic,Annual,Debit Card,Yes,2,339.0,1,1,17,23.0,2026-05-07,5763.0,,0
CUST-102431,2024-06-16,Referral,Delhi,Male,30,0,Basic,Monthly,Debit Card,Yes,2,338.0,1,1,23,23.0,2026-05-18,7774.0,,0
CUST-102432,2025-03-10,Paid Search,Surat,Male,27,0,Basic,Annual,UPI,Yes,2,321.0,1,1,14,9.0,2026-05-15,4494.0,,0
CUST-102433,2026-03-06,Paid Social,Bengaluru,Female,62,1,Basic,Annual,Debit Card,Yes,3,373.0,1,1,2,15.0,2026-05-31,746.0,,0
CUST-102434,2026-03-27,Referral,Hyderabad,Female,62,1,Standard,Monthly,Credit Card,Yes,0,494.0,1,1,2,12.0,2026-05-24,988.0,,0
CUST-102435,2025-03-02,Email,Delhi,Male,55,0,Premium,Annual,Net Banking,Yes,1,873.0,1,1,14,16.0,2026-05-30,12222.0,,0
CUST-102436,2025-09-04,Paid Search,Hyderabad,Female,31,0,Basic,Monthly,UPI,No,1,267.0,1,1,8,21.0,2026-05-04,2136.0,,0
CUST-102437,2025-12-15,Paid Search,Surat,Male,65,1,Basic,Annual,UPI,Yes,2,313.0,1,1,5,15.0,2026-05-10,1565.0,,0
CUST-102438,2025-06-02,Paid Social,Delhi,Male,62,1,Standard,Monthly,UPI,Yes,2,652.0,1,1,11,13.0,2026-05-17,7172.0,,0
CUST-102439,2026-01-13,Referral,Surat,Male,63,1,Standard,Monthly,UPI,Yes,3,656.0,1,1,1,25.0,2026-02-12,656.0,2026-02-12,1
CUST-102440,2024-09-03,Email,Pune,Male,36,0,Standard,Monthly,UPI,No,0,490.0,1,1,20,22.0,2026-05-16,9800.0,,0
CUST-102441,2026-04-12,Organic Search,Hyderabad,Male,54,0,Premium,Annual,UPI,Yes,2,910.0,0,0,1,28.0,2026-05-22,910.0,,0
CUST-102442,2025-07-26,Organic Search,Mumbai,Male,53,0,Basic,Annual,UPI,No,0,201.0,1,1,10,9.0,2026-05-11,2010.0,,0
CUST-102443,2024-09-22,Paid Search,Pune,Male,25,0,Standard,Monthly,UPI,No,3,696.0,1,1,20,16.0,2026-05-05,13920.0,,0
CUST-102444,2026-01-04,Paid Social,Bengaluru,Female,48,0,Premium,Monthly,UPI,Yes,0,811.0,1,1,4,3.0,2026-05-08,3244.0,,0
CUST-102445,2026-04-09,Paid Search,Jaipur,Male,46,0,Standard,Monthly,Net Banking,No,0,501.0,1,1,1,0.0,2026-05-18,501.0,,0
CUST-102446,2025-02-19,Organic Search,Kolkata,Female,48,0,Standard,Monthly,Wallet,No,3,659.0,1,1,15,12.0,2026-05-09,9885.0,,0
CUST-102447,2025-05-06,Paid Social,Delhi,Female,35,0,Premium,Monthly,Credit Card,No,1,873.0,0,0,12,10.0,2026-05-22,10476.0,,0
CUST-102448,2026-03-21,Paid Search,Jaipur,Male,52,0,Basic,Annual,UPI,No,1,242.0,1,1,2,20.0,2026-05-24,484.0,,0
CUST-102449,2025-06-28,Paid Search,Kolkata,Male,64,1,Basic,Annual,UPI,Yes,2,313.0,1,1,11,27.0,2026-05-08,3443.0,,0
CUST-102450,2025-02-12,Paid Search,Pune,Male,49,0,Basic,Annual,Net Banking,No,0,198.0,1,1,15,16.0,2026-05-13,2970.0,,0
CUST-102451,2025-09-11,Referral,Ahmedabad,Female,63,1,Premium,Monthly,Wallet,No,1,847.0,1,1,7,25.0,2026-04-09,5929.0,2026-04-09,1
CUST-102452,2024-09-25,Paid Search,Mumbai,Male,58,0,Premium,Annual,UPI,No,1,847.0,1,1,20,13.0,2026-05-21,16940.0,,0
CUST-102453,2025-02-04,Referral,Ahmedabad,Male,34,0,Basic,Two-Year,UPI,No,1,272.0,1,1,15,29.0,2026-05-28,4080.0,,0
CUST-102454,2026-01-25,Paid Search,Ahmedabad,Female,56,0,Standard,Monthly,UPI,Yes,0,521.0,1,1,2,10.0,2026-03-26,1042.0,2026-03-26,1
CUST-102455,2024-08-08,Paid Search,Surat,Male,52,0,Standard,Annual,UPI,No,1,558.0,0,0,21,22.0,2026-05-21,11718.0,,0
CUST-102456,2025-07-18,Paid Search,Mumbai,Male,67,1,Basic,Monthly,UPI,Yes,1,232.0,1,1,10,19.0,2026-05-24,2320.0,,0
CUST-102457,2025-10-10,Organic Search,Hyderabad,Female,35,0,Premium,Monthly,Debit Card,No,2,923.0,1,0,7,27.0,2026-05-05,6461.0,,0
CUST-102458,2025-06-12,Paid Social,Pune,Female,26,0,Basic,Two-Year,UPI,No,0,189.0,1,0,11,25.0,2026-05-11,2079.0,,0
CUST-102459,2025-03-12,Paid Search,Pune,Male,53,0,Premium,Monthly,UPI,No,3,984.0,1,1,14,16.0,2026-05-09,13776.0,,0
CUST-102460,2026-04-06,Affiliate,Mumbai,Male,50,0,Standard,Two-Year,Debit Card,No,0,503.0,1,0,1,0.0,2026-05-07,503.0,,0
CUST-102461,2026-01-11,Referral,Bengaluru,Male,49,0,Basic,Annual,Debit Card,No,2,291.0,1,1,4,20.0,2026-05-25,1164.0,,0
CUST-102462,2026-01-23,Organic Search,Pune,Male,56,0,Standard,Two-Year,UPI,Yes,1,553.0,1,1,4,22.0,2026-05-27,2212.0,,0
CUST-102463,2024-08-10,Paid Search,Bengaluru,Male,44,0,Standard,Annual,Debit Card,No,3,688.0,1,1,21,23.0,2026-05-29,14448.0,,0
CUST-102464,2026-05-25,Organic Search,Mumbai,Male,19,0,Basic,Annual,UPI,Yes,2,318.0,1,1,0,42.0,2026-05-21,318.0,,0
CUST-102465,2025-06-04,Referral,Hyderabad,Female,63,1,Basic,Monthly,UPI,Yes,2,303.0,1,1,11,25.0,2026-05-19,3333.0,,0
CUST-102466,2025-10-18,Affiliate,Ahmedabad,Female,32,0,Premium,Monthly,UPI,Yes,0,809.0,1,1,3,19.0,2026-01-16,2427.0,2026-01-16,1
CUST-102467,2025-03-03,Paid Search,Pune,Female,30,0,Standard,Two-Year,UPI,Yes,3,654.0,0,0,14,14.0,2026-05-21,9156.0,,0
CUST-102468,2025-07-28,Paid Search,Delhi,Female,60,1,Standard,Monthly,UPI,No,3,683.0,1,1,10,17.0,2026-05-17,6830.0,,0
CUST-102469,2025-10-31,Paid Social,Mumbai,Male,59,0,Basic,Monthly,Debit Card,Yes,0,191.0,1,1,4,19.0,2026-02-28,764.0,2026-02-28,1
CUST-102470,2025-06-28,Paid Social,Chennai,Male,44,0,Standard,Two-Year,Net Banking,Yes,2,626.0,0,0,11,23.0,2026-05-23,6886.0,,0
CUST-102471,2025-07-21,Affiliate,Mumbai,Male,53,0,Standard,Monthly,UPI,No,3,676.0,0,0,10,19.0,2026-05-25,6760.0,,0
CUST-102472,2025-02-15,Referral,Jaipur,Male,22,0,Basic,Annual,UPI,Yes,2,326.0,1,1,15,31.0,2026-05-21,4890.0,,0
CUST-102473,2026-05-25,Paid Search,Kolkata,Male,32,0,Basic,Monthly,UPI,Yes,3,399.0,0,0,0,16.0,2026-05-02,399.0,,0
CUST-102474,2024-10-10,Paid Social,Delhi,Female,30,0,Basic,Monthly,UPI,Yes,3,389.0,1,1,17,26.0,2026-03-04,6613.0,2026-03-04,1
CUST-102475,2025-02-28,Organic Search,Delhi,Male,39,0,Standard,Annual,Net Banking,Yes,3,689.0,1,1,15,19.0,2026-05-24,10335.0,,0
CUST-102476,2026-01-23,Organic Search,Mumbai,Male,36,0,Basic,Monthly,UPI,No,1,268.0,1,0,4,36.0,2026-05-23,1072.0,,0
CUST-102477,2025-05-13,Organic Search,Jaipur,Male,21,0,Premium,Annual,Debit Card,No,3,953.0,1,1,12,18.0,2026-05-25,11436.0,,0
CUST-102478,2024-06-05,Paid Social,Pune,Female,53,0,Basic,Monthly,Credit Card,No,0,200.0,1,0,23,27.0,2026-05-27,4600.0,,0
CUST-102479,2024-08-13,Email,Ahmedabad,Female,49,0,Premium,Monthly,Net Banking,Yes,3,983.0,1,1,21,20.0,2026-05-20,20643.0,,0
CUST-102480,2026-03-10,Paid Search,Bengaluru,Male,37,0,Basic,Two-Year,UPI,Yes,2,327.0,1,0,2,16.0,2026-05-28,654.0,,0
CUST-102481,2026-05-24,Organic Search,Ahmedabad,Male,64,1,Standard,Monthly,UPI,No,0,498.0,1,1,0,14.0,2026-05-12,498.0,,0
CUST-102482,2024-12-09,Organic Search,Bengaluru,Female,36,0,Standard,Monthly,UPI,No,2,630.0,1,0,17,11.0,2026-05-28,10710.0,,0
CUST-102483,2024-11-01,Paid Social,Bengaluru,Male,24,0,Standard,Monthly,Debit Card,Yes,3,665.0,1,1,4,16.0,2025-03-01,2660.0,2025-03-01,1
CUST-102484,2024-11-22,Affiliate,Ahmedabad,Female,62,1,Premium,Two-Year,Credit Card,Yes,3,1009.0,1,1,18,35.0,2026-05-06,18162.0,,0
CUST-102485,2026-03-29,Paid Social,Chennai,Female,24,0,Basic,Two-Year,Credit Card,Yes,0,207.0,0,0,2,19.0,2026-05-22,414.0,,0
CUST-102486,2024-06-06,Referral,Mumbai,Female,21,0,Basic,Monthly,UPI,Yes,3,365.0,1,1,23,30.0,2026-05-21,8395.0,,0
CUST-102487,2024-08-10,Affiliate,Bengaluru,Male,42,0,Basic,Monthly,UPI,Yes,3,399.0,1,0,21,18.0,2026-05-26,8379.0,,0
CUST-102488,2025-02-18,Organic Search,Pune,Female,48,0,Standard,Two-Year,Credit Card,No,3,662.0,1,1,15,28.0,2026-05-16,9930.0,,0
CUST-102489,2026-05-15,Paid Search,Surat,Male,32,0,Premium,Two-Year,UPI,Yes,2,919.0,1,1,0,22.0,2026-05-12,919.0,,0
CUST-102490,2024-08-04,Email,Bengaluru,Male,61,1,Basic,Monthly,Wallet,No,3,381.0,1,0,21,16.0,2026-05-25,8001.0,,0
CUST-102491,2025-01-29,Paid Social,Jaipur,Male,32,0,Standard,Annual,Net Banking,Yes,1,553.0,0,0,16,39.0,2026-05-12,8848.0,,0
CUST-102492,2024-10-13,Organic Search,Delhi,Male,68,1,Basic,Monthly,UPI,Yes,2,317.0,1,1,19,10.0,2026-05-05,6023.0,,0
CUST-102493,2025-01-26,Email,Kolkata,Male,51,0,Premium,Monthly,Credit Card,No,1,860.0,1,1,4,17.0,2025-05-26,3440.0,2025-05-26,1
CUST-102494,2025-10-15,Affiliate,Mumbai,Female,27,0,Basic,Annual,UPI,Yes,1,243.0,1,1,7,23.0,2026-05-28,1701.0,,0
CUST-102495,2024-10-24,Paid Search,Hyderabad,Female,39,0,Premium,Annual,Wallet,No,1,863.0,1,0,19,19.0,2026-05-10,16397.0,,0
CUST-102496,2025-03-30,Paid Search,Ahmedabad,Male,21,0,Standard,Monthly,Credit Card,Yes,2,619.0,1,0,14,15.0,2026-05-07,8666.0,,0
CUST-102497,2024-09-26,Organic Search,Surat,Female,61,1,Premium,Annual,UPI,No,2,948.0,1,0,20,16.0,2026-05-02,18960.0,,0
CUST-102498,2024-06-08,Affiliate,Jaipur,Female,51,0,Standard,Monthly,Debit Card,Yes,3,701.0,1,1,23,25.0,2026-05-09,16123.0,,0
CUST-102499,2025-05-31,Paid Search,Bengaluru,Male,40,0,Basic,Two-Year,UPI,Yes,2,308.0,1,1,12,17.0,2026-05-14,3696.0,,0
CUST-102500,2025-01-18,Organic Search,Bengaluru,Female,53,0,Premium,Monthly,UPI,Yes,0,797.0,1,1,16,24.0,2026-05-19,12752.0,,0
CUST-102501,2025-11-25,Referral,Pune,Female,49,0,Standard,Two-Year,UPI,Yes,1,549.0,1,1,6,21.0,2026-05-02,3294.0,,0
CUST-102502,2024-06-05,Email,Mumbai,Female,49,0,Basic,Monthly,UPI,Yes,2,315.0,0,0,23,18.0,2026-05-21,7245.0,,0
CUST-102503,2024-07-07,Affiliate,Pune,Male,38,0,Standard,Monthly,UPI,Yes,1,572.0,1,0,22,18.0,2026-05-06,12584.0,,0
CUST-102504,2026-03-30,Paid Social,Hyderabad,Female,36,0,Premium,Annual,Wallet,No,0,797.0,1,1,1,20.0,2026-04-29,797.0,2026-04-29,1
CUST-102505,2025-04-12,Organic Search,Bengaluru,Female,31,0,Standard,Monthly,Credit Card,Yes,0,492.0,1,1,13,25.0,2026-05-26,6396.0,,0
CUST-102506,2026-02-18,Email,Mumbai,Male,58,0,Basic,Monthly,Net Banking,Yes,2,328.0,1,1,3,23.0,2026-05-25,984.0,,0
CUST-102507,2024-08-17,Email,Jaipur,Male,42,0,Premium,Annual,UPI,Yes,1,830.0,1,1,21,21.0,2026-05-18,17430.0,,0
CUST-102508,2025-02-13,Paid Search,Ahmedabad,Male,42,0,Basic,Monthly,Net Banking,No,2,313.0,1,0,15,25.0,2026-05-17,4695.0,,0
CUST-102509,2025-10-21,Paid Search,Pune,Male,55,0,Basic,Annual,Debit Card,Yes,2,340.0,1,0,7,10.0,2026-05-18,2380.0,,0
CUST-102510,2024-11-23,Paid Social,Ahmedabad,Male,45,0,Basic,Monthly,Debit Card,No,1,280.0,1,1,18,14.0,2026-05-20,5040.0,,0
CUST-102511,2024-11-09,Paid Social,Mumbai,Male,67,1,Basic,Monthly,Net Banking,Yes,2,339.0,1,1,18,18.0,2026-05-19,6102.0,,0
CUST-102512,2024-08-17,Organic Search,Ahmedabad,Female,30,0,Standard,Monthly,Credit Card,Yes,2,601.0,1,1,21,15.0,2026-05-02,12621.0,,0
CUST-102513,2025-02-09,Organic Search,Delhi,Female,20,0,Basic,Monthly,Debit Card,Yes,0,180.0,1,1,15,22.0,2026-05-27,2700.0,,0
CUST-102514,2025-10-28,Organic Search,Pune,Male,39,0,Basic,Monthly,Net Banking,No,3,372.0,1,1,7,22.0,2026-05-06,2604.0,,0
CUST-102515,2024-12-31,Affiliate,Bengaluru,Male,45,0,Basic,Monthly,UPI,Yes,2,319.0,0,0,17,11.0,2026-05-28,5423.0,,0
CUST-102516,2024-08-27,Organic Search,Pune,Male,60,1,Premium,Monthly,UPI,Yes,3,968.0,1,1,21,14.0,2026-05-14,20328.0,,0
CUST-102517,2025-08-30,Organic Search,Pune,Male,51,0,Standard,Monthly,Wallet,No,3,654.0,1,1,9,21.0,2026-05-06,5886.0,,0
CUST-102518,2025-10-02,Paid Search,Mumbai,Female,66,1,Standard,Annual,Net Banking,Yes,1,573.0,1,1,7,24.0,2026-05-20,4011.0,,0
CUST-102519,2025-03-25,Organic Search,Ahmedabad,Male,22,0,Standard,Monthly,Credit Card,No,3,690.0,1,1,14,23.0,2026-05-27,9660.0,,0
CUST-102520,2024-12-06,Organic Search,Pune,Female,45,0,Basic,Monthly,Net Banking,Yes,3,370.0,1,1,11,40.0,2025-11-01,4070.0,2025-11-01,1
CUST-102521,2025-11-16,Paid Search,Pune,Male,61,1,Premium,Monthly,Net Banking,No,0,810.0,1,1,3,13.0,2026-02-14,2430.0,2026-02-14,1
CUST-102522,2025-11-14,Paid Social,Bengaluru,Male,44,0,Basic,Two-Year,Credit Card,No,2,333.0,1,1,6,17.0,2026-05-13,1998.0,,0
CUST-102523,2025-08-12,Paid Search,Mumbai,Female,32,0,Basic,Monthly,UPI,Yes,3,343.0,1,0,9,29.0,2026-05-06,3087.0,,0
CUST-102524,2025-03-14,Affiliate,Chennai,Male,57,0,Basic,Two-Year,Credit Card,No,0,209.0,1,0,14,20.0,2026-05-29,2926.0,,0
CUST-102525,2025-06-03,Organic Search,Ahmedabad,Male,63,1,Basic,Monthly,UPI,No,0,198.0,1,1,11,25.0,2026-05-12,2178.0,,0
CUST-102526,2024-09-08,Affiliate,Pune,Male,31,0,Basic,Two-Year,UPI,No,1,221.0,1,0,20,29.0,2026-05-02,4420.0,,0
CUST-102527,2024-06-03,Affiliate,Ahmedabad,Female,46,0,Standard,Monthly,Wallet,Yes,0,514.0,1,1,23,13.0,2026-05-11,11822.0,,0
CUST-102528,2024-12-20,Affiliate,Pune,Male,59,0,Basic,Monthly,Debit Card,No,0,200.0,1,1,4,10.0,2025-04-19,800.0,2025-04-19,1
CUST-102529,2025-06-14,Paid Search,Delhi,Female,25,0,Basic,Monthly,Net Banking,Yes,0,175.0,1,0,11,20.0,2026-05-14,1925.0,,0
CUST-102530,2025-10-17,Paid Search,Hyderabad,Female,18,0,Standard,Two-Year,Credit Card,No,0,505.0,1,1,7,12.0,2026-05-20,3535.0,,0
CUST-102531,2024-11-21,Paid Search,Ahmedabad,Female,56,0,Standard,Monthly,UPI,Yes,1,562.0,1,1,18,15.0,2026-05-13,10116.0,,0
CUST-102532,2025-10-13,Referral,Bengaluru,Female,57,0,Premium,Annual,Credit Card,No,3,987.0,1,1,7,10.0,2026-05-27,6909.0,,0
CUST-102533,2025-01-11,Organic Search,Mumbai,Female,26,0,Basic,Monthly,Debit Card,No,3,350.0,1,0,16,20.0,2026-05-15,5600.0,,0
CUST-102534,2025-08-10,Email,Hyderabad,Female,49,0,Premium,Annual,Credit Card,No,0,794.0,1,1,9,27.0,2026-05-19,7146.0,,0
CUST-102535,2024-08-20,Paid Search,Ahmedabad,Male,55,0,Standard,Annual,UPI,No,3,664.0,1,1,21,24.0,2026-05-08,13944.0,,0
CUST-102536,2025-01-22,Referral,Ahmedabad,Female,68,1,Standard,Monthly,Net Banking,No,3,677.0,1,1,16,11.0,2026-05-13,10832.0,,0
CUST-102537,2024-10-19,Paid Social,Hyderabad,Female,60,1,Basic,Annual,UPI,No,1,234.0,0,0,19,32.0,2026-05-20,4446.0,,0
CUST-102538,2025-09-07,Organic Search,Ahmedabad,Male,29,0,Standard,Annual,UPI,Yes,1,542.0,1,1,8,15.0,2026-05-17,4336.0,,0
CUST-102539,2025-10-31,Paid Search,Mumbai,Female,47,0,Basic,Monthly,Credit Card,Yes,1,282.0,1,0,7,17.0,2026-05-25,1974.0,,0
CUST-102540,2024-07-01,Paid Search,CHENNAI,Male,56,0,Standard,Monthly,Wallet,No,3,696.0,1,1,22,24.0,2026-05-05,15312.0,,0
CUST-102541,2025-03-17,Paid Social,Chennai,Female,32,0,Standard,Monthly,UPI,Yes,0,514.0,0,0,14,19.0,2026-05-11,7196.0,,0
CUST-102542,2025-08-15,Paid Social,Kolkata,Male,26,0,Basic,Annual,UPI,No,2,341.0,1,1,9,24.0,2026-05-28,3069.0,,0
CUST-102543,2025-11-21,Organic Search,Delhi,Male,40,0,Basic,Monthly,Wallet,Yes,3,351.0,1,1,0,20.0,2025-11-21,351.0,2025-11-21,1
CUST-102544,2025-12-22,Paid Search,Bengaluru,Male,55,0,Premium,Annual,Wallet,Yes,2,918.0,1,1,5,21.0,2026-05-18,4590.0,,0
CUST-102545,2025-12-14,Paid Social,Chennai,Male,45,0,Standard,Monthly,UPI,Yes,1,563.0,1,1,5,12.0,2026-05-10,2815.0,,0
CUST-102546,2024-09-09,Email,Mumbai,Male,49,0,Standard,Two-Year,Net Banking,No,3,673.0,1,1,20,16.0,2026-05-16,13460.0,,0
CUST-102547,2025-09-05,Organic Search,Hyderabad,Male,52,0,Premium,Annual,Wallet,Yes,0,771.0,1,1,8,14.0,2026-05-15,6168.0,,0
CUST-102548,2026-01-17,Paid Social,Ahmedabad,Female,67,1,Basic,Monthly,UPI,Yes,0,212.0,1,0,4,23.0,2026-05-23,848.0,,0
CUST-102549,2025-07-11,Paid Social,Jaipur,Male,50,0,Standard,Annual,Debit Card,Yes,3,688.0,1,1,2,16.0,2025-09-09,1376.0,2025-09-09,1
CUST-102550,2026-03-22,Paid Search,Pune,Female,25,0,Standard,Annual,UPI,Yes,3,670.0,0,0,2,13.0,2026-05-14,1340.0,,0
CUST-102551,2026-01-19,Paid Search,Bengaluru,Female,38,0,Basic,Monthly,Net Banking,Yes,0,212.0,1,0,4,16.0,2026-05-17,848.0,,0
CUST-102552,2026-05-01,Paid Search,Bengaluru,Male,26,0,Basic,Monthly,UPI,Yes,3,381.0,1,1,0,30.0,2026-05-26,381.0,,0
CUST-102553,2026-04-23,Email,Mumbai,Male,57,0,Premium,Monthly,Debit Card,No,0,809.0,1,1,1,9.0,2026-05-23,809.0,2026-05-23,1
CUST-102554,2024-06-22,Paid Social,Delhi,Male,69,1,Basic,Monthly,Net Banking,No,1,245.0,1,0,23,7.0,2026-05-15,5635.0,,0
CUST-102555,2025-03-17,Referral,Hyderabad,Male,58,0,Basic,Monthly,UPI,No,3,383.0,1,1,14,25.0,2026-05-12,5362.0,,0
CUST-102556,2026-03-15,Organic Search,Bengaluru,Male,30,0,Basic,Monthly,Debit Card,No,1,263.0,1,0,2,16.0,2026-05-10,526.0,,0
CUST-102557,2024-07-30,Organic Search,Bengaluru,Female,54,0,Standard,Monthly,UPI,Yes,0,496.0,1,1,15,27.0,2025-10-23,7440.0,2025-10-23,1
CUST-102558,2024-07-17,Paid Social,Mumbai,Female,19,0,Standard,Monthly,UPI,No,3,639.0,1,0,22,28.0,2026-05-16,14058.0,,0
CUST-102559,2024-12-23,Organic Search,Hyderabad,Male,32,0,Basic,Monthly,Wallet,No,0,202.0,1,1,17,6.0,2026-05-19,3434.0,,0
CUST-102560,2025-03-04,Paid Search,Delhi,Female,33,0,Basic,Monthly,Wallet,No,3,383.0,1,1,14,14.0,2026-05-02,5362.0,,0
CUST-102561,2025-08-27,Referral,Mumbai,Male,42,0,Basic,Monthly,Debit Card,No,1,245.0,1,1,9,0.0,2026-05-26,2205.0,,0
CUST-102562,2025-07-05,Referral,Jaipur,Female,34,0,Standard,Monthly, UPI ,No,1,568.0,1,1,10,18.0,2026-05-13,5680.0,,0
CUST-102563,2025-11-18,Paid Search,Bengaluru,Female,40,0,Premium,Monthly,UPI,No,1,863.0,1,1,3,13.0,2026-02-16,2589.0,2026-02-16,1
CUST-102564,2024-11-09,Paid Search,Bengaluru,Male,18,0,Basic,Annual,Credit Card,No,0,205.0,0,0,18,30.0,2026-05-15,3690.0,,0
CUST-102565,2025-05-18,Paid Social,Surat,Female,60,1,Standard,Annual,Net Banking,Yes,3,673.0,1,0,12,19.0,2026-05-16,8076.0,,0
CUST-102566,2025-02-07,Organic Search,Delhi,Female,38,0,Standard,Two-Year,Net Banking,Yes,3,653.0,1,1,15,22.0,2026-05-20,9795.0,,0
CUST-102567,2026-03-20,Organic Search,Jaipur,Male,60,1,Standard,Two-Year,UPI,No,2,594.0,1,1,0,16.0,2026-03-20,594.0,2026-03-20,1
CUST-102568,2026-03-24,Paid Search,Hyderabad,Male,21,0,Standard,Annual,UPI,No,0,509.0,1,0,2,16.0,2026-05-26,1018.0,,0
CUST-102569,2026-01-22,Email,Pune,F,63,1,Basic,Annual,Debit Card,No,2,303.0,1,1,4,31.0,2026-05-25,1212.0,,0
CUST-102570,2024-10-06,Organic Search,Mumbai,Male,50,0,Standard,Monthly,UPI,Yes,2,607.0,1,0,19,4.0,2026-05-27,11533.0,,0
CUST-102571,2024-08-07,Paid Search,Ahmedabad,Male,30,0,Standard,Annual,Net Banking,Yes,0,512.0,1,0,21,25.0,2026-05-31,10752.0,,0
CUST-102572,2025-06-28,Referral,Delhi,Female,57,0,Standard,Monthly,UPI,No,2,587.0,1,1,10,6.0,2026-04-24,5870.0,2026-04-24,1
CUST-102573,2025-10-29,Affiliate,Ahmedabad,Male,56,0,Basic,Annual,Credit Card,Yes,1,235.0,0,0,7,17.0,2026-05-18,1645.0,,0
CUST-102574,2026-01-24,Paid Search,Ahmedabad,Male,55,0,Basic,Monthly, UPI ,Yes,2,331.0,1,1,4,13.0,2026-05-22,1324.0,,0
CUST-102575,2026-01-02,Paid Search,Pune,Female,63,1,Basic,Two-Year,Debit Card,Yes,3,380.0,1,1,4,16.0,2026-05-11,1520.0,,0
CUST-102576,2024-11-23,Referral,Hyderabad,Male,67,1,Basic,Monthly,Wallet,Yes,1,229.0,1,1,18,9.0,2026-05-10,4122.0,,0
CUST-102577,2025-02-06,Affiliate,Mumbai,Male,26,0,Basic,Annual,Credit Card,Yes,0,192.0,1,0,15,20.0,2026-05-28,2880.0,,0
CUST-102578,2026-04-13,Organic Search,Hyderabad,Female,32,0,Basic,Two-Year,Wallet,Yes,1,262.0,1,1,1,16.0,2026-05-13,262.0,,0
CUST-102579,2025-10-30,Email,Jaipur,Male,20,0,Basic,Two-Year,Credit Card,Yes,0,182.0,1,1,7,21.0,2026-05-05,1274.0,,0
CUST-102580,2026-05-16,Organic Search,Hyderabad,Female,21,0,Basic,Monthly,UPI,No,1,237.0,1,1,0,22.0,2026-05-04,237.0,,0
CUST-102581,2024-11-07,Affiliate,Chennai,Female,23,0,Premium,Monthly,Net Banking,Yes,0,774.0,1,1,18,14.0,2026-05-06,13932.0,,0
CUST-102582,2024-12-11,Organic Search,Hyderabad,Male,53,0,Standard,Annual,UPI,No,0,512.0,1,0,17,21.0,2026-05-14,8704.0,,0
CUST-102583,2025-09-21,Organic Search,Mumbai,Male,49,0,Basic,Monthly,UPI,Yes,3,395.0,0,0,8,22.0,2026-05-31,3160.0,,0
CUST-102584,2025-05-11,Organic Search,Delhi,Female,19,0,Standard,Monthly,Debit Card,No,1,570.0,0,0,12,14.0,2026-05-12,6840.0,,0
CUST-102585,2026-05-14,Paid Social,Jaipur,Female,39,0,Standard,Annual,UPI,Yes,3,697.0,0,0,0,27.0,2026-05-08,697.0,,0
CUST-102586,2024-06-09,Paid Social,Pune,Male,23,0,Basic,Two-Year,Net Banking,Yes,1,278.0,1,1,23,30.0,2026-05-11,6394.0,,0
CUST-102587,2025-08-29,Organic Search,Chennai,Male,28,0,Standard,Monthly,Credit Card,Yes,1,536.0,1,1,9,28.0,2026-05-04,4824.0,,0
CUST-102588,2026-05-02,Paid Social,Surat,Male,20,0,Basic,Monthly,UPI,Yes,1,274.0,1,1,0,5.0,2026-05-19,274.0,,0
CUST-102589,2025-06-24,Paid Social,Mumbai,Female,45,0,Standard,Annual,UPI,No,0,501.0,1,0,11,15.0,2026-05-13,5511.0,,0
CUST-102590,2024-09-09,Referral,Delhi,Female,22,0,Basic,Annual,UPI,Yes,3,407.0,1,1,20,33.0,2026-05-18,8140.0,,0
CUST-102591,2024-07-15,Affiliate,Pune,Male,58,0,Standard,Two-Year,Debit Card,Yes,3,730.0,1,1,22,15.0,2026-05-11,16060.0,,0
CUST-102592,2025-04-08,Paid Search,Ahmedabad,Female,66,1,Basic,Annual,UPI,Yes,2,316.0,1,0,13,20.0,2026-05-17,4108.0,,0
CUST-102593,2025-12-08,Organic Search,Bengaluru,Male,62,1,Basic,Monthly,Net Banking,Yes,0,194.0,1,1,5,10.0,2026-05-26,970.0,,0
CUST-102594,2025-10-04,Paid Social,Chennai,Male,60,1,Standard,Annual,UPI,No,3,673.0,1,0,7,23.0,2026-05-25,4711.0,,0
CUST-102595,2024-08-15,Affiliate,Pune,Female,57,0,Basic,Two-Year,UPI,No,1,260.0,1,1,21,40.0,2026-05-16,5460.0,,0
CUST-102596,2025-09-18,Organic Search,Delhi,Male,65,1,Basic,Monthly,Debit Card,Yes,3,382.0,1,1,8,22.0,2026-05-31,3056.0,,0
CUST-102597,2026-03-26,Paid Social,Hyderabad,Female,64,1,Basic,Monthly,UPI,Yes,1,299.0,0,0,2,13.0,2026-05-18,598.0,,0
CUST-102598,2025-09-19,Email,Mumbai,Male,29,0,Standard,Annual,Credit Card,Yes,2,621.0,1,1,8,37.0,2026-05-28,4968.0,,0
CUST-102599,2024-12-06,Email,Kolkata,Female,49,0,Standard,Monthly,Credit Card,No,1,553.0,1,1,17,20.0,2026-05-22,9401.0,,0
CUST-102600,2024-06-13,Paid Social,Ahmedabad,Female,33,0,Premium,Two-Year,UPI,Yes,3,979.0,1,0,23,19.0,2026-05-30,22517.0,,0
CUST-102601,2025-07-16,Paid Search,Kolkata,Male,61,1,Standard,Monthly,Credit Card,No,0,487.0,1,1,10,4.0,2026-05-17,4870.0,,0
CUST-102602,2025-11-18,Paid Social,Bengaluru,Male,18,0,Premium,Monthly,Wallet,No,3,954.0,1,1,4,27.0,2026-03-18,3816.0,2026-03-18,1
CUST-102603,2026-02-27,Referral,Delhi,Female,39,0,Basic,Two-Year,UPI,Yes,3,377.0,1,1,3,15.0,2026-05-05,1131.0,,0
CUST-102604,2025-11-26,Organic Search,Bengaluru,Male,37,0,Standard,Monthly,Credit Card,Yes,0,534.0,1,0,6,12.0,2026-05-31,3204.0,,0
CUST-102605,2025-05-06,Organic Search,Mumbai,Female,62,1,Basic,Monthly,UPI,No,0,212.0,1,1,12,19.0,2026-05-07,2544.0,,0
CUST-102606,2025-07-03,Paid Search,Bengaluru,Female,33,0,Basic,Monthly,Net Banking,Yes,1,252.0,1,1,10,22.0,2026-05-24,2520.0,,0
CUST-102607,2024-10-21,Organic Search,Chennai,Male,64,1,Standard,Two-Year,UPI,Yes,1,564.0,1,1,19,8.0,2026-05-10,10716.0,,0
CUST-102608,2025-11-16,Paid Search,Chennai,Female,43,0,Premium,Two-Year,UPI,Yes,2,957.0,1,1,6,14.0,2026-05-21,5742.0,,0
CUST-102609,2025-09-24,Paid Social,Mumbai,Male,53,0,Standard,Monthly,Credit Card,Yes,2,622.0,1,0,8,19.0,2026-05-23,4976.0,,0
CUST-102610,2024-06-01,Affiliate,Pune,Male,45,0,Basic,Annual,Debit Card,No,0,186.0,1,0,23,5.0,2026-05-26,4278.0,,0
CUST-102611,2025-01-10,Affiliate,Kolkata,Male,40,0,Standard,Annual,UPI,No,3,680.0,1,0,16,27.0,2026-05-14,10880.0,,0
CUST-102612,2024-09-30,Paid Search,Chennai,Female,33,0,Basic,Monthly,Net Banking,No,0,209.0,1,1,3,7.0,2024-12-29,627.0,2024-12-29,1
CUST-102613,2026-05-11,Referral,Delhi,Female,32,0,Standard,Monthly,UPI,Yes,2,625.0,1,1,0,19.0,2026-05-27,625.0,,0
CUST-102614,2024-07-25,Paid Social,Ahmedabad,Male,51,0,Basic,Two-Year,Wallet,Yes,2,341.0,1,1,22,18.0,2026-05-19,7502.0,,0
CUST-102615,2025-06-14,Paid Search,Jaipur,Male,34,0,Basic,Monthly,Wallet,No,1,260.0,0,0,11,20.0,2026-05-15,2860.0,,0
CUST-102616,2025-01-15,Organic Search,Delhi,Male,62,1,Basic,Monthly,Debit Card,Yes,1,224.0,1,1,16,14.0,2026-05-31,3584.0,,0
CUST-102617,2026-04-07,Affiliate,Delhi,Female,24,0,Premium,Monthly,Debit Card,Yes,0,806.0,1,1,1,18.0,2026-05-07,806.0,2026-05-07,1
CUST-102618,2024-10-27,Affiliate,Hyderabad,Male,29,0,Basic,Annual,Debit Card,Yes,0,205.0,1,1,19,25.0,2026-05-03,3895.0,,0
CUST-102619,2026-04-22,Affiliate,Mumbai,Male,20,0,Basic,Monthly,Net Banking,No,1,264.0,1,1,1,16.0,2026-05-02,264.0,,0
CUST-102620,2024-10-14,Affiliate,Chennai,Male,62,1,Basic,Monthly,UPI,Yes,0,186.0,1,0,19,16.0,2026-05-15,3534.0,,0
CUST-102621,2024-06-30,Email,Ahmedabad,Male,39,0,Standard,Monthly,Net Banking,No,2,649.0,1,0,23,15.0,2026-05-28,14927.0,,0
CUST-102622,2025-04-02,Organic Search,Hyderabad,Female,19,0,Basic,Two-Year,Credit Card,Yes,3,363.0,1,1,13,16.0,2026-05-09,4719.0,,0
CUST-102623,2025-05-29,Email,Surat,Female,20,0,Standard,Monthly,Net Banking,Yes,1,544.0,1,1,12,10.0,2026-05-09,6528.0,,0
CUST-102624,2025-08-29,Paid Search,Surat,Male,65,1,Basic,Monthly,Credit Card,Yes,2,316.0,1,1,9,21.0,2026-05-21,2844.0,,0
CUST-102625,2025-06-18,Paid Social,Jaipur,Male,63,1,Basic,Monthly,Debit Card,Yes,2,339.0,1,0,11,14.0,2026-05-03,3729.0,,0
CUST-102626,2025-07-02,Paid Search,Kolkata,Male,32,0,Basic,Monthly,UPI,No,2,340.0,1,1,10,23.0,2026-05-02,3400.0,,0
CUST-102627,2025-01-11,Paid Social,Mumbai,Female,51,0,Basic,Annual,Credit Card,Yes,3,389.0,0,0,16,21.0,2026-05-31,6224.0,,0
CUST-102628,2026-02-01,Paid Social,Surat,Male,31,0,Standard,Monthly,UPI,No,2,632.0,0,0,3,14.0,2026-05-21,1896.0,,0
CUST-102629,2025-07-04,Organic Search,Jaipur,Male,61,1,Basic,Annual,Debit Card,No,0,179.0,1,1,10,15.0,2026-05-19,1790.0,,0
CUST-102630,2025-03-15,Organic Search,Bengaluru,Male,55,0,Standard,Monthly,UPI,Yes,3,654.0,1,1,14,8.0,2026-05-03,9156.0,,0
CUST-102631,2024-07-27,Paid Search,Delhi,Male,41,0,Basic,Two-Year,Wallet,Yes,3,373.0,1,0,22,30.0,2026-05-27,8206.0,,0
CUST-102632,2025-03-25,Affiliate,Ahmedabad,Female,66,1,Basic,Annual,Net Banking,No,1,272.0,1,0,14,14.0,2026-05-06,3808.0,,0
CUST-102633,2025-04-18,Paid Search,Pune,Male,29,0,Basic,Monthly,Net Banking,No,2,333.0,1,1,13,17.0,2026-05-23,4329.0,,0
CUST-102634,2024-06-08,Paid Search,Hyderabad,Male,69,1,Standard,Annual,Wallet,Yes,3,666.0,1,1,23,33.0,2026-05-06,15318.0,,0
CUST-102635,2026-01-10,Paid Social,Delhi,Female,33,0,Basic,Annual,Credit Card,No,1,244.0,1,0,4,14.0,2026-05-25,976.0,,0
CUST-102636,2025-12-07,Paid Social,Delhi,Male,64,1,Standard,Two-Year,Net Banking,Yes,0,517.0,1,0,5,21.0,2026-05-03,2585.0,,0
CUST-102637,2024-11-19,Organic Search,Bengaluru,Male,62,1,Premium,Two-Year,Credit Card,No,2,922.0,1,1,18,8.0,2026-05-07,16596.0,,0
CUST-102638,2025-08-14,Affiliate,Ahmedabad,Female,47,0,Basic,Annual,UPI,No,1,228.0,1,1,9,15.0,2026-05-05,2052.0,,0
CUST-102639,2024-09-08,Organic Search,Jaipur,Male,24,0,Basic,Monthly,UPI,Yes,2,302.0,1,1,5,29.0,2025-02-05,1510.0,2025-02-05,1
CUST-102640,2024-08-31,Referral,Mumbai,Female,57,0,Basic,Monthly,UPI,Yes,1,266.0,1,1,21,25.0,2026-05-26,5586.0,,0
CUST-102641,2025-10-03,Referral,Mumbai,Male,54,0,Basic,Two-Year,UPI,No,3,361.0,1,0,7,28.0,2026-05-04,2527.0,,0
CUST-102642,2024-10-18,Paid Search,Ahmedabad,Female,62,1,Basic,Two-Year,UPI,No,0,184.0,0,0,19,11.0,2026-05-22,3496.0,,0
CUST-102643,2026-04-04,Affiliate,Kolkata,Female,29,0,Standard,Monthly,Wallet,Yes,1,545.0,1,1,1,18.0,2026-05-04,545.0,2026-05-04,1
CUST-102644,2024-10-03,Paid Social,Kolkata,Male,30,0,Standard,Annual,UPI,Yes,2,632.0,0,0,19,18.0,2026-05-17,12008.0,,0
CUST-102645,2025-09-17,Affiliate,Ahmedabad,Male,36,0,Standard,Monthly,Wallet,Yes,2,619.0,1,1,8,21.0,2026-05-26,4952.0,,0
CUST-102646,2025-03-25,Referral,Mumbai,Female,37,0,Basic,Monthly,Net Banking,Yes,3,404.0,1,1,14,29.0,2026-05-25,5656.0,,0
CUST-102647,2024-07-25,Referral,Bengaluru,Male,18,0,Standard,Monthly,Net Banking,Yes,1,553.0,1,1,22,20.0,2026-05-21,12166.0,,0
CUST-102648,2024-06-28,Paid Search,Mumbai,Male,25,0,Standard,Monthly,Net Banking,Yes,3,676.0,0,0,23,29.0,2026-05-12,15548.0,,0
CUST-102649,2024-09-10,Affiliate,Hyderabad,Female,42,0,Standard,Annual,Wallet,Yes,1,564.0,1,1,20,26.0,2026-05-21,11280.0,,0
CUST-102650,2025-12-20,Email,Ahmedabad,Female,68,1,Standard,Monthly,UPI,Yes,3,670.0,1,1,5,13.0,2026-05-18,3350.0,,0
CUST-102651,2026-05-24,Paid Social,Bengaluru,Female,24,0,Standard,Annual,Credit Card,No,0,475.0,1,1,0,2.0,2026-05-24,475.0,2026-05-24,1
CUST-102652,2025-01-18,Affiliate,Delhi,Female,30,0,Standard,Annual,UPI,Yes,1,554.0,1,1,16,27.0,2026-05-28,8864.0,,0
CUST-102653,2024-12-13,Referral,Bengaluru,Female,62,1,Basic,Annual,UPI,No,3,368.0,1,0,17,24.0,2026-05-29,6256.0,,0
CUST-102654,2026-04-01,Paid Social,Delhi,Female,20,0,Standard,Monthly,Credit Card,Yes,3,677.0,0,0,1,28.0,2026-05-05,677.0,,0
CUST-102655,2025-03-25,Email,Mumbai,Female,23,0,Standard,Monthly,Credit Card,No,0,490.0,1,0,14,17.0,2026-05-05,6860.0,,0
CUST-102656,2024-12-16,Paid Social,Mumbai,Female,64,1,Basic,Annual,Wallet,No,1,266.0,0,0,17,29.0,2026-05-31,4522.0,,0
CUST-102657,2025-07-09,Paid Search,Ahmedabad,Female,31,0,Basic,Annual,UPI,Yes,2,314.0,1,1,10,27.0,2026-05-31,3140.0,,0
CUST-102658,2025-02-23,Organic Search,Ahmedabad,Male,34,0,Basic,Monthly,Wallet,No,0,175.0,1,1,15,19.0,2026-05-10,2625.0,,0
CUST-102659,2025-01-06,Organic Search,Surat,Female,18,0,Standard,Monthly,UPI,Yes,1,550.0,1,1,1,16.0,2025-02-05,550.0,2025-02-05,1
CUST-102660,2026-04-03,Affiliate,Mumbai,Male,39,0,Basic,Two-Year,Debit Card,Yes,3,361.0,1,1,1,20.0,2026-05-22,361.0,,0
CUST-102661,2025-11-15,Paid Social,Delhi,Female,69,1,Premium,Monthly,UPI,Yes,3,1008.0,0,0,6,6.0,2026-05-10,6048.0,,0
CUST-102662,2024-10-01,Paid Social,Ahmedabad,Female,69,1,Premium,Monthly,Wallet,Yes,1,860.0,1,0,19,18.0,2026-05-31,16340.0,,0
CUST-102663,2025-08-06,Organic Search,Hyderabad,Female,51,0,Premium,Two-Year,Debit Card,Yes,1,869.0,1,1,9,14.0,2026-05-04,7821.0,,0
CUST-102664,2026-02-07,Paid Search,Jaipur,Male,53,0,Basic,Annual,UPI,No,1,258.0,1,0,3,16.0,2026-05-20,774.0,,0
CUST-102665,2025-05-22,Affiliate,Chennai,Male,51,0,Standard,Monthly,Wallet,Yes,0,527.0,1,0,12,13.0,2026-05-02,6324.0,,0
CUST-102666,2024-09-19,Affiliate,Pune,Male,54,0,Premium,Two-Year,UPI,No,2,900.0,0,0,20,17.0,2026-05-28,18000.0,,0
CUST-102667,2025-05-21,Organic Search,Chennai,Female,44,0,Standard,Monthly,Wallet,Yes,0,487.0,1,1,12,17.0,2026-05-15,5844.0,,0
CUST-102668,2025-05-28,Paid Search,Delhi,Female,28,0,Basic,Annual,UPI,Yes,2,336.0,1,0,12,4.0,2026-05-09,4032.0,,0
CUST-102669,2024-10-25,Paid Social,Kolkata,Male,63,1,Premium,Annual,UPI,Yes,1,851.0,1,0,19,18.0,2026-05-10,16169.0,,0
CUST-102670,2026-02-28,Paid Search,Chennai,Male,63,1,Standard,Monthly,UPI,No,3,668.0,1,0,3,25.0,2026-05-11,2004.0,,0
CUST-102671,2024-06-28,Paid Social,Ahmedabad,Male,25,0,Standard,Two-Year,Debit Card,No,2,611.0,1,0,23,7.0,2026-05-05,14053.0,,0
CUST-102672,2024-09-25,Paid Social,Bengaluru,Male,22,0,Premium,Annual,Net Banking,No,3,1008.0,1,1,20,18.0,2026-05-31,20160.0,,0
CUST-102673,2024-08-18,Paid Social,Mumbai,Female,59,0,Premium,Monthly,Debit Card,Yes,2,950.0,0,0,21,27.0,2026-05-21,19950.0,,0
CUST-102674,2024-06-28,Paid Search,Ahmedabad,Female,20,0,Standard,Annual,UPI,No,3,685.0,1,1,23,23.0,2026-05-27,15755.0,,0
CUST-102675,2024-12-28,Paid Search,Chennai,Female,59,0,Basic,Annual,Credit Card,Yes,3,382.0,0,0,17,18.0,2026-05-17,6494.0,,0
CUST-102676,2024-11-22,Paid Social,Ahmedabad,Male,69,1,Standard,Monthly,Credit Card,No,2,631.0,1,1,7,24.0,2025-06-20,4417.0,2025-06-20,1
CUST-102677,2026-01-14,Affiliate,Hyderabad,Male,19,0,Standard,Monthly,UPI,Yes,1,565.0,1,1,4,10.0,2026-05-27,2260.0,,0
CUST-102678,2024-12-09,Referral,Surat,Female,59,0,Standard,Monthly,Credit Card,Yes,0,502.0,1,1,17,9.0,2026-05-08,8534.0,,0
CUST-102679,2024-11-26,Paid Social,Bengaluru,Female,24,0,Basic,Two-Year,Credit Card,Yes,3,372.0,1,1,18,17.0,2026-05-08,6696.0,,0
CUST-102680,2025-03-24,Affiliate,Delhi,Male,33,0,Standard,Monthly,Credit Card,Yes,2,610.0,1,0,14,28.0,2026-05-19,8540.0,,0
CUST-102681,2024-08-04,Affiliate,Pune,Female,46,0,Standard,Monthly,Debit Card,Yes,0,506.0,1,1,21,7.0,2026-05-14,10626.0,,0
CUST-102682,2025-11-25,Organic Search,Chennai,Male,53,0,Premium,Annual,UPI,Yes,0,801.0,1,1,6,16.0,2026-05-27,4806.0,,0
CUST-102683,2026-01-15,Paid Search,Mumbai,Male,22,0,Premium,Monthly, UPI ,Yes,3,1001.0,1,0,4,28.0,2026-05-17,4004.0,,0
CUST-102684,2024-07-05,Paid Social,Mumbai,Female,23,0,Basic,Monthly,Net Banking,Yes,2,315.0,0,0,22,12.0,2026-05-20,6930.0,,0
CUST-102685,2025-09-07,Referral,Pune,Female,32,0,Standard,Monthly,Net Banking,No,0,485.0,1,1,8,4.0,2026-05-05,3880.0,,0
CUST-102686,2025-07-22,Organic Search,Jaipur,Female,53,0,Standard,Monthly,Net Banking,No,3,657.0,1,1,8,36.0,2026-03-19,5256.0,2026-03-19,1
CUST-102687,2026-05-13,Referral,Delhi,Male,38,0,Standard,Two-Year,Credit Card,No,3,667.0,1,1,0,24.0,2026-05-25,667.0,,0
CUST-102688,2025-11-11,Organic Search,Delhi,Male,32,0,Basic,Monthly,Wallet,Yes,1,237.0,1,1,6,12.0,2026-05-10,1422.0,2026-05-10,1
CUST-102689,2026-03-23,Paid Search,Surat,Female,26,0,Standard,Monthly,UPI,Yes,1,576.0,1,1,2,16.0,2026-05-24,1152.0,,0
CUST-102690,2026-01-10,Email,Mumbai,Female,68,1,Standard,Monthly,Credit Card,No,0,493.0,1,1,0,20.0,2026-01-10,493.0,2026-01-10,1
CUST-102691,2025-08-20,Paid Social,Ahmedabad,Male,54,0,Standard,Two-Year,Net Banking,No,2,607.0,0,0,9,9.0,2026-05-20,5463.0,,0
CUST-102692,2026-05-06,Affiliate,Pune,Male,69,1,Premium,Monthly,Net Banking,No,0,806.0,1,1,0,10.0,2026-05-06,806.0,2026-05-06,1
CUST-102693,2025-08-21,Email,Ahmedabad,Male,43,0,Premium,Monthly,Credit Card,No,2,948.0,0,0,9,24.0,2026-05-23,8532.0,,0
CUST-102694,2026-01-23,Affiliate,Mumbai,Female,60,1,Premium,Annual,Net Banking,Yes,0,793.0,1,1,4,27.0,2026-05-22,3172.0,,0
CUST-102695,2025-04-21,Organic Search,Pune,Female,51,0,Premium,Monthly,Debit Card,No,2,902.0,1,1,13,29.0,2026-05-08,11726.0,,0
CUST-102696,2024-08-15,Affiliate,Pune,Male,45,0,Standard,Annual,UPI,No,1,553.0,1,0,21,20.0,2026-05-12,11613.0,,0
CUST-102697,2025-09-26,Organic Search,Bengaluru,Male,42,0,Premium,Monthly,Wallet,Yes,3,951.0,1,1,6,32.0,2026-03-25,5706.0,2026-03-25,1
CUST-102698,2024-10-07,Paid Social,Delhi,Male,44,0,Premium,Two-Year,Credit Card,Yes,2,927.0,1,0,19,8.0,2026-05-30,17613.0,,0
CUST-102699,2025-06-06,Affiliate,Bengaluru,Female,39,0,Standard,Annual,Net Banking,Yes,2,628.0,1,0,11,21.0,2026-05-21,6908.0,,0
CUST-102700,2025-11-08,Referral,Pune,Male,51,0,Basic,Annual,Net Banking,Yes,1,252.0,1,1,6,1.0,2026-05-11,1512.0,,0
CUST-102701,2026-02-28,Paid Search,Chennai,Male,43,0,Basic,Two-Year,UPI,No,0,182.0,1,0,3,28.0,2026-05-10,546.0,,0
CUST-102702,2024-11-02,Paid Social,Chennai,Female,68,1,Standard,Annual,Net Banking,No,2,655.0,1,1,18,24.0,2026-05-15,11790.0,,0
CUST-102703,2026-03-16,Affiliate,Pune,Male,64,1,Standard,Monthly,UPI,No,1,541.0,1,1,2,29.0,2026-05-26,1082.0,,0
CUST-102704,2024-11-28,Referral,Kolkata,Female,42,0,Standard,Annual,Net Banking,No,0,488.0,0,0,18,13.0,2026-05-18,8784.0,,0
CUST-102705,2025-12-25,Paid Social,Chennai,Female,38,0,Standard,Annual,Debit Card,Yes,0,500.0,1,1,5,7.0,2026-05-30,2500.0,,0
CUST-102706,2026-02-10,Affiliate,Mumbai,Male,57,0,Standard,Monthly,Debit Card,Yes,2,632.0,1,0,3,23.0,2026-05-30,1896.0,,0
CUST-102707,2025-09-22,Organic Search,Jaipur,Female,51,0,Basic,Monthly,Wallet,Yes,1,257.0,1,1,8,16.0,2026-05-03,2056.0,,0
CUST-102708,2025-05-03,Organic Search,Kolkata,Female,30,0,Basic,Monthly,Debit Card,No,0,200.0,1,0,12,21.0,2026-05-26,2400.0,,0
CUST-102709,2025-08-02,Paid Search,Delhi,Female,61,1,Standard,Two-Year,UPI,Yes,1,568.0,1,1,9,25.0,2026-05-22,5112.0,,0
CUST-102710,2025-03-17,Email,Ahmedabad,Female,53,0,Basic,Annual,Credit Card,Yes,3,427.0,1,1,14,22.0,2026-05-21,5978.0,,0
CUST-102711,2024-08-18,Organic Search,Pune,Male,50,0,Premium,Annual,Debit Card,No,2,910.0,1,1,21,21.0,2026-05-15,19110.0,,0
CUST-102712,2025-05-09,Organic Search,Delhi,Male,58,0,Premium,Annual,UPI,Yes,0,791.0,1,0,12,15.0,2026-05-12,9492.0,,0
CUST-102713,2024-06-16,Organic Search,Hyderabad,Male,29,0,Standard,Annual,UPI,No,3,677.0,1,1,23,24.0,2026-05-02,15571.0,,0
CUST-102714,2024-12-05,Affiliate,Bengaluru,Male,59,0,Standard,Two-Year,Credit Card,No,3,689.0,1,1,17,20.0,2026-05-25,11713.0,,0
CUST-102715,2026-05-24,Organic Search,Ahmedabad,Male,24,0,Premium,Monthly,Net Banking,No,1,897.0,1,0,0,21.0,2026-05-28,897.0,,0
CUST-102716,2024-08-03,Paid Search,Mumbai,Male,59,0,Premium,Monthly,Debit Card,Yes,1,857.0,1,0,21,4.0,2026-05-02,17997.0,,0
CUST-102717,2024-07-12,Email,Kolkata,Female,48,0,Standard,Annual,Net Banking,Yes,3,687.0,1,1,22,10.0,2026-05-31,15114.0,,0
CUST-102718,2026-05-14,Organic Search,Ahmedabad,Male,48,0,Premium,Annual,Credit Card,Yes,1,827.0,1,1,0,16.0,2026-05-14,827.0,2026-05-14,1
CUST-102719,2025-11-11,Paid Search,Hyderabad,Female,55,0,Standard,Annual,Wallet,Yes,3,680.0,0,0,6,16.0,2026-05-04,4080.0,,0
CUST-102720,2024-12-30,Paid Search,Delhi,Female,34,0,Basic,Two-Year,Net Banking,Yes,2,319.0,1,1,17,18.0,2026-05-06,5423.0,,0
CUST-102721,2024-08-21,Affiliate,Bengaluru,Male,57,0,Standard,Annual,UPI,Yes,2,634.0,1,1,21,30.0,2026-05-08,13314.0,,0
CUST-102722,2025-06-09,Paid Social,Bengaluru,Female,19,0,Standard,Monthly,Credit Card,Yes,3,671.0,1,1,11,23.0,2026-05-22,7381.0,,0
CUST-102723,2026-04-19,Paid Social,Mumbai,Male,54,0,Premium,Monthly,Wallet,Yes,2,901.0,1,1,0,22.0,2026-04-19,901.0,2026-04-19,1
CUST-102724,2024-07-13,Organic Search,Pune,Female,59,0,Basic,Monthly,Wallet,Yes,0,202.0,1,1,22,19.0,2026-05-11,4444.0,,0
CUST-102725,2026-05-29,Referral,Hyderabad,Female,18,0,Basic,Annual,Credit Card,Yes,3,356.0,1,1,0,34.0,2026-05-29,356.0,2026-05-29,1
CUST-102726,2024-09-17,Referral,Ahmedabad,Female,54,0,Standard,Monthly,Net Banking,Yes,0,487.0,1,1,20,12.0,2026-05-20,9740.0,,0
CUST-102727,2026-05-11,Organic Search,Delhi,Female,58,0,Premium,Monthly,Wallet,No,1,860.0,1,0,0,18.0,2026-05-08,860.0,,0
CUST-102728,2024-08-14,Paid Social,Hyderabad,Female,45,0,Standard,Monthly,UPI,Yes,0,463.0,1,0,21,13.0,2026-05-08,9723.0,,0
CUST-102729,2024-12-10,Affiliate,Hyderabad,Female,49,0,Basic,Annual,Credit Card,Yes,3,375.0,1,0,17,15.0,2026-05-10,6375.0,,0
CUST-102730,2024-07-08,Organic Search,Bengaluru,Female,21,0,Premium,Monthly,Debit Card,No,2,943.0,1,1,11,11.0,2025-06-03,10373.0,2025-06-03,1
CUST-102731,2025-04-20,Paid Social,Chennai,Male,69,1,Standard,Annual,UPI,No,1,535.0,0,0,13,16.0,2026-05-18,6955.0,,0
CUST-102732,2025-09-18,Paid Search,Ahmedabad,Female,68,1,Premium,Monthly,Net Banking,No,3,969.0,1,1,8,28.0,2026-05-16,7752.0,2026-05-16,1
CUST-102733,2024-09-09,Paid Social,Ahmedabad,Female,57,0,Premium,Annual,UPI,No,0,808.0,1,1,20,12.0,2026-05-17,16160.0,,0
CUST-102734,2024-06-13,Paid Social,Pune,Male,18,0,Basic,Annual,Credit Card,No,0,211.0,1,1,23,14.0,2026-05-30,4853.0,,0
CUST-102735,2024-09-05,Paid Social,Hyderabad,Female,40,0,Premium,Monthly,UPI,No,2,920.0,1,1,1,14.0,2024-10-05,920.0,2024-10-05,1
CUST-102736,2025-04-30,Organic Search,Chennai,Female,60,1,Standard,Annual,Debit Card,No,3,676.0,0,0,13,14.0,2026-05-28,8788.0,,0
CUST-102737,2025-06-10,Paid Search,Mumbai,Female,53,0,Premium,Annual,UPI,No,1,884.0,1,1,9,16.0,2026-03-07,7956.0,2026-03-07,1
CUST-102738,2025-09-28,Referral,Bengaluru,Male,65,1,Basic,Monthly,Credit Card,No,2,322.0,1,1,8,29.0,2026-05-05,2576.0,,0
CUST-102739,2026-04-21,Paid Search,Pune,Female,50,0,Standard,Two-Year,UPI,No,0,483.0,1,1,1,19.0,2026-05-26,483.0,,0
CUST-102740,2025-02-20,Organic Search,Mumbai,Female,55,0,Basic,Annual,UPI,Yes,0,201.0,1,1,15,12.0,2026-05-05,3015.0,,0
CUST-102741,2025-08-02,Affiliate,Bengaluru,Male,35,0,Basic,Monthly,Net Banking,No,0,197.0,1,0,9,10.0,2026-05-06,1773.0,,0
CUST-102742,2024-09-18,Organic Search,Pune,Female,60,1,Premium,Monthly,UPI,Yes,1,852.0,1,1,20,19.0,2026-05-31,17040.0,,0
CUST-102743,2025-02-05,Referral,Mumbai,Female,45,0,Basic,Monthly,UPI,Yes,1,234.0,1,1,15,14.0,2026-05-04,3510.0,,0
CUST-102744,2024-11-10,Paid Social,Delhi,Male,59,0,Basic,Monthly,UPI,Yes,0,199.0,1,1,18,22.0,2026-05-12,3582.0,,0
CUST-102745,2024-10-16,Referral,Mumbai,Female,28,0,Premium,Monthly,Credit Card,No,0,808.0,1,1,19,25.0,2026-05-18,15352.0,,0
CUST-102746,2024-09-20,Organic Search,Kolkata,Male,31,0,Basic,Annual,UPI,Yes,0,210.0,1,0,20,9.0,2026-05-30,4200.0,,0
CUST-102747,2024-07-03,Organic Search,Mumbai,Female,22,0,Standard,Two-Year,Credit Card,No,0,499.0,1,1,22,15.0,2026-05-10,10978.0,,0
CUST-102748,2025-01-02,Paid Search,Ahmedabad,Female,53,0,Premium,Monthly,Debit Card,Yes,2,920.0,1,1,16,24.0,2026-05-17,14720.0,,0
CUST-102749,2024-07-10,Organic Search,Ahmedabad,Male,56,0,Standard,Annual,UPI,Yes,0,491.0,1,0,22,26.0,2026-05-08,10802.0,,0
CUST-102750,2025-02-15,Organic Search,Ahmedabad,Male,32,0,Basic,Annual,UPI,No,0,214.0,1,1,15,0.0,2026-05-18,3210.0,,0
CUST-102751,2024-07-15,Referral,Mumbai,Male,37,0,Standard,Annual,UPI,Yes,2,601.0,1,1,22,17.0,2026-05-14,13222.0,,0
CUST-102752,2025-03-17,Affiliate,Pune,Male,47,0,Standard,Annual,Net Banking,No,2,611.0,1,1,14,3.0,2026-05-23,8554.0,,0
CUST-102753,2026-01-12,Organic Search,Ahmedabad,Female,57,0,Basic,Monthly,UPI,No,0,187.0,1,0,4,18.0,2026-05-29,748.0,,0
CUST-102754,2024-11-10,Affiliate,Mumbai,Male,33,0,Standard,Annual,Debit Card,Yes,1,557.0,1,0,18,19.0,2026-05-03,10026.0,,0
CUST-102755,2024-07-31,Referral,Ahmedabad,Male,43,0,Basic,Monthly,Wallet,Yes,3,399.0,1,1,22,30.0,2026-05-30,8778.0,,0
CUST-102756,2024-11-18,Affiliate,Delhi,Male,27,0,Basic,Monthly,UPI,Yes,0,181.0,1,1,18,15.0,2026-05-26,3258.0,,0
CUST-102757,2025-04-07,Referral,Ahmedabad,Female,60,1,Basic,Monthly,UPI,Yes,3,383.0,1,0,13,19.0,2026-05-25,4979.0,,0
CUST-102758,2025-09-10,Referral,Pune,Female,63,1,Premium,Monthly,Debit Card,No,2,924.0,1,1,8,22.0,2026-05-19,7392.0,,0
CUST-102759,2025-08-31,Paid Search,Hyderabad,Male,56,0,Basic,Monthly,Wallet,Yes,2,305.0,1,0,9,19.0,2026-05-23,2745.0,,0
CUST-102760,2024-06-17,Paid Search,Hyderabad,Male,60,1,Basic,Monthly,UPI,Yes,3,376.0,1,1,23,19.0,2026-05-31,8648.0,,0
CUST-102761,2026-04-07,Affiliate,Mumbai,Male,57,0,Premium,Monthly,Debit Card,No,0,786.0,1,1,1,20.0,2026-05-07,786.0,2026-05-07,1
CUST-102762,2025-04-18,Organic Search,Kolkata,Male,61,1,Basic,Monthly,Debit Card,No,0,201.0,1,1,0,23.0,2025-04-18,201.0,2025-04-18,1
CUST-102763,2025-01-17,Paid Social,Hyderabad,Male,40,0,Premium,Monthly,Credit Card,Yes,2,917.0,1,1,6,20.0,2025-07-16,5502.0,2025-07-16,1
CUST-102764,2026-04-09,Organic Search,Ahmedabad,Female,28,0,Premium,Monthly,Debit Card,Yes,3,1002.0,1,1,1,31.0,2026-05-26,1002.0,,0
CUST-102765,2024-10-13,Email,Bengaluru,Female,67,1,Standard,Annual,Credit Card,Yes,0,488.0,1,0,19,27.0,2026-05-02,9272.0,,0
CUST-102766,2025-12-08,Paid Social,Hyderabad,Male,18,0,Basic,Annual,Wallet,Yes,2,316.0,1,1,5,17.0,2026-05-18,1580.0,,0
CUST-102767,2026-05-19,Referral,Delhi,Female,39,0,Basic,Two-Year,Credit Card,Yes,3,373.0,1,1,0,24.0,2026-05-25,373.0,,0
CUST-102768,2025-01-29,Affiliate,Delhi,Female,55,0,Basic,Two-Year,Credit Card,No,2,339.0,1,1,16,24.0,2026-05-14,5424.0,,0
CUST-102769,2025-04-12,Email,Pune,Male,59,0,Basic,Two-Year,Debit Card,No,0,192.0,1,1,13,6.0,2026-05-27,2496.0,,0
CUST-102770,2025-07-05,Organic Search,Ahmedabad,Male,53,0,Standard,Annual,UPI,Yes,0,486.0,1,0,10,16.0,2026-05-27,4860.0,,0
CUST-102771,2026-01-26,Referral,Surat,Female,43,0,Basic,Monthly,Credit Card,Yes,0,187.0,1,1,4,16.0,2026-05-21,748.0,,0
CUST-102772,2026-05-17,Affiliate,Mumbai,Male,65,1,Premium,Monthly,UPI,Yes,1,847.0,1,1,0,12.0,2026-05-12,847.0,,0
CUST-102773,2025-07-16,Organic Search,Ahmedabad,Female,30,0,Basic,Two-Year,Debit Card,No,0,190.0,1,1,10,19.0,2026-05-23,1900.0,,0
CUST-102774,2025-11-05,Referral,Ahmedabad,Female,25,0,Basic,Two-Year,Credit Card,No,3,366.0,1,0,6,17.0,2026-05-08,2196.0,,0
CUST-102775,2026-02-16,Paid Social,Delhi,Female,50,0,Basic,Monthly,Net Banking,No,3,379.0,0,0,3,9.0,2026-05-20,1137.0,,0
CUST-102776,2025-08-04,Paid Search,Kolkata,Male,34,0,Basic,Monthly,Net Banking,Yes,1,240.0,1,0,9,0.0,2026-05-02,2160.0,,0
CUST-102777,2025-12-25,Paid Search,Chennai,Male,42,0,Standard,Monthly,Credit Card,Yes,0,508.0,0,0,5,2.0,2026-05-07,2540.0,,0
CUST-102778,2025-07-13,Organic Search,Jaipur,Female,41,0,Standard,Monthly,Debit Card,No,2,620.0,1,1,10,11.0,2026-05-08,6200.0,,0
CUST-102779,2025-07-06,Organic Search,Bengaluru,Male,31,0,Basic,Monthly,UPI,Yes,0,223.0,1,1,10,16.0,2026-05-18,2230.0,,0
CUST-102780,2026-03-14,Organic Search,Bengaluru,Male,69,1,Standard,Monthly,UPI,Yes,1,566.0,1,0,2,19.0,2026-05-10,1132.0,,0
CUST-102781,2025-02-24,Organic Search,Delhi,Female,37,0,Standard,Monthly,UPI,Yes,0,504.0,1,1,9,11.0,2025-11-21,4536.0,2025-11-21,1
CUST-102782,2024-10-21,Paid Search,Ahmedabad,Male,52,0,Premium,Annual,UPI,No,2,949.0,1,0,19,25.0,2026-05-28,18031.0,,0
CUST-102783,2025-11-10,Paid Social,Kolkata,Female,26,0,Basic,Annual,Net Banking,Yes,3,386.0,1,1,6,25.0,2026-05-28,2316.0,,0
CUST-102784,2025-07-27,Organic Search,Bengaluru,Female,69,1,Standard,Two-Year,Wallet,No,1,556.0,0,0,10,13.0,2026-05-29,5560.0,,0
CUST-102785,2025-07-14,Referral,Bengaluru,Female,69,1,Basic,Monthly,Credit Card,Yes,1,246.0,1,1,10,12.0,2026-05-10,2460.0,,0
CUST-102786,2025-02-11,Referral,Bengaluru,Male,21,0,Basic,Monthly,UPI,No,2,341.0,1,1,4,30.0,2025-06-11,1364.0,2025-06-11,1
CUST-102787,2025-11-04,Paid Search,Chennai,Female,51,0,Standard,Annual,UPI,No,3,664.0,1,1,6,19.0,2026-05-22,3984.0,,0
CUST-102788,2025-05-08,Email,Mumbai,Female,48,0,Basic,Annual,UPI,No,2,302.0,1,1,12,34.0,2026-05-11,3624.0,,0
CUST-102789,2025-09-22,Paid Social,Hyderabad,Male,27,0,Standard,Two-Year,Net Banking,Yes,3,662.0,1,1,8,14.0,2026-05-21,5296.0,,0
CUST-102790,2024-06-30,Affiliate,Hyderabad,Female,58,0,Standard,Monthly,Credit Card,Yes,1,548.0,1,1,22,15.0,2026-04-21,12056.0,2026-04-21,1
CUST-102791,2026-04-11,Organic Search,Chennai,Male,57,0,Basic,Monthly,Net Banking,No,2,320.0,0,0,1,6.0,2026-05-19,320.0,,0
CUST-102792,2025-12-31,Referral,Ahmedabad,Male,61,1,Premium,Monthly,UPI,Yes,3,975.0,1,0,5,5.0,2026-05-27,4875.0,,0
CUST-102793,2025-05-29,Email,Mumbai,Female,49,0,Basic,Monthly,Credit Card,Yes,0,207.0,1,1,12,11.0,2026-05-02,2484.0,,0
CUST-102794,2024-10-13,Affiliate,Bengaluru,Male,54,0,Premium,Monthly,Debit Card,No,1,843.0,1,1,19,23.0,2026-05-27,16017.0,,0
CUST-102795,2026-05-18,Paid Search,Kolkata,Male,55,0,Standard,Monthly,UPI,No,3,666.0,1,1,0,16.0,2026-05-18,666.0,2026-05-18,1
CUST-102796,2025-07-16,Paid Search,Surat,Female,57,0,Basic,Monthly,Debit Card,No,2,321.0,1,1,10,24.0,2026-05-24,3210.0,,0
CUST-102797,2025-05-04,Paid Social,Pune,Male,48,0,Basic,Monthly,Net Banking,Yes,1,245.0,0,0,12,9.0,2026-05-04,2940.0,,0
CUST-102798,2026-04-05,Referral,Mumbai,Male,56,0,Standard,Annual,UPI,Yes,2,599.0,1,1,1,31.0,2026-05-07,599.0,,0
CUST-102799,2026-03-23,Referral,Mumbai,Male,21,0,Standard,Monthly,UPI,Yes,1,536.0,1,1,2,13.0,2026-05-05,1072.0,,0
CUST-102800,2024-12-05,Email,Pune,Female,50,0,Standard,Two-Year,Credit Card,No,1,558.0,0,0,17,29.0,2026-05-13,9486.0,,0
CUST-102801,2025-10-04,Paid Search,Mumbai,Female,28,0,Basic,Annual,Wallet,No,2,318.0,1,1,7,20.0,2026-05-02,2226.0,2026-05-02,1
CUST-102802,2025-01-25,Organic Search,Bengaluru,Male,39,0,Basic,Monthly,Wallet,Yes,0,197.0,1,1,16,9.0,2026-05-24,3152.0,,0
CUST-102803,2024-06-28,Paid Search,Chennai,Female,57,0,Standard,Monthly,UPI,Yes,2,637.0,1,1,23,15.0,2026-05-22,14651.0,,0
CUST-102804,2025-03-24,Organic Search,Delhi,Male,23,0,Premium,Monthly,Debit Card,No,3,984.0,1,1,12,25.0,2026-03-19,11808.0,2026-03-19,1
CUST-102805,2024-11-23,Organic Search,Delhi,Male,57,0,Basic,Monthly,Net Banking,Yes,3,379.0,1,1,18,14.0,2026-05-12,6822.0,,0
CUST-102806,2025-07-02,Paid Social,Ahmedabad,Male,31,0,Premium,Annual,Net Banking,Yes,3,999.0,1,1,10,24.0,2026-05-04,9990.0,,0
CUST-102807,2025-04-20,Referral,Mumbai,Male,57,0,Standard,Two-Year,UPI,No,3,694.0,1,1,13,18.0,2026-05-02,9022.0,,0
CUST-102808,2024-11-15,Organic Search,Hyderabad,Male,57,0,Standard,Monthly,Wallet,Yes,2,608.0,1,1,18,13.0,2026-05-23,10944.0,,0
CUST-102809,2025-04-29,Organic Search,Delhi,Female,18,0,Standard,Monthly,Net Banking,No,1,572.0,1,1,13,11.0,2026-05-31,7436.0,,0
CUST-102810,2025-11-21,Organic Search,Mumbai,Female,30,0,Basic,Two-Year,Debit Card,No,2,346.0,0,0,6,10.0,2026-05-28,2076.0,,0
CUST-102811,2025-08-26,Affiliate,Ahmedabad,Female,59,0,Basic,Monthly,UPI,No,0,226.0,0,0,9,14.0,2026-05-21,2034.0,,0
CUST-102812,2025-09-03,Referral,Ahmedabad,Female,35,0,Standard,Monthly,UPI,Yes,1,574.0,1,1,8,20.0,2026-05-04,4592.0,,0
CUST-102813,2024-09-01,Organic Search,Pune,Male,40,0,Premium,Monthly,UPI,No,3,985.0,1,1,20,16.0,2026-05-12,19700.0,,0
CUST-102814,2024-08-07,Organic Search,Pune,Male,18,0,Standard,Monthly,Net Banking,No,0,503.0,1,1,13,10.0,2025-09-01,6539.0,2025-09-01,1
CUST-102815,2025-09-06,Paid Search,Bengaluru,Male,54,0,Basic,Monthly,Debit Card,No,0,221.0,1,1,8,5.0,2026-05-20,1768.0,,0
CUST-102816,2025-06-07,Paid Social,Bengaluru,Male,22,0,Basic,Two-Year,Wallet,Yes,2,299.0,1,1,11,16.0,2026-05-10,3289.0,,0
CUST-102817,2025-09-02,Paid Search,Mumbai,Female,32,0,Standard,Annual,Credit Card,No,2,638.0,1,1,8,24.0,2026-05-24,5104.0,,0
CUST-102818,2025-02-18,Paid Social,Bengaluru,Male,42,0,Standard,Monthly,Wallet,No,3,681.0,1,1,3,14.0,2025-05-19,2043.0,2025-05-19,1
CUST-102819,2024-08-18,Email,Ahmedabad,Male,58,0,Basic,Two-Year,Net Banking,Yes,0,185.0,1,1,21,19.0,2026-05-31,3885.0,,0
CUST-102820,2025-02-11,Paid Social,Jaipur,Male,43,0,Basic,Monthly,UPI,No,1,241.0,0,0,15,19.0,2026-05-23,3615.0,,0
CUST-102821,2025-09-14,Referral,Ahmedabad,Female,69,1,Standard,Monthly,UPI,Yes,1,533.0,1,1,8,9.0,2026-05-09,4264.0,,0
CUST-102822,2026-05-18,Organic Search,Delhi,Male,45,0,Basic,Two-Year,Net Banking,Yes,3,387.0,1,0,0,38.0,2026-05-27,387.0,,0
CUST-102823,2025-07-21,Email,Ahmedabad,Female,31,0,Basic,Annual,Debit Card,Yes,2,348.0,1,1,10,27.0,2026-05-08,3480.0,,0
CUST-102824,2025-03-23,Email,Chennai,Male,27,0,Standard,Annual,UPI,Yes,0,492.0,1,1,14,14.0,2026-05-09,6888.0,,0
CUST-102825,2025-02-21,Referral,Mumbai,Male,58,0,Basic,Monthly,Net Banking,Yes,2,306.0,1,1,15,8.0,2026-05-11,4590.0,,0
CUST-102826,2024-06-18,Paid Social,Jaipur,Male,41,0,Basic,Monthly,UPI,Yes,2,337.0,1,0,23,10.0,2026-05-23,7751.0,,0
CUST-102827,2024-10-21,Organic Search,Ahmedabad,Female,49,0,Basic,Two-Year,Debit Card,Yes,3,381.0,1,1,19,37.0,2026-05-09,7239.0,,0
CUST-102828,2025-02-14,Affiliate,Chennai,Female,37,0,Basic,Monthly,Wallet,Yes,1,278.0,0,0,15,18.0,2026-05-31,4170.0,,0
CUST-102829,2025-08-22,Referral,Pune,Male,32,0,Premium,Two-Year,UPI,Yes,3,964.0,1,1,9,19.0,2026-05-27,8676.0,,0
CUST-102830,2025-08-12,Organic Search,Mumbai,Male,49,0,Standard,Annual,UPI,No,1,569.0,1,1,9,16.0,2026-05-02,5121.0,,0
CUST-102831,2025-01-28,Paid Social,Mumbai,Male,33,0,Basic,Monthly,Debit Card,Yes,2,346.0,0,0,16,28.0,2026-05-03,5536.0,,0
CUST-102832,2025-06-20,Paid Social,Delhi,Male,69,1,Basic,Two-Year,Debit Card,No,1,243.0,1,0,11,20.0,2026-05-10,2673.0,,0
CUST-102833,2024-11-15,Affiliate,Chennai,Male,56,0,Basic,Two-Year,UPI,No,1,254.0,1,0,18,16.0,2026-05-19,4572.0,,0
CUST-102834,2024-07-27,Referral,Kolkata,Male,60,1,Premium,Two-Year,Credit Card,No,2,914.0,1,1,22,10.0,2026-05-30,20108.0,,0
CUST-102835,2024-12-30,Paid Search,Mumbai,Female,32,0,Standard,Monthly,Credit Card,No,2,630.0,1,1,17,19.0,2026-05-14,10710.0,,0
CUST-102836,2024-10-01,Paid Search,Delhi,Female,19,0,Standard,Annual,Net Banking,No,3,698.0,1,1,19,27.0,2026-05-03,13262.0,,0
CUST-102837,2025-06-26,Paid Social,Mumbai,Female,20,0,Basic,Monthly,Debit Card,Yes,1,249.0,0,0,11,20.0,2026-05-02,2739.0,,0
CUST-102838,2025-12-13,Paid Social,Ahmedabad,Female,62,1,Premium,Monthly,UPI,Yes,2,956.0,0,0,5,9.0,2026-05-05,4780.0,,0
CUST-102839,2024-10-01,Organic Search,Pune,Female,63,1,Premium,Two-Year,UPI,Yes,1,860.0,1,1,19,19.0,2026-05-02,16340.0,,0
CUST-102840,2024-06-06,Referral,Delhi,Female,53,0,Basic,Two-Year,UPI,No,3,370.0,1,1,14,27.0,2025-07-31,5180.0,2025-07-31,1
CUST-102841,2024-07-11,Paid Social,Mumbai,Male,48,0,Basic,Monthly,UPI,No,3,400.0,0,0,22,29.0,2026-05-14,8800.0,,0
CUST-102842,2024-11-16,Paid Social,Kolkata,Male,28,0,Basic,Annual,UPI,No,1,261.0,1,0,18,16.0,2026-05-31,4698.0,,0
CUST-102843,2024-09-29,Organic Search,Hyderabad,Male,57,0,Standard,Two-Year,Net Banking,No,2,613.0,1,1,20,34.0,2026-05-16,12260.0,,0
CUST-102844,2026-05-16,Organic Search,Chennai,Female,44,0,Basic,Annual,Net Banking,Yes,1,251.0,1,1,0,22.0,2026-05-29,251.0,,0
CUST-102845,2024-11-20,Paid Search,Ahmedabad,Male,49,0,Basic,Monthly,UPI,Yes,0,231.0,0,0,18,12.0,2026-05-19,4158.0,,0
CUST-102846,2025-09-21,Organic Search,Jaipur,Male,19,0,Standard,Monthly,Net Banking,Yes,3,664.0,1,1,2,15.0,2025-11-20,1328.0,2025-11-20,1
CUST-102847,2025-10-21,Organic Search,Bengaluru,Male,44,0,Standard,Monthly,Credit Card,Yes,2,636.0,1,1,7,4.0,2026-05-12,4452.0,,0
CUST-102848,2024-11-26,Referral,Bengaluru,Female,54,0,Basic,Two-Year,Debit Card,No,3,367.0,1,1,18,17.0,2026-05-12,6606.0,,0
CUST-102849,2024-09-15,Paid Social,Ahmedabad,Female,58,0,Standard,Monthly,Net Banking,No,1,550.0,1,0,20,25.0,2026-05-12,11000.0,,0
CUST-102850,2024-10-20,Paid Social,Kolkata,Female,25,0,Basic,Monthly,UPI,Yes,1,258.0,1,1,13,15.0,2025-11-14,3354.0,2025-11-14,1
CUST-102851,2026-03-04,Paid Social,Bengaluru,Female,19,0,Standard,Annual,Debit Card,Yes,0,506.0,1,0,2,3.0,2026-05-29,1012.0,,0
CUST-102852,2025-03-31,Affiliate,Chennai,Female,62,1,Premium,Annual,UPI,No,1,834.0,1,0,14,12.0,2026-05-28,11676.0,,0
CUST-102853,2024-06-06,Paid Social,Pune,Male,34,0,Standard,Two-Year,Wallet,No,3,671.0,1,0,23,22.0,2026-05-04,15433.0,,0
CUST-102854,2025-09-14,Referral,Chennai,Female,42,0,Premium,Annual,UPI,No,3,994.0,0,0,8,20.0,2026-05-30,7952.0,,0
CUST-102855,2025-04-10,Email,Hyderabad,Female,50,0,Standard,Annual,Debit Card,Yes,0,514.0,1,1,13,20.0,2026-05-31,6682.0,,0
CUST-102856,2024-10-03,Paid Search,Jaipur,Male,43,0,Standard,Two-Year,UPI,Yes,0,495.0,0,0,19,14.0,2026-05-25,9405.0,,0
CUST-102857,2024-09-27,Paid Social,Mumbai,Female,67,1,Standard,Annual,UPI,Yes,2,601.0,1,1,20,17.0,2026-05-30,12020.0,,0
CUST-102858,2025-11-28,Referral,Mumbai,Female,61,1,Basic,Annual,UPI,Yes,0,202.0,1,0,6,15.0,2026-05-28,1212.0,,0
CUST-102859,2025-01-15,Paid Social,Hyderabad,Female,38,0,Premium,Monthly,Debit Card,Yes,3,992.0,1,1,16,10.0,2026-05-06,15872.0,,0
CUST-102860,2024-07-01,Paid Social,Bengaluru,Female,27,0,Standard,Monthly,UPI,Yes,0,502.0,1,1,4,17.0,2024-10-29,2008.0,2024-10-29,1
CUST-102861,2025-12-11,Paid Search,Pune,Male,68,1,Premium,Monthly,UPI,No,1,880.0,1,1,5,8.0,2026-05-10,4400.0,,0
CUST-102862,2024-10-20,Paid Social,Hyderabad,Male,54,0,Standard,Two-Year,UPI,Yes,1,555.0,1,0,19,17.0,2026-05-11,10545.0,,0
CUST-102863,2026-05-28,Organic Search,Bengaluru,Male,57,0,Standard,Monthly,UPI,Yes,1,539.0,1,0,0,17.0,2026-05-18,539.0,,0
CUST-102864,2025-08-05,Paid Social,Chennai,Female,42,0,Basic,Monthly,UPI,Yes,3,370.0,1,0,9,18.0,2026-05-18,3330.0,,0
CUST-102865,2025-07-06,Organic Search,Delhi,Female,43,0,Basic,Two-Year,Credit Card,Yes,2,319.0,1,1,10,21.0,2026-05-21,3190.0,,0
CUST-102866,2025-10-28,Paid Social,Kolkata,Female,27,0,Standard,Annual,Credit Card,No,1,548.0,1,0,7,22.0,2026-05-25,3836.0,,0
CUST-102867,2024-11-09,Paid Search,Ahmedabad,Female,40,0,Premium,Annual,Wallet,No,2,911.0,1,0,18,15.0,2026-05-17,16398.0,,0
CUST-102868,2025-10-04,Email,Pune,Female,46,0,Premium,Annual,Credit Card,Yes,2,933.0,1,0,7,33.0,2026-05-15,6531.0,,0
CUST-102869,2024-10-08,Organic Search,Kolkata,Male,24,0,Standard,Monthly,UPI,Yes,3,667.0,1,1,19,14.0,2026-05-21,12673.0,,0
CUST-102870,2024-12-08,Paid Search,Mumbai,Male,51,0,Basic,Monthly,Net Banking,Yes,3,359.0,1,1,17,31.0,2026-05-11,6103.0,,0
CUST-102871,2025-07-23,Paid Social,Delhi,Male,49,0,Basic,Annual,UPI,No,3,391.0,1,0,10,23.0,2026-05-04,3910.0,,0
CUST-102872,2025-03-09,Organic Search,Delhi,Female,61,1,Basic,Two-Year,Net Banking,No,0,209.0,1,1,14,21.0,2026-05-27,2926.0,,0
CUST-102873,2026-03-20,Organic Search,Bengaluru,Male,20,0,Premium,Monthly,Credit Card,Yes,0,783.0,1,1,0,20.0,2026-03-20,783.0,2026-03-20,1
CUST-102874,2024-06-28,Organic Search,Delhi,Female,29,0,Standard,Monthly,UPI,No,0,510.0,1,1,23,17.0,2026-05-18,11730.0,,0
CUST-102875,2024-08-12,Organic Search,Ahmedabad,Female,40,0,Standard,Monthly,Wallet,Yes,2,602.0,1,0,21,20.0,2026-05-07,12642.0,,0
CUST-102876,2024-06-01,Paid Social,Kolkata,Male,63,1,Premium,Monthly,Credit Card,No,3,968.0,1,1,23,22.0,2026-05-04,22264.0,,0
CUST-102877,2026-03-23,Paid Social,Mumbai,Female,30,0,Basic,Monthly,Net Banking,No,0,182.0,1,1,0,21.0,2026-03-23,182.0,2026-03-23,1
CUST-102878,2025-03-31,Paid Search,Bengaluru,Female,68,1,Premium,Monthly,Credit Card,Yes,3,972.0,1,0,14,27.0,2026-05-29,13608.0,,0
CUST-102879,2026-03-04,Organic Search,Pune,Female,67,1,Standard,Monthly,Credit Card,No,0,507.0,1,1,2,15.0,2026-05-14,1014.0,,0
CUST-102880,2025-07-02,Organic Search,Ahmedabad,Male,22,0,Basic,Annual,UPI,Yes,2,323.0,1,1,10,19.0,2026-05-07,3230.0,,0
CUST-102881,2026-02-18,Organic Search,Ahmedabad,Male,36,0,Standard,Annual,UPI,No,1,547.0,1,1,3,12.0,2026-05-06,1641.0,,0
CUST-102882,2026-01-20,Paid Search,Surat,Male,31,0,Basic,Monthly,Net Banking,Yes,3,382.0,1,1,4,24.0,2026-05-12,1528.0,,0
CUST-102883,2024-08-11,Paid Social,Pune,Male,43,0,Standard,Monthly,UPI,No,1,565.0,1,1,21,15.0,2026-05-21,11865.0,,0
CUST-102884,2026-05-03,Paid Search,Ahmedabad,Female,66,1,Basic,Monthly,Credit Card,Yes,0,213.0,1,1,0,4.0,2026-05-25,213.0,,0
CUST-102885,2025-06-08,Organic Search,Chennai,Female,37,0,Basic,Annual,UPI,Yes,2,324.0,1,0,11,20.0,2026-05-31,3564.0,,0
CUST-102886,2025-08-11,Organic Search,Bengaluru,Female,52,0,Standard,Monthly,Credit Card,No,0,510.0,1,1,8,15.0,2026-04-08,4080.0,2026-04-08,1
CUST-102887,2024-11-24,Email,Ahmedabad,Male,25,0,Basic,Two-Year,UPI,No,2,320.0,1,1,18,27.0,2026-05-20,5760.0,,0
CUST-102888,2026-01-17,Organic Search,Hyderabad,Female,47,0,Basic,Monthly,UPI,Yes,0,187.0,1,1,4,17.0,2026-05-30,748.0,,0
CUST-102889,2024-07-31,Organic Search,Bengaluru,Male,36,0,Premium,Annual,Credit Card,No,1,861.0,1,1,22,12.0,2026-05-13,18942.0,,0
CUST-102890,2024-09-04,Organic Search,Mumbai,Male,65,1,Basic,Monthly,Debit Card,No,2,337.0,1,1,20,26.0,2026-05-30,6740.0,,0
CUST-102891,2024-11-14,Email,Kolkata,Female,58,0,Standard,Annual,Wallet,No,3,698.0,1,1,18,9.0,2026-05-24,12564.0,,0
CUST-102892,2026-01-17,Paid Search,Delhi,Female,29,0,Standard,Annual,UPI,Yes,2,580.0,0,0,4,10.0,2026-05-16,2320.0,,0
CUST-102893,2026-01-16,Paid Search,Mumbai,Female,50,0,Basic,Monthly,Credit Card,No,3,388.0,1,1,4,19.0,2026-05-22,1552.0,,0
CUST-102894,2024-12-02,Email,Mumbai,Female,35,0,Premium,Monthly,UPI,Yes,3,972.0,1,0,17,20.0,2026-05-23,16524.0,,0
CUST-102895,2025-07-06,Organic Search,Hyderabad,Male,40,0,Basic,Monthly,Debit Card,Yes,2,325.0,1,0,10,18.0,2026-05-09,3250.0,,0
CUST-102896,2025-03-26,Email,Hyderabad,Male,42,0,Basic,Monthly,UPI,No,1,239.0,1,0,14,9.0,2026-05-18,3346.0,,0
CUST-102897,2025-07-06,Organic Search,Kolkata,Male,60,1,Basic,Two-Year,UPI,Yes,1,253.0,1,0,10,26.0,2026-05-30,2530.0,,0
CUST-102898,2024-06-16,Paid Search,Mumbai,Female,33,0,Standard,Annual,Debit Card,Yes,3,655.0,1,1,23,22.0,2026-05-28,15065.0,,0
CUST-102899,2025-04-13,Paid Social,Chennai,Male,18,0,Basic,Annual,UPI,No,0,193.0,1,0,13,6.0,2026-05-11,2509.0,,0
CUST-102900,2025-05-08,Paid Social,Bengaluru,Male,28,0,Basic,Monthly,UPI,Yes,3,388.0,1,1,12,23.0,2026-05-22,4656.0,,0
CUST-102901,2024-06-11,Email,Delhi,Male,60,1,Standard,Monthly,Net Banking,Yes,0,506.0,1,1,23,10.0,2026-05-21,11638.0,,0
CUST-102902,2025-09-18,Organic Search,Ahmedabad,Female,33,0,Standard,Annual,Net Banking,Yes,3,711.0,1,1,8,16.0,2026-05-13,5688.0,,0
CUST-102903,2025-03-07,Email,Chennai,Female,21,0,Basic,Monthly,Credit Card,No,1,251.0,1,1,14,17.0,2026-05-01,3514.0,2026-05-01,1
CUST-102904,2024-12-01,Paid Social,Mumbai,Male,38,0,Basic,Monthly,UPI,Yes,2,306.0,1,0,17,30.0,2026-05-24,5202.0,,0
CUST-102905,2025-12-26,Paid Search,Pune,Male,63,1,Basic,Monthly,UPI,Yes,3,400.0,1,0,5,5.0,2026-05-31,2000.0,,0
CUST-102906,2026-01-11,Email,Bengaluru,Female,63,1,Basic,Monthly,UPI,No,3,353.0,1,0,4,8.0,2026-05-23,1412.0,,0
CUST-102907,2024-12-02,Organic Search,Ahmedabad,Female,67,1,Standard,Two-Year,Debit Card,No,1,562.0,1,1,17,13.0,2026-05-13,9554.0,,0
CUST-102908,2026-04-07,Email,Surat,Male,53,0,Basic,Monthly,Net Banking,No,0,207.0,1,1,1,27.0,2026-05-05,207.0,,0
CUST-102909,2024-06-12,Paid Search,Chennai,Male,60,1,Basic,Monthly,UPI,Yes,1,224.0,1,1,23,11.0,2026-05-06,5152.0,,0
CUST-102910,2025-07-22,Referral,Bengaluru,Female,58,0,Basic,Monthly,Credit Card,No,2,303.0,1,1,10,27.0,2026-05-06,3030.0,,0
CUST-102911,2025-10-31,Organic Search,Hyderabad,Female,19,0,Standard,Monthly,UPI,Yes,1,539.0,1,1,7,23.0,2026-05-31,3773.0,,0
CUST-102912,2024-11-25,Paid Search,Bengaluru,Male,39,0,Standard,Monthly,Debit Card,No,3,691.0,0,0,18,29.0,2026-05-16,12438.0,,0
CUST-102913,2025-02-23,Referral,Hyderabad,Female,45,0,Basic,Monthly,UPI,Yes,2,309.0,1,1,11,13.0,2026-01-19,3399.0,2026-01-19,1
CUST-102914,2025-10-28,Paid Social,Mumbai,Female,42,0,Standard,Monthly,Debit Card,No,0,495.0,1,1,4,15.0,2026-02-25,1980.0,2026-02-25,1
CUST-102915,2025-02-20,Organic Search,Bengaluru,Male,61,1,Standard,Monthly,Debit Card,No,3,655.0,1,1,12,26.0,2026-02-15,7860.0,2026-02-15,1
CUST-102916,2025-01-01,Organic Search,Delhi,M,69,1,Basic,Annual,UPI,Yes,1,247.0,1,1,16,22.0,2026-05-17,3952.0,,0
CUST-102917,2025-09-16,Affiliate,Bengaluru,Female,46,0,Basic,Monthly,Net Banking,Yes,0,187.0,1,0,8,33.0,2026-05-25,1496.0,,0
CUST-102918,2024-09-27,Organic Search,Bengaluru,Male,23,0,Basic,Annual,Net Banking,Yes,0,196.0,1,1,20,30.0,2026-05-09,3920.0,,0
CUST-102919,2025-07-14,Referral,Mumbai,Male,36,0,Premium,Monthly,Credit Card,Yes,3,974.0,1,1,10,31.0,2026-05-05,9740.0,,0
CUST-102920,2024-12-25,Email,Surat,Female,28,0,Basic,Monthly,UPI,Yes,3,401.0,1,1,17,27.0,2026-05-25,6817.0,,0
CUST-102921,2025-01-19,Organic Search,Ahmedabad,Male,42,0,Basic,Two-Year,UPI,Yes,1,269.0,1,1,16,25.0,2026-05-24,4304.0,,0
CUST-102922,2025-04-17,Organic Search,Ahmedabad,Female,30,0,Standard,Monthly,UPI,Yes,2,592.0,1,1,13,28.0,2026-05-21,7696.0,,0
CUST-102923,2025-11-17,Referral,Delhi,Male,22,0,Standard,Monthly,Credit Card,Yes,1,574.0,1,1,6,30.0,2026-05-17,3444.0,,0
CUST-102924,2024-11-12,Organic Search,Pune,Male,26,0,Premium,Monthly,UPI,Yes,3,992.0,1,0,18,15.0,2026-05-05,17856.0,,0
CUST-102925,2025-10-03,Paid Search,Mumbai,Male,43,0,Basic,Monthly,Net Banking,No,2,320.0,1,1,7,28.0,2026-05-17,2240.0,,0
CUST-102926,2025-02-01,Referral,Bengaluru,Female,25,0,Basic,Annual,Credit Card,Yes,0,214.0,1,1,15,19.0,2026-05-08,3210.0,,0
CUST-102927,2026-03-11,Paid Search,Hyderabad,Female,19,0,Standard,Annual,Credit Card,Yes,2,637.0,1,0,2,27.0,2026-05-13,1274.0,,0
CUST-102928,2025-03-16,Paid Social,Ahmedabad,Female,32,0,Standard,Monthly,Wallet,Yes,0,492.0,1,0,14,13.0,2026-05-20,6888.0,,0
CUST-102929,2025-04-02,Referral,Surat,Male,51,0,Premium,Monthly,Credit Card,Yes,0,781.0,1,1,13,12.0,2026-05-12,10153.0,,0
CUST-102930,2025-12-02,Paid Search,Delhi,Female,50,0,Standard,Monthly,UPI,Yes,0,507.0,0,0,5,11.0,2026-05-29,2535.0,,0
CUST-102931,2024-07-03,Organic Search,Pune,Male,38,0,Standard,Monthly,Wallet,Yes,0,487.0,1,1,3,17.0,2024-10-01,1461.0,2024-10-01,1
CUST-102932,2026-02-16,Paid Search,Ahmedabad,Female,52,0,Basic,Annual,Credit Card,Yes,3,383.0,1,1,3,27.0,2026-05-11,1149.0,,0
CUST-102933,2025-01-29,Affiliate,Hyderabad,Male,27,0,Premium,Annual,Credit Card,Yes,2,903.0,1,1,16,18.0,2026-05-25,14448.0,,0
CUST-102934,2026-01-23,Paid Search,Chennai,Female,55,0,Standard,Monthly,UPI,Yes,2,634.0,1,0,4,10.0,2026-05-09,2536.0,,0
CUST-102935,2025-02-25,Paid Social,Ahmedabad,Male,18,0,Basic,Monthly,Debit Card,No,2,308.0,1,0,15,24.0,2026-05-19,4620.0,,0
CUST-102936,2024-10-19,Paid Social,Ahmedabad,Male,25,0,Standard,Annual,Debit Card,No,2,616.0,1,1,19,20.0,2026-05-22,11704.0,,0
CUST-102937,2024-08-17,Organic Search,Mumbai,Female,65,1,Standard,Monthly,Debit Card,No,2,615.0,1,1,21,6.0,2026-05-25,12915.0,,0
CUST-102938,2026-01-12,Organic Search,Ahmedabad,Male,42,0,Basic,Two-Year,UPI,Yes,2,298.0,1,1,4,10.0,2026-05-06,1192.0,,0
CUST-102939,2024-06-19,Organic Search,Surat,Male,46,0,Standard,Annual,Wallet,Yes,1,575.0,1,1,23,21.0,2026-05-20,13225.0,,0
CUST-102940,2025-09-10,Email,Pune,Female,38,0,Standard,Monthly,Credit Card,No,0,518.0,1,0,8,18.0,2026-05-13,4144.0,,0
CUST-102941,2025-08-15,Organic Search,Pune,Male,51,0,Basic,Annual,Net Banking,Yes,2,317.0,1,1,9,29.0,2026-05-09,2853.0,,0
CUST-102942,2024-11-21,Affiliate,Jaipur,Female,56,0,Premium,Monthly,UPI,Yes,3,968.0,1,1,18,19.0,2026-05-02,17424.0,,0
CUST-102943,2025-12-04,Organic Search,Chennai,Female,58,0,Premium,Monthly,Credit Card,No,3,975.0,1,0,5,16.0,2026-05-19,4875.0,,0
CUST-102944,2025-03-02,Paid Social,Chennai,Female,30,0,Basic,Two-Year,Wallet,Yes,0,191.0,1,1,14,20.0,2026-05-15,2674.0,,0
CUST-102945,2026-01-02,Paid Social,Delhi,Male,50,0,Basic,Annual,Debit Card,Yes,3,379.0,0,0,4,16.0,2026-05-14,1516.0,,0
CUST-102946,2025-02-07,Paid Social,Delhi,Female,58,0,Premium,Monthly,UPI,No,0,794.0,1,1,15,8.0,2026-05-07,11910.0,,0
CUST-102947,2025-12-21,Referral,Delhi,Female,39,0,Basic,Annual,Debit Card,No,0,185.0,1,1,5,18.0,2026-05-21,925.0,,0
CUST-102948,2025-04-14,Email,Delhi,Male,37,0,Premium,Monthly,UPI,No,3,,1,1,13,23.0,2026-05-28,12948.0,,0
CUST-102949,2025-05-01,Affiliate,Delhi,Female,50,0,Basic,Annual,UPI,No,0,196.0,1,0,12,20.0,2026-05-14,2352.0,,0
CUST-102950,2026-02-06,Organic Search,Mumbai,Female,47,0,Standard,Two-Year,UPI,Yes,1,588.0,1,1,3,20.0,2026-05-30,1764.0,,0
CUST-102951,2024-08-11,Referral,Delhi,Male,31,0,Standard,Annual,UPI,Yes,2,621.0,1,1,21,14.0,2026-05-16,13041.0,,0
CUST-102952,2025-03-28,Organic Search,Bengaluru,Male,67,1,Basic,Monthly,UPI,Yes,0,193.0,1,1,9,12.0,2025-12-23,1737.0,2025-12-23,1
CUST-102953,2024-07-02,Affiliate,Delhi,Female,47,0,Standard,Monthly,Debit Card,Yes,0,495.0,1,1,22,16.0,2026-05-26,10890.0,,0
CUST-102954,2024-07-10,Paid Search,Mumbai,Male,47,0,Basic,Two-Year,Debit Card,No,1,253.0,1,1,22,28.0,2026-05-27,5566.0,,0
CUST-102955,2024-09-08,Paid Social,Delhi,Female,28,0,Basic,Monthly,UPI,Yes,3,377.0,1,0,20,25.0,2026-05-24,7540.0,,0
CUST-102956,2025-11-20,Organic Search,Bengaluru,Male,53,0,Basic,Two-Year,Credit Card,Yes,3,382.0,1,0,6,24.0,2026-05-28,2292.0,,0
CUST-102957,2025-12-24,Organic Search,Hyderabad,Male,65,1,Basic,Monthly,Credit Card,No,1,242.0,1,0,5,19.0,2026-05-06,1210.0,,0
CUST-102958,2025-12-26,Organic Search,Hyderabad,Female,55,0,Basic,Monthly,Wallet,Yes,1,244.0,1,1,5,25.0,2026-05-21,1220.0,,0
CUST-102959,2026-05-25,Affiliate,Mumbai,Female,44,0,Basic,Monthly,Net Banking,Yes,0,211.0,1,1,0,5.0,2026-05-24,211.0,,0
CUST-102960,2025-07-23,Referral,Ahmedabad,M,51,0,Basic,Monthly,Wallet,No,1,267.0,1,1,10,19.0,2026-05-14,2670.0,,0
CUST-102961,2024-10-23,Email,Delhi,Female,30,0,Basic,Monthly,Net Banking,Yes,3,355.0,1,1,19,11.0,2026-05-28,6745.0,,0
CUST-102962,2025-05-13,Organic Search,Mumbai,Male,21,0,Basic,Monthly,Debit Card,No,0,207.0,1,1,12,16.0,2026-05-14,2484.0,,0
CUST-102963,2025-07-09,Paid Search,Delhi,Male,51,0,Premium,Two-Year,UPI,Yes,0,812.0,1,0,10,14.0,2026-05-29,8120.0,,0
CUST-102964,2025-12-15,Organic Search,Surat,Male,27,0,Basic,Monthly,Net Banking,Yes,1,263.0,1,0,5,26.0,2026-05-30,1315.0,,0
CUST-102965,2025-05-14,Paid Search,Mumbai,Male,22,0,Standard,Annual,Debit Card,Yes,0,474.0,1,1,12,26.0,2026-05-28,5688.0,,0
CUST-102966,2024-06-17,Paid Social,Delhi,Female,58,0,Basic,Monthly,UPI,Yes,3,359.0,1,0,23,34.0,2026-05-13,8257.0,,0
CUST-102967,2026-02-01,Paid Social,Hyderabad,Male,40,0,Basic,Annual,UPI,Yes,3,378.0,1,1,3,21.0,2026-05-12,1134.0,,0
CUST-102968,2025-07-31,Paid Search,Bengaluru,Male,62,1,Basic,Monthly,Credit Card,No,1,287.0,1,1,10,20.0,2026-05-28,2870.0,,0
CUST-102969,2024-08-18,Organic Search,Ahmedabad,Male,63,1,Basic,Two-Year,UPI,Yes,0,191.0,1,1,21,17.0,2026-05-20,4011.0,,0
CUST-102970,2026-04-25,Paid Social,Mumbai,Female,24,0,Standard,Monthly,Wallet,Yes,2,628.0,0,0,1,24.0,2026-05-06,628.0,,0
CUST-102971,2025-04-25,Paid Search,Jaipur,Female,57,0,Standard,Monthly,UPI,Yes,1,549.0,1,0,13,17.0,2026-05-26,7137.0,,0
CUST-102972,2026-01-01,Organic Search,Ahmedabad,Male,35,0,Basic,Monthly,UPI,No,0,224.0,1,1,4,9.0,2026-05-27,896.0,,0
CUST-102973,2025-11-13,Email,Pune,Male,54,0,Basic,Monthly,UPI,Yes,1,260.0,1,1,4,6.0,2026-03-13,1040.0,2026-03-13,1
CUST-102974,2024-12-18,Paid Search,Chennai,Female,20,0,Premium,Monthly,Credit Card,Yes,3,961.0,1,0,17,28.0,2026-05-30,16337.0,,0
CUST-102975,2026-03-15,Affiliate,Mumbai,Male,42,0,Basic,Annual,Debit Card,No,0,187.0,1,0,2,17.0,2026-05-24,374.0,,0
CUST-102976,2026-03-31,Paid Search,Hyderabad,Female,50,0,Standard,Monthly,Credit Card,No,3,666.0,1,1,2,23.0,2026-05-30,1332.0,2026-05-30,1
CUST-102977,2026-04-17,Referral,Mumbai,Female,41,0,Standard,Annual,UPI,Yes,0,501.0,1,0,1,28.0,2026-05-03,501.0,,0
CUST-102978,2024-10-26,Referral,Mumbai,Female,46,0,Basic,Monthly,Wallet,Yes,1,249.0,1,1,19,20.0,2026-05-08,4731.0,,0
CUST-102979,2024-09-09,Affiliate,Delhi,Male,18,0,Basic,Annual,UPI,Yes,0,192.0,1,1,12,6.0,2025-09-04,2304.0,2025-09-04,1
CUST-102980,2025-07-04,Paid Search,Surat,Male,18,0,Basic,Monthly,UPI,Yes,2,348.0,1,1,10,12.0,2026-05-27,3480.0,,0
CUST-102981,2024-11-27,Paid Social,Mumbai,Male,49,0,Standard,Annual,UPI,No,1,550.0,1,1,18,24.0,2026-05-04,9900.0,,0
CUST-102982,2025-08-30,Organic Search,Ahmedabad,Male,39,0,Premium,Two-Year,Credit Card,Yes,2,922.0,1,1,9,26.0,2026-05-15,8298.0,,0
CUST-102983,2025-10-05,Paid Search,Jaipur,Male,48,0,Basic,Monthly,Credit Card,Yes,3,375.0,1,1,7,37.0,2026-05-04,2625.0,,0
CUST-102984,2024-06-25,Organic Search,Mumbai,Female,36,0,Premium,Monthly,Debit Card,Yes,3,978.0,1,1,23,23.0,2026-05-15,22494.0,,0
CUST-102985,2025-12-08,Organic Search,Kolkata,Male,18,0,Basic,Annual,UPI,Yes,2,329.0,0,0,5,34.0,2026-05-10,1645.0,,0
CUST-102986,2024-09-01,Organic Search,Pune,Male,54,0,Basic,Monthly,Net Banking,Yes,1,226.0,1,1,20,11.0,2026-05-19,4520.0,,0
CUST-102987,2025-07-23,Paid Search,Bengaluru,Male,25,0,Standard,Monthly,UPI,Yes,2,621.0,1,0,10,14.0,2026-05-31,6210.0,,0
CUST-102988,2025-07-02,Organic Search,Hyderabad,Male,58,0,Premium,Monthly,UPI,No,2,913.0,1,1,2,11.0,2025-08-31,1826.0,2025-08-31,1
CUST-102989,2024-06-14,Paid Search,Hyderabad,Female,18,0,Standard,Monthly,Debit Card,Yes,2,622.0,1,1,23,22.0,2026-05-13,14306.0,,0
CUST-102990,2024-10-10,Referral,Ahmedabad,Male,66,1,Standard,Two-Year,Debit Card,No,2,616.0,1,0,19,30.0,2026-05-28,11704.0,,0
CUST-102991,2025-06-29,Affiliate,Surat,Female,31,0,Standard,Monthly,Wallet,Yes,3,676.0,1,0,11,18.0,2026-05-21,7436.0,,0
CUST-102992,2025-04-02,Paid Social,Jaipur,Female,64,1,Premium,Monthly,Credit Card,No,2,923.0,0,0,13,10.0,2026-05-30,11999.0,,0
CUST-102993,2025-05-12,Paid Search,Kolkata,Male,18,0,Premium,Monthly,UPI,Yes,2,911.0,1,1,12,26.0,2026-05-28,10932.0,,0
CUST-102994,2025-10-28,Paid Search,Pune,Female,41,0,Standard,Monthly,Wallet,Yes,0,529.0,1,0,7,12.0,2026-05-25,3703.0,,0
CUST-102995,2025-10-16,Paid Social,Bengaluru,Male,39,0,Standard,Annual,Credit Card,Yes,3,665.0,0,0,7,27.0,2026-05-23,4655.0,,0
CUST-102996,2025-08-30,Paid Search,Bengaluru,Male,26,0,Standard,Annual,Debit Card,No,0,521.0,1,0,9,17.0,2026-05-03,4689.0,,0
CUST-102997,2025-11-19,Organic Search,Ahmedabad,Female,42,0,Premium,Two-Year,UPI,Yes,2,900.0,1,1,6,21.0,2026-05-02,5400.0,,0
CUST-102998,2026-02-28,Email,Bengaluru,Female,29,0,Standard,Monthly,UPI,No,0,495.0,1,0,3,28.0,2026-05-20,1485.0,,0
CUST-102999,2024-11-01,Organic Search,Pune,Male,40,0,Basic,Monthly,Wallet,Yes,2,324.0,1,1,18,13.0,2026-05-11,5832.0,,0
CUST-103000,2026-04-03,Affiliate,Pune,Male,37,0,Premium,Monthly,Wallet,No,1,845.0,1,0,1,16.0,2026-05-03,845.0,,0
CUST-103001,2025-05-09,Paid Search,Delhi,Male,28,0,Standard,Annual,Wallet,No,0,484.0,1,1,12,22.0,2026-05-22,5808.0,,0
CUST-103002,2026-04-07,Organic Search,Bengaluru,Male,59,0,Standard,Annual,Net Banking,Yes,3,675.0,1,1,1,31.0,2026-05-28,675.0,,0
CUST-103003,2025-09-09,Referral,Pune,Female,45,0,Standard,Annual,Credit Card,No,3,692.0,1,1,8,16.0,2026-05-27,5536.0,,0
CUST-103004,2025-03-14,Organic Search,Delhi,Male,61,1,Basic,Two-Year,Credit Card,Yes,1,260.0,1,1,14,23.0,2026-05-15,3640.0,,0
CUST-103005,2024-07-03,Referral,Surat,Female,60,1,Basic,Monthly,UPI,Yes,1,287.0,1,1,22,16.0,2026-05-12,6314.0,,0
CUST-103006,2024-08-28,Paid Search,Hyderabad,Female,31,0,Basic,Two-Year,Net Banking,Yes,2,327.0,1,1,21,22.0,2026-05-31,6867.0,,0
CUST-103007,2025-08-28,Organic Search,Ahmedabad,Male,33,0,Premium,Two-Year,Debit Card,Yes,3,972.0,1,1,9,21.0,2026-05-21,8748.0,,0
CUST-103008,2025-09-30,Organic Search,Ahmedabad,Female,67,1,Standard,Monthly,Debit Card,No,3,639.0,1,1,8,17.0,2026-05-26,5112.0,,0
CUST-103009,2024-09-08,Referral,Hyderabad,Female,34,0,Premium,Monthly,UPI,Yes,3,956.0,1,1,20,34.0,2026-05-24,19120.0,,0
CUST-103010,2026-04-01,Paid Social,Delhi,Male,22,0,Basic,Annual,UPI,Yes,0,195.0,1,1,0,24.0,2026-04-01,195.0,2026-04-01,1
CUST-103011,2025-01-26,Affiliate,Chennai,Male,46,0,Premium,Monthly,Net Banking,Yes,0,776.0,1,1,16,7.0,2026-05-14,12416.0,,0
CUST-103012,2025-12-13,Referral,Mumbai,Female,68,1,Basic,Monthly,Wallet,No,0,196.0,1,1,5,13.0,2026-05-18,980.0,,0
CUST-103013,2025-12-16,Referral,Ahmedabad,Female,30,0,Basic,Monthly,Credit Card,No,1,262.0,0,0,5,17.0,2026-05-05,1310.0,,0
CUST-103014,2025-10-22,Paid Social,Delhi,Male,51,0,Premium,Annual,UPI,No,0,795.0,1,1,2,25.0,2025-12-21,1590.0,2025-12-21,1
CUST-103015,2026-03-29,Referral,Hyderabad,Female,35,0,Standard,Two-Year,Wallet,No,3,675.0,1,1,2,15.0,2026-05-23,1350.0,,0
CUST-103016,2026-01-07,Email,Surat,Female,38,0,Premium,Annual,Debit Card,No,2,948.0,1,1,4,17.0,2026-05-14,3792.0,,0
CUST-103017,2024-09-28,Organic Search,Kolkata,Female,41,0,Standard,Two-Year,Debit Card,No,0,500.0,1,1,20,12.0,2026-05-22,10000.0,,0
CUST-103018,2025-03-26,Paid Social,Bengaluru,Male,25,0,Basic,Monthly,Wallet,Yes,3,377.0,0,0,14,5.0,2026-05-23,5278.0,,0
CUST-103019,2025-07-21,Organic Search,Chennai,Male,38,0,Basic,Annual,Debit Card,Yes,2,304.0,1,1,10,8.0,2026-05-24,3040.0,,0
CUST-103020,2025-06-01,Paid Social,Ahmedabad,Female,32,0,Premium,Monthly,Debit Card,No,1,859.0,1,1,9,18.0,2026-02-26,7731.0,2026-02-26,1
CUST-103021,2025-06-17,Referral,Bengaluru,Male,60,1,Standard,Monthly,Debit Card,Yes,1,552.0,1,1,11,12.0,2026-05-09,6072.0,,0
CUST-103022,2024-10-24,Paid Social,Jaipur,Male,29,0,Standard,Two-Year,Credit Card,Yes,2,646.0,0,0,19,22.0,2026-05-13,12274.0,,0
CUST-103023,2026-05-10,Paid Search,Delhi,Female,62,1,Basic,Annual,UPI,No,2,328.0,1,1,0,9.0,2026-05-10,328.0,2026-05-10,1
CUST-103024,2025-10-03,Paid Social,Surat,Male,18,0,Basic,Annual,UPI,Yes,3,400.0,1,1,7,15.0,2026-05-05,2800.0,,0
CUST-103025,2026-01-08,Organic Search,Mumbai,Female,38,0,Premium,Monthly,Debit Card,No,3,982.0,1,1,2,19.0,2026-03-09,1964.0,2026-03-09,1
CUST-103026,2025-02-09,Organic Search,Ahmedabad,Male,31,0,Premium,Monthly,UPI,No,3,998.0,1,1,15,12.0,2026-05-06,14970.0,,0
CUST-103027,2025-09-28,Affiliate,Bengaluru,Female,41,0,Basic,Annual,Wallet,Yes,2,304.0,1,1,8,19.0,2026-05-15,2432.0,,0
CUST-103028,2024-12-12,Paid Search,Kolkata,Male,58,0,Basic,Monthly,Credit Card,No,3,383.0,1,1,17,20.0,2026-05-15,6511.0,,0
CUST-103029,2025-08-05,Paid Social,Delhi,Female,67,1,Basic,Monthly,Debit Card,Yes,1,246.0,0,0,9,13.0,2026-05-05,2214.0,,0
CUST-103030,2024-11-30,Referral,Chennai,Male,55,0,Basic,Annual,UPI,No,3,372.0,1,1,18,14.0,2026-05-06,6696.0,,0
CUST-103031,2026-04-12,Organic Search,Mumbai,Male,44,0,Premium,Monthly,Credit Card,Yes,2,920.0,0,0,1,25.0,2026-05-18,920.0,,0
CUST-103032,2025-06-08,Organic Search,Hyderabad,Female,44,0,Standard,Monthly,UPI,Yes,2,605.0,1,1,11,12.0,2026-05-12,6655.0,,0
CUST-103033,2025-05-25,Organic Search,Bengaluru,Female,69,1,Basic,Monthly,Debit Card,Yes,0,177.0,1,1,12,14.0,2026-05-19,2124.0,,0
CUST-103034,2025-06-29,Email,Mumbai,Male,69,1,Standard,Monthly,UPI,No,3,694.0,1,1,9,21.0,2026-03-26,6246.0,2026-03-26,1
CUST-103035,2024-11-13,Referral,Hyderabad,Male,57,0,Standard,Monthly,Credit Card,No,0,474.0,1,1,18,17.0,2026-05-14,8532.0,,0
CUST-103036,2026-01-24,Paid Search,Hyderabad,Female,26,0,Basic,Monthly,Net Banking,Yes,0,224.0,1,0,4,5.0,2026-05-08,896.0,,0
CUST-103037,2024-12-25,Organic Search,Bengaluru,Female,31,0,Premium,Monthly,Debit Card,No,2,907.0,1,1,15,22.0,2026-03-20,13605.0,2026-03-20,1
CUST-103038,2026-03-31,Organic Search,Mumbai,Male,32,0,Standard,Monthly,Debit Card,No,1,567.0,1,1,1,12.0,2026-04-30,567.0,2026-04-30,1
CUST-103039,2026-01-30,Paid Search,Mumbai,Female,29,0,Basic,Monthly,Debit Card,No,3,388.0,1,1,4,26.0,2026-05-03,1552.0,,0
CUST-103040,2025-01-12,Paid Social,Jaipur,Male,68,1,Premium,Two-Year,Debit Card,Yes,0,782.0,1,0,16,23.0,2026-05-26,12512.0,,0
CUST-103041,2025-07-10,Email,Pune,Female,26,0,Basic,Monthly,UPI,No,2,326.0,1,1,10,21.0,2026-05-08,3260.0,,0
CUST-103042,2025-01-28,Referral,Chennai,Male,62,1,Premium,Annual,UPI,No,0,802.0,1,1,16,14.0,2026-05-30,12832.0,,0
CUST-103043,2024-09-09,Paid Social,Hyderabad,Male,59,0,Standard,Annual,UPI,No,2,628.0,1,1,20,32.0,2026-05-26,12560.0,,0
CUST-103044,2024-12-22,Referral,Chennai,Female,45,0,Premium,Monthly,UPI,Yes,1,877.0,1,1,17,22.0,2026-05-04,14909.0,,0
CUST-103045,2026-02-24,Email,Mumbai,Male,33,0,Basic,Monthly,Credit Card,No,0,211.0,1,1,3,9.0,2026-05-14,633.0,,0
CUST-103046,2025-01-07,Paid Social,Bengaluru,Female,31,0,Basic,Two-Year,Net Banking,Yes,1,246.0,1,1,16,11.0,2026-05-06,3936.0,,0
CUST-103047,2026-04-08,Paid Search,Pune,Male,53,0,Premium,Monthly,Debit Card,Yes,0,797.0,1,1,0,19.0,2026-04-08,797.0,2026-04-08,1
CUST-103048,2025-11-14,Affiliate,Ahmedabad,Male,52,0,Premium,Annual,UPI,Yes,3,967.0,1,1,6,21.0,2026-05-28,5802.0,,0
CUST-103049,2025-04-22,Organic Search,Mumbai,Female,46,0,Premium,Annual,Net Banking,No,1,850.0,1,0,13,11.0,2026-05-15,11050.0,,0
CUST-103050,2025-09-02,Affiliate,Pune,Female,47,0,Basic,Annual,Credit Card,No,0,206.0,0,0,8,16.0,2026-05-31,1648.0,,0
CUST-103051,2026-03-06,Organic Search,Kolkata,Male,60,1,Standard,Monthly,UPI,Yes,3,688.0,1,1,2,14.0,2026-05-12,1376.0,,0
CUST-103052,2024-07-27,Paid Search,Pune,Female,57,0,Basic,Monthly,UPI,No,2,328.0,1,1,22,21.0,2026-05-19,7216.0,,0
CUST-103053,2026-01-06,Referral,Ahmedabad,Male,57,0,Basic,Monthly,Net Banking,Yes,1,263.0,1,1,4,20.0,2026-05-28,1052.0,,0
CUST-103054,2025-07-23,Paid Search,Surat,Female,32,0,Standard,Annual,Debit Card,Yes,1,566.0,1,1,10,13.0,2026-05-23,5660.0,,0
CUST-103055,2026-05-15,Paid Search,Mumbai,Male,21,0,Standard,Monthly,Credit Card,No,3,672.0,1,1,0,25.0,2026-05-28,672.0,,0
CUST-103056,2026-02-08,Paid Search,Mumbai,Male,41,0,Standard,Two-Year,Debit Card,Yes,1,579.0,1,1,3,14.0,2026-05-04,1737.0,,0
CUST-103057,2026-03-15,Organic Search,Surat,Male,35,0,Basic,Annual,Debit Card,No,0,209.0,1,1,2,16.0,2026-05-18,418.0,,0
CUST-103058,2024-07-14,Organic Search,Chennai,Female,35,0,Premium,Monthly,UPI,Yes,2,919.0,1,1,22,9.0,2026-05-05,20218.0,,0
CUST-103059,2025-04-27,Organic Search,Jaipur,Female,45,0,Premium,Monthly,Debit Card,Yes,1,876.0,1,1,13,19.0,2026-05-28,11388.0,,0
CUST-103060,2026-03-23,Paid Search,Chennai,Female,66,1,Basic,Two-Year,UPI,No,0,191.0,0,0,2,23.0,2026-05-12,382.0,,0
CUST-103061,2024-12-15,Paid Social,Pune,Male,59,0,Premium,Monthly,UPI,Yes,0,801.0,1,0,17,3.0,2026-05-12,13617.0,,0
CUST-103062,2024-12-05,Organic Search,Mumbai,Male,53,0,Premium,Monthly,Credit Card,No,1,872.0,1,1,0,23.0,2024-12-05,872.0,2024-12-05,1
CUST-103063,2025-09-30,Affiliate,Delhi,Male,55,0,Basic,Monthly,UPI,No,3,361.0,0,0,8,17.0,2026-05-31,2888.0,,0
CUST-103064,2025-01-25,Paid Social,Jaipur,Female,39,0,Standard,Monthly,Net Banking,Yes,3,712.0,1,0,16,26.0,2026-05-08,11392.0,,0
CUST-103065,2025-08-03,Paid Social,Kolkata,Male,46,0,Premium,Monthly,UPI,No,0,790.0,1,1,6,25.0,2026-01-30,4740.0,2026-01-30,1
CUST-103066,2025-03-19,Paid Social,Delhi,Female,40,0,Standard,Annual,UPI,Yes,0,492.0,1,1,14,18.0,2026-05-28,6888.0,,0
CUST-103067,2025-04-25,Organic Search,Delhi,Male,60,1,Basic,Annual,Credit Card,No,0,199.0,1,1,13,21.0,2026-05-05,2587.0,,0
CUST-103068,2024-09-12,Referral,Delhi,Female,69,1,Standard,Monthly,Debit Card,Yes,0,510.0,1,1,20,20.0,2026-05-24,10200.0,,0
CUST-103069,2026-01-29,Paid Social,Delhi,Male,40,0,Standard,Monthly,UPI,Yes,0,512.0,0,0,4,19.0,2026-05-12,2048.0,,0
CUST-103070,2024-08-11,Organic Search,Kolkata,Female,55,0,Standard,Monthly,Net Banking,Yes,2,641.0,1,1,12,19.0,2025-08-06,7692.0,2025-08-06,1
CUST-103071,2024-10-02,Email,Ahmedabad,Female,20,0,Basic,Annual,Credit Card,No,0,198.0,1,1,19,22.0,2026-05-12,3762.0,,0
CUST-103072,2024-11-23,Affiliate,Delhi,Female,38,0,Basic,Monthly,UPI,Yes,2,324.0,1,1,18,16.0,2026-05-04,5832.0,,0
CUST-103073,2024-12-18,Referral,Jaipur,Female,63,1,Premium,Two-Year,UPI,No,1,836.0,1,0,17,27.0,2026-05-15,14212.0,,0
CUST-103074,2024-06-04,Affiliate,Bengaluru,Female,53,0,Standard,Annual,Wallet,Yes,2,603.0,1,0,23,13.0,2026-05-08,13869.0,,0
CUST-103075,2026-04-30,Affiliate,Bengaluru,Female,45,0,Premium,Annual,Credit Card,Yes,3,978.0,1,1,1,20.0,2026-05-29,978.0,,0
CUST-103076,2025-07-26,Paid Social,Delhi,Male,29,0,Basic,Monthly,UPI,No,3,384.0,1,1,10,16.0,2026-05-02,3840.0,,0
CUST-103077,2025-05-23,Paid Search,Ahmedabad,Male,60,1,Premium,Annual,UPI,No,3,978.0,1,0,12,25.0,2026-05-10,11736.0,,0
CUST-103078,2024-09-07,Paid Search,Mumbai,Female,68,1,Basic,Monthly,Credit Card,Yes,2,327.0,1,0,20,23.0,2026-05-10,6540.0,,0
CUST-103079,2025-09-05,Organic Search,Ahmedabad,Female,38,0,Premium,Annual,UPI,Yes,2,918.0,1,1,8,25.0,2026-05-30,7344.0,,0
CUST-103080,2024-08-08,Organic Search,Ahmedabad,Male,60,1,Premium,Two-Year,UPI,No,2,915.0,1,0,21,16.0,2026-05-25,19215.0,,0
CUST-103081,2024-12-16,Organic Search,Mumbai,Male,48,0,Basic,Two-Year,Debit Card,No,3,415.0,1,0,17,34.0,2026-05-10,7055.0,,0
CUST-103082,2025-07-16,Paid Search,Delhi,Female,38,0,Basic,Annual,Net Banking,No,1,255.0,1,0,10,27.0,2026-05-05,2550.0,,0
CUST-103083,2026-05-18,Referral,Ahmedabad,Male,35,0,Premium,Annual,UPI,No,1,874.0,1,1,0,21.0,2026-05-03,874.0,,0
CUST-103084,2025-08-07,Referral,Jaipur,Female,44,0,Standard,Monthly,UPI,Yes,1,539.0,1,1,9,15.0,2026-05-03,4851.0,,0
CUST-103085,2025-05-15,Paid Social,Ahmedabad,Female,39,0,Standard,Monthly,UPI,Yes,3,681.0,1,1,5,11.0,2025-10-12,3405.0,2025-10-12,1
CUST-103086,2025-09-25,Organic Search,Delhi,Male,50,0,Basic,Annual,Wallet,No,0,189.0,1,1,8,22.0,2026-05-20,1512.0,,0
CUST-103087,2025-11-17,Paid Social,Kolkata,Male,25,0,Premium,Two-Year,Credit Card,Yes,0,829.0,1,1,6,15.0,2026-05-29,4974.0,,0
CUST-103088,2025-06-03,Paid Search,Ahmedabad,Male,42,0,Standard,Two-Year,UPI,No,1,551.0,1,1,11,26.0,2026-05-07,6061.0,,0
CUST-103089,2025-02-03,Affiliate,Bengaluru,Male,56,0,Basic,Two-Year,Debit Card,Yes,1,259.0,1,1,15,27.0,2026-05-16,3885.0,,0
CUST-103090,2026-03-07,Affiliate,Chennai,Female,61,1,Standard,Monthly,Credit Card,No,2,607.0,1,1,1,14.0,2026-04-06,607.0,2026-04-06,1
CUST-103091,2025-01-09,Affiliate,Bengaluru,Female,32,0,Basic,Annual,UPI,Yes,0,186.0,1,0,16,16.0,2026-05-02,2976.0,,0
CUST-103092,2024-08-31,Affiliate,Mumbai,Female,49,0,Premium,Annual,Wallet,No,0,798.0,1,0,21,13.0,2026-05-30,16758.0,,0
CUST-103093,2024-12-31,Email,Hyderabad,Male,33,0,Premium,Monthly,UPI,Yes,3,984.0,1,1,17,31.0,2026-05-29,16728.0,,0
CUST-103094,2025-12-26,Paid Social,Hyderabad,Female,59,0,Basic,Monthly,Credit Card,No,2,335.0,1,0,5,14.0,2026-05-02,1675.0,,0
CUST-103095,2024-07-26,Organic Search,Delhi,Male,36,0,Basic,Annual,Debit Card,No,1,250.0,1,1,22,24.0,2026-05-29,5500.0,,0
CUST-103096,2025-03-27,Organic Search,Ahmedabad,Female,53,0,Basic,Monthly,Credit Card,Yes,3,370.0,1,1,14,23.0,2026-05-08,5180.0,,0
CUST-103097,2024-06-30,Paid Social,Ahmedabad,Male,40,0,Basic,Annual,UPI,Yes,0,218.0,1,0,23,27.0,2026-05-17,5014.0,,0
CUST-103098,2026-03-21,Organic Search,Chennai,Female,31,0,Premium,Two-Year,Debit Card,No,2,943.0,1,1,2,17.0,2026-05-27,1886.0,,0
CUST-103099,2025-01-28,Organic Search,Delhi,Female,47,0,Standard,Annual,Debit Card,Yes,0,498.0,1,0,16,9.0,2026-05-02,7968.0,,0
CUST-103100,2024-11-18,Email,Mumbai,Male,50,0,Basic,Monthly,Net Banking,No,2,326.0,1,1,18,8.0,2026-05-16,5868.0,,0
CUST-103101,2025-10-19,Organic Search,Bengaluru,Female,53,0,Basic,Monthly,UPI,No,1,284.0,0,0,7,17.0,2026-05-12,1988.0,,0
CUST-103102,2026-04-22,Email,Jaipur,Male,59,0,Basic,Annual,UPI,No,0,239.0,1,0,1,17.0,2026-05-28,239.0,,0
CUST-103103,2024-07-09,Referral,Ahmedabad,Male,53,0,Standard,Annual,Wallet,Yes,2,625.0,1,1,22,20.0,2026-05-25,13750.0,,0
CUST-103104,2026-02-23,Paid Search,Ahmedabad,Female,62,1,Basic,Monthly,Debit Card,Yes,1,270.0,1,1,3,24.0,2026-05-04,810.0,,0
CUST-103105,2025-03-14,Referral,Delhi,Male,40,0,Basic,Monthly,Credit Card,Yes,2,321.0,0,0,14,31.0,2026-05-22,4494.0,,0
CUST-103106,2024-10-05,Paid Social,Pune,Male,44,0,Premium,Two-Year,Debit Card,Yes,3,957.0,1,1,19,18.0,2026-05-20,18183.0,,0
CUST-103107,2024-07-24,Paid Search,Bengaluru,Male,43,0,Standard,Monthly,UPI,No,3,684.0,1,1,22,21.0,2026-05-30,15048.0,,0
CUST-103108,2025-04-14,Organic Search,Kolkata,Male,48,0,Premium,Annual,Wallet,Yes,1,880.0,1,1,13,7.0,2026-05-09,11440.0,,0
CUST-103109,2024-11-24,Email,Ahmedabad,Female,25,0,Basic,Two-Year,Debit Card,Yes,2,308.0,1,1,18,22.0,2026-05-26,5544.0,,0
CUST-103110,2024-11-25,Paid Social,Delhi,Female,62,1,Basic,Annual,Net Banking,Yes,2,291.0,1,1,18,17.0,2026-05-14,5238.0,,0
CUST-103111,2024-10-15,Organic Search,Delhi,Male,45,0,Premium,Two-Year,Credit Card,Yes,1,868.0,1,0,19,16.0,2026-05-08,16492.0,,0
CUST-103112,2024-09-12,Referral,Delhi,Male,46,0,Premium,Annual,Net Banking,No,0,773.0,1,0,20,16.0,2026-05-13,15460.0,,0
CUST-103113,2025-12-26,Paid Search,Bengaluru,Female,63,1,Standard,Monthly,UPI,Yes,2,595.0,1,1,5,22.0,2026-05-02,2975.0,,0
CUST-103114,2025-03-10,Paid Social,Chennai,Female,42,0,Standard,Monthly,UPI,Yes,1,534.0,0,0,14,14.0,2026-05-11,7476.0,,0
CUST-103115,2026-01-06,Paid Search,Delhi,Male,41,0,Basic,Monthly,UPI,Yes,3,349.0,1,0,4,35.0,2026-05-04,1396.0,,0
CUST-103116,2025-06-26,Organic Search,Hyderabad,Female,47,0,Standard,Monthly,Net Banking,Yes,1,575.0,1,1,4,18.0,2025-10-24,2300.0,2025-10-24,1
CUST-103117,2024-07-28,Referral,Mumbai,Male,66,1,Basic,Annual,Debit Card,No,1,261.0,1,1,22,10.0,2026-05-18,5742.0,,0
CUST-103118,2025-03-20,Paid Social,Bengaluru,Male,31,0,Basic,Monthly,Credit Card,No,0,230.0,1,0,14,8.0,2026-05-23,3220.0,,0
CUST-103119,2024-08-03,Paid Social,Delhi,Female,26,0,Standard,Monthly,UPI,No,1,570.0,1,0,21,19.0,2026-05-02,11970.0,,0
CUST-103120,2025-01-28,Organic Search,Bengaluru,Female,23,0,Basic,Annual,Credit Card,No,3,410.0,1,1,16,28.0,2026-05-04,6560.0,,0
CUST-103121,2026-01-22,Paid Social,Ahmedabad,Male,56,0,Basic,Monthly,Credit Card,Yes,2,309.0,0,0,4,18.0,2026-05-24,1236.0,,0
CUST-103122,2025-01-26,Paid Social,Jaipur,Female,18,0,Basic,Monthly,Credit Card,Yes,2,324.0,1,1,16,19.0,2026-05-25,5184.0,,0
CUST-103123,2024-11-21,Paid Social,Kolkata,Female,54,0,Basic,Annual,Debit Card,Yes,2,300.0,1,0,18,22.0,2026-05-06,5400.0,,0
CUST-103124,2024-09-26,Organic Search,Chennai,Female,63,1,Premium,Monthly,UPI,No,1,855.0,0,0,20,22.0,2026-05-25,17100.0,,0
CUST-103125,2024-09-05,Organic Search,Kolkata,Female,53,0,Premium,Monthly,Credit Card,Yes,3,1001.0,1,1,20,22.0,2026-05-25,20020.0,,0
CUST-103126,2024-11-10,Paid Search,Mumbai,Male,26,0,Basic,Monthly,UPI,Yes,1,258.0,0,0,18,8.0,2026-05-28,4644.0,,0
CUST-103127,2026-03-26,Organic Search,Bengaluru,Female,52,0,Basic,Annual,UPI,Yes,1,255.0,1,1,2,14.0,2026-05-12,510.0,,0
CUST-103128,2025-06-21,Referral,Delhi,Male,41,0,Premium,Annual,UPI,No,2,919.0,1,1,11,17.0,2026-05-10,10109.0,,0
CUST-103129,2025-12-23,Email,Kolkata,Male,19,0,Basic,Annual,Net Banking,Yes,2,321.0,1,1,5,13.0,2026-05-31,1605.0,,0
CUST-103130,2024-09-24,Paid Social,Mumbai,Male,28,0,Standard,Monthly,UPI,Yes,1,561.0,1,1,20,8.0,2026-05-24,11220.0,,0
CUST-103131,2025-08-18,Affiliate,Mumbai,Female,56,0,Basic,Annual,UPI,Yes,2,339.0,1,1,9,23.0,2026-05-10,3051.0,,0
CUST-103132,2026-01-26,Organic Search,Hyderabad,Male,47,0,Standard,Monthly,Credit Card,Yes,3,668.0,1,1,4,21.0,2026-05-17,2672.0,,0
CUST-103133,2025-12-18,Organic Search,Ahmedabad,Male,43,0,Basic,Annual,Credit Card,No,2,316.0,1,1,5,25.0,2026-05-29,1580.0,,0
CUST-103134,2025-11-19,Referral,Hyderabad,Female,58,0,Standard,Monthly,Net Banking,No,1,560.0,1,1,6,29.0,2026-05-22,3360.0,,0
CUST-103135,2025-12-01,Referral,Mumbai,Male,45,0,Standard,Monthly,Debit Card,No,0,485.0,1,1,5,21.0,2026-05-06,2425.0,,0
CUST-103136,2026-05-22,Affiliate,Pune,Male,68,1,Basic,Monthly,Debit Card,No,3,372.0,1,0,0,24.0,2026-05-28,372.0,,0
CUST-103137,2025-03-10,Organic Search,Kolkata,Male,20,0,Basic,Monthly,UPI,Yes,3,390.0,1,1,14,12.0,2026-05-22,5460.0,,0
CUST-103138,2025-01-17,Referral,Pune,Female,32,0,Standard,Monthly,UPI,No,2,607.0,1,1,16,25.0,2026-05-26,9712.0,,0
CUST-103139,2024-08-08,Paid Social,Mumbai,Male,27,0,Premium,Monthly,UPI,No,0,841.0,1,0,21,12.0,2026-05-08,17661.0,,0
CUST-103140,2024-10-11,Paid Social,Ahmedabad,Male,39,0,Standard,Two-Year,Debit Card,No,3,704.0,1,1,19,31.0,2026-05-27,13376.0,,0
CUST-103141,2025-03-22,Organic Search,Ahmedabad,Female,65,1,Basic,Annual,UPI,Yes,0,202.0,1,1,14,8.0,2026-05-24,2828.0,,0
CUST-103142,2024-07-26,Email,Ahmedabad,Female,39,0,Standard,Annual,Net Banking,Yes,3,688.0,1,1,22,29.0,2026-05-25,15136.0,,0
CUST-103143,2025-12-05,Organic Search,Bengaluru,Female,34,0,Basic,Monthly,Wallet,No,2,331.0,1,1,4,14.0,2026-04-04,1324.0,2026-04-04,1
CUST-103144,2025-02-11,Affiliate,Delhi,Male,22,0,Premium,Monthly,Debit Card,No,2,927.0,1,1,15,13.0,2026-05-15,13905.0,,0
CUST-103145,2025-01-22,Paid Search,Mumbai,Female,38,0,Premium,Two-Year,Credit Card,No,0,800.0,1,0,16,30.0,2026-05-21,12800.0,,0
CUST-103146,2026-04-03,Referral,Mumbai,Female,29,0,Basic,Monthly,Net Banking,Yes,1,300.0,1,1,1,17.0,2026-05-26,300.0,,0
CUST-103147,2024-07-14,Referral,Jaipur,Female,27,0,Standard,Annual,UPI,Yes,0,488.0,1,1,22,17.0,2026-05-16,10736.0,,0
CUST-103148,2025-08-05,Affiliate,Ahmedabad,Male,24,0,Standard,Annual,Wallet,No,2,613.0,1,1,0,16.0,2025-08-05,613.0,2025-08-05,1
CUST-103149,2025-08-11,Organic Search,Delhi,Male,50,0,Basic,Monthly,UPI,Yes,3,380.0,1,0,9,16.0,2026-05-15,3420.0,,0
CUST-103150,2026-04-30,Organic Search,Bengaluru,Female,54,0,Standard,Annual,Debit Card,Yes,3,689.0,1,1,0,20.0,2026-04-30,689.0,2026-04-30,1
CUST-103151,2025-03-26,Paid Search,Ahmedabad,Male,56,0,Standard,Annual,UPI,No,2,649.0,1,1,14,19.0,2026-05-25,9086.0,,0
CUST-103152,2026-03-29,Paid Social,Jaipur,Male,20,0,Standard,Two-Year,Debit Card,Yes,3,679.0,1,1,2,22.0,2026-05-14,1358.0,,0
CUST-103153,2025-10-06,Organic Search,Ahmedabad,Male,65,1,Standard,Monthly,UPI,Yes,3,688.0,1,1,7,20.0,2026-05-12,4816.0,,0
CUST-103154,2025-03-04,Organic Search,Hyderabad,Male,44,0,Standard,Monthly,UPI,Yes,3,685.0,1,1,14,14.0,2026-05-27,9590.0,,0
CUST-103155,2025-06-21,Paid Social,Pune,Female,47,0,Standard,Annual,Credit Card,Yes,0,498.0,1,1,11,16.0,2026-05-24,5478.0,,0
CUST-103156,2025-04-16,Organic Search,Chennai,Male,63,1,Standard,Monthly,UPI,Yes,3,698.0,1,1,9,24.0,2026-01-11,6282.0,2026-01-11,1
CUST-103157,2025-08-14,Organic Search,Pune,Female,32,0,Standard,Monthly,UPI,No,0,505.0,1,1,9,21.0,2026-05-30,4545.0,,0
CUST-103158,2025-01-05,Affiliate,Hyderabad,Female,44,0,Standard,Annual,Net Banking,No,1,574.0,1,0,16,25.0,2026-05-25,9184.0,,0
CUST-103159,2025-01-27,Paid Social,Delhi,Male,21,0,Standard,Monthly,UPI,Yes,1,555.0,0,0,16,12.0,2026-05-30,8880.0,,0
CUST-103160,2025-11-23,Email,Bengaluru,Male,43,0,Basic,Two-Year,Debit Card,No,3,371.0,1,1,6,26.0,2026-05-05,2226.0,,0
CUST-103161,2026-05-17,Email,Hyderabad,Male,31,0,Standard,Two-Year,UPI,Yes,0,494.0,0,0,0,21.0,2026-05-25,494.0,,0
CUST-103162,2025-07-21,Organic Search,Bengaluru,Male,27,0,Standard,Monthly,Debit Card,Yes,3,683.0,1,1,9,17.0,2026-04-17,6147.0,2026-04-17,1
CUST-103163,2025-01-27,Referral,Bengaluru,Female,50,0,Basic,Monthly,Wallet,Yes,1,276.0,1,1,0,19.0,2025-01-27,276.0,2025-01-27,1
CUST-103164,2024-07-17,Paid Search,Mumbai,Female,24,0,Basic,Monthly,Credit Card,Yes,0,230.0,1,1,22,18.0,2026-05-24,5060.0,,0
CUST-103165,2026-04-16,Referral,Mumbai,Female,68,1,Standard,Monthly,Wallet,Yes,3,682.0,1,1,1,8.0,2026-05-30,682.0,,0
CUST-103166,2026-04-01,Organic Search,Delhi,Female,30,0,Basic,Monthly,Debit Card,Yes,0,227.0,1,0,1,13.0,2026-05-22,227.0,,0
CUST-103167,2024-10-30,Organic Search,Ahmedabad,Male,22,0,Basic,Two-Year,Credit Card,No,1,268.0,1,1,19,20.0,2026-05-11,5092.0,,0
CUST-103168,2025-12-25,Organic Search,Delhi,Female,41,0,Basic,Monthly,UPI,No,1,249.0,1,0,5,11.0,2026-05-17,1245.0,,0
CUST-103169,2025-10-07,Paid Search,Ahmedabad,Male,38,0,Standard,Monthly,Wallet,Yes,2,621.0,1,1,7,26.0,2026-05-04,4347.0,,0
CUST-103170,2026-04-12,Email,Bengaluru,Male,52,0,Premium,Monthly,Net Banking,No,0,811.0,1,0,1,25.0,2026-05-05,811.0,,0
CUST-103171,2025-06-02,Referral,Hyderabad,Male,52,0,Premium,Monthly,UPI,Yes,2,932.0,1,1,11,23.0,2026-05-09,10252.0,,0
CUST-103172,2024-11-29,Referral,Bengaluru,Male,48,0,Premium,Annual,UPI,Yes,0,792.0,0,0,18,9.0,2026-05-07,14256.0,,0
CUST-103173,2025-02-05,Email,Hyderabad,Female,47,0,Premium,Annual,UPI,Yes,0,794.0,1,0,15,15.0,2026-05-18,11910.0,,0
CUST-103174,2025-12-01,Referral,Ahmedabad,Female,58,0,Basic,Monthly,UPI,Yes,0,194.0,1,0,5,9.0,2026-05-25,970.0,,0
CUST-103175,2024-10-26,Organic Search,Ahmedabad,Male,51,0,Basic,Monthly,UPI,Yes,0,196.0,1,1,10,30.0,2025-08-22,1960.0,2025-08-22,1
CUST-103176,2025-09-06,Affiliate,Hyderabad,Male,25,0,Basic,Two-Year,Wallet,Yes,1,264.0,1,1,8,15.0,2026-05-20,2112.0,,0
CUST-103177,2026-01-24,Paid Social,Chennai,Female,42,0,Basic,Annual,Net Banking,Yes,2,347.0,1,1,4,21.0,2026-05-31,1388.0,,0
CUST-103178,2024-08-29,Organic Search,Hyderabad,Female,53,0,Premium,Monthly,Credit Card,Yes,2,913.0,1,1,21,28.0,2026-05-23,19173.0,,0
CUST-103179,2025-06-21,Paid Search,Pune,Female,31,0,Premium,Monthly,UPI,Yes,0,774.0,1,0,11,9.0,2026-05-20,8514.0,,0
CUST-103180,2024-12-07,Email,Hyderabad,Male,62,1,Standard,Monthly,Credit Card,No,1,533.0,1,1,17,13.0,2026-05-02,9061.0,,0
CUST-103181,2025-05-29,Organic Search,Hyderabad,Male,43,0,Premium,Monthly,Wallet,Yes,1,871.0,1,1,11,25.0,2026-04-24,9581.0,2026-04-24,1
CUST-103182,2024-10-18,Paid Search,Hyderabad,Female,34,0,Standard,Monthly,Net Banking,No,1,551.0,1,1,19,26.0,2026-05-20,10469.0,,0
CUST-103183,2025-01-19,Organic Search,Hyderabad,Female,37,0,Basic,Annual,Net Banking,Yes,2,323.0,1,1,16,15.0,2026-05-28,5168.0,,0
CUST-103184,2024-09-20,Organic Search,Ahmedabad,Male,50,0,Basic,Monthly,Debit Card,No,1,248.0,1,1,20,11.0,2026-05-25,4960.0,,0
CUST-103185,2025-03-16,Organic Search,Ahmedabad,Male,54,0,Premium,Annual,Credit Card,No,1,857.0,1,0,14,22.0,2026-05-13,11998.0,,0
CUST-103186,2025-09-17,Referral,Delhi,Male,31,0,Standard,Annual,UPI,Yes,0,494.0,1,1,8,21.0,2026-05-15,3952.0,,0
CUST-103187,2025-01-09,Affiliate,Bengaluru,Female,26,0,Basic,Annual,Net Banking,No,1,249.0,1,1,16,15.0,2026-05-17,3984.0,,0
CUST-103188,2026-02-22,Organic Search,Hyderabad,Male,22,0,Basic,Annual,Debit Card,No,3,398.0,1,0,3,23.0,2026-05-04,1194.0,,0
CUST-103189,2025-08-16,Paid Social,Delhi,Female,43,0,Standard,Monthly,Debit Card,Yes,2,639.0,1,0,9,10.0,2026-05-06,5751.0,,0
CUST-103190,2026-05-22,Organic Search,Mumbai,Female,66,1,Premium,Annual,Debit Card,Yes,1,869.0,1,1,0,23.0,2026-05-30,869.0,,0
CUST-103191,2025-10-06,Organic Search,Chennai,Male,67,1,Standard,Annual,UPI,Yes,1,590.0,1,1,7,21.0,2026-05-08,4130.0,,0
CUST-103192,2024-11-04,Paid Search,Mumbai,Male,47,0,Premium,Monthly,UPI,No,1,839.0,0,0,18,5.0,2026-05-09,15102.0,,0
CUST-103193,2025-07-19,Referral,Chennai,Male,45,0,Basic,Two-Year,Net Banking,Yes,2,316.0,1,1,10,19.0,2026-05-11,3160.0,,0
CUST-103194,2025-10-05,Paid Search,Mumbai,Male,44,0,Premium,Two-Year,Credit Card,No,3,974.0,1,0,7,20.0,2026-05-28,6818.0,,0
CUST-103195,2025-05-13,Paid Social,Delhi,Female,30,0,Standard,Annual,UPI,Yes,0,510.0,1,1,12,22.0,2026-05-27,6120.0,,0
CUST-103196,2024-07-28,Paid Search,Delhi,Female,39,0,Standard,Monthly,Debit Card,Yes,2,600.0,1,1,22,14.0,2026-05-06,13200.0,,0
CUST-103197,2024-10-10,Organic Search,Delhi,Male,66,1,Premium,Annual,UPI,Yes,3,989.0,1,1,19,31.0,2026-05-08,18791.0,,0
CUST-103198,2024-11-22,Organic Search,Ahmedabad,Female,50,0,Premium,Monthly,Debit Card,Yes,0,777.0,1,1,18,17.0,2026-05-09,13986.0,,0
CUST-103199,2025-03-29,Email,Mumbai,Male,30,0,Basic,Monthly,Credit Card,No,2,330.0,0,0,14,26.0,2026-05-10,4620.0,,0
CUST-103200,2026-02-08,Referral,Delhi,Female,22,0,Premium,Monthly,Debit Card,Yes,2,936.0,1,1,2,11.0,2026-04-09,1872.0,2026-04-09,1
CUST-103201,2024-06-19,Email,Delhi,Female,57,0,Standard,Annual,Wallet,Yes,3,662.0,1,1,23,25.0,2026-05-13,15226.0,,0
CUST-103202,2026-04-18,Affiliate,Chennai,Male,64,1,Basic,Annual,UPI,No,1,253.0,1,1,1,19.0,2026-05-18,253.0,2026-05-18,1
CUST-103203,2025-06-21,Paid Search,Ahmedabad,Male,23,0,Standard,Monthly,Wallet,No,3,697.0,1,0,11,20.0,2026-05-05,7667.0,,0
CUST-103204,2026-05-09,Email,Delhi,Female,37,0,Standard,Monthly,Debit Card,No,0,520.0,1,1,0,17.0,2026-05-09,520.0,2026-05-09,1
CUST-103205,2025-10-10,Paid Social,Ahmedabad,Male,62,1,Standard,Monthly,Net Banking,Yes,2,598.0,1,1,2,20.0,2025-12-09,1196.0,2025-12-09,1
CUST-103206,2025-05-05,Organic Search,Jaipur,Female,31,0,Basic,Monthly,Net Banking,No,1,265.0,0,0,12,2.0,2026-05-05,3180.0,,0
CUST-103207,2024-08-24,Organic Search,Chennai,Male,27,0,Basic,Monthly,UPI,Yes,2,329.0,0,0,21,32.0,2026-05-19,6909.0,,0
CUST-103208,2025-11-19,Organic Search,Surat,Male,38,0,Basic,Monthly,Credit Card,Yes,2,319.0,1,1,3,13.0,2026-02-17,957.0,2026-02-17,1
CUST-103209,2025-08-18,Organic Search,Jaipur,Female,38,0,Standard,Monthly,UPI,No,1,581.0,1,1,9,13.0,2026-05-10,5229.0,,0
CUST-103210,2025-02-25,Paid Social,Delhi,Male,43,0,Basic,Monthly,Debit Card,Yes,3,371.0,0,0,15,20.0,2026-05-23,5565.0,,0
CUST-103211,2026-01-17,Referral,Hyderabad,Male,68,1,Standard,Annual,UPI,Yes,1,553.0,1,0,4,22.0,2026-05-05,2212.0,,0
CUST-103212,2025-10-25,Referral,Delhi,Male,68,1,Standard,Monthly,UPI,Yes,1,549.0,1,1,7,9.0,2026-05-31,3843.0,,0
CUST-103213,2024-12-28,Paid Search,Kolkata,Male,48,0,Basic,Annual,Wallet,Yes,2,323.0,1,0,17,10.0,2026-05-14,5491.0,,0
CUST-103214,2024-09-19,Organic Search,Delhi,Male,21,0,Basic,Monthly,Wallet,Yes,2,315.0,0,0,20,29.0,2026-05-28,6300.0,,0
CUST-103215,2025-09-24,Referral,Delhi,Male,31,0,Basic,Monthly,Debit Card,No,2,332.0,1,1,8,17.0,2026-05-26,2656.0,,0
CUST-103216,2024-08-29,Paid Social,Jaipur,Male,27,0,Premium,Monthly,Credit Card,Yes,0,794.0,1,0,21,14.0,2026-05-21,16674.0,,0
CUST-103217,2025-06-18,Organic Search,Chennai,Male,18,0,Premium,Monthly,Net Banking,Yes,3,977.0,1,1,8,15.0,2026-02-13,7816.0,2026-02-13,1
CUST-103218,2026-05-19,Paid Social,Surat,Female,37,0,Basic,Monthly,Wallet,Yes,1,263.0,1,0,0,25.0,2026-05-17,263.0,,0
CUST-103219,2025-11-24,Paid Social,Ahmedabad,Female,18,0,Basic,Annual,UPI,Yes,2,307.0,1,0,6,26.0,2026-05-09,1842.0,,0
CUST-103220,2025-01-14,Paid Social,Mumbai,Male,47,0,Standard,Monthly,UPI,Yes,0,515.0,1,0,16,11.0,2026-05-24,8240.0,,0
CUST-103221,2026-05-02,Affiliate,Delhi,Female,32,0,Basic,Monthly,Wallet,Yes,0,210.0,1,0,0,23.0,2026-05-18,210.0,,0
CUST-103222,2026-03-17,Referral,Delhi,Female,55,0,Standard,Monthly,UPI,No,2,630.0,0,0,2,23.0,2026-05-04,1260.0,,0
CUST-103223,2025-05-25,Referral,Bengaluru,Female,45,0,Basic,Monthly,Debit Card,No,0,184.0,1,1,12,21.0,2026-05-12,2208.0,,0
CUST-103224,2024-06-17,Organic Search,Delhi,Female,67,1,Standard,Annual,Credit Card,Yes,2,643.0,1,1,23,28.0,2026-05-22,14789.0,,0
CUST-103225,2026-03-12,Affiliate,Chennai,Male,43,0,Basic,Monthly,Credit Card,Yes,0,172.0,1,1,2,13.0,2026-05-28,344.0,,0
CUST-103226,2026-01-28,Referral,Mumbai,Male,26,0,Premium,Monthly,UPI,No,1,871.0,1,1,4,32.0,2026-05-14,3484.0,,0
CUST-103227,2026-05-13,Organic Search,Hyderabad,Female,65,1,Basic,Annual,Debit Card,No,3,382.0,1,0,0,34.0,2026-05-30,382.0,,0
CUST-103228,2026-04-14,Paid Search,Kolkata,Male,34,0,Basic,Monthly,Debit Card,No,2,330.0,1,0,1,31.0,2026-05-19,330.0,,0
CUST-103229,2025-05-25,Paid Social,Pune,Female,57,0,Premium,Monthly,Wallet,No,1,857.0,1,1,12,0.0,2026-05-20,10284.0,2026-05-20,1
CUST-103230,2024-06-12,Paid Social,Delhi,Female,58,0,Basic,Annual,Credit Card,Yes,0,201.0,1,1,23,17.0,2026-05-08,4623.0,,0
CUST-103231,2025-03-16,Organic Search,Mumbai,Male,66,1,Basic,Monthly,Wallet,Yes,3,390.0,1,1,14,24.0,2026-05-10,5460.0,2026-05-10,1
CUST-103232,2025-03-11,Paid Search,Mumbai,Male,51,0,Basic,Two-Year,UPI,Yes,2,320.0,1,1,14,20.0,2026-05-29,4480.0,,0
CUST-103233,2025-01-06,Organic Search,Hyderabad,Female,44,0,Standard,Annual,UPI,Yes,1,563.0,1,0,16,19.0,2026-05-12,9008.0,,0
CUST-103234,2026-01-11,Organic Search,Bengaluru,Male,38,0,Standard,Monthly,Wallet,No,3,684.0,1,0,4,18.0,2026-05-25,2736.0,,0
CUST-103235,2026-01-12,Organic Search,Ahmedabad,Female,41,0,Standard,Monthly,UPI,Yes,3,713.0,1,1,4,31.0,2026-05-15,2852.0,,0
CUST-103236,2024-06-04,Email,Surat,Female,58,0,Basic,Monthly,UPI,No,2,296.0,1,0,23,27.0,2026-05-27,6808.0,,0
CUST-103237,2026-03-29,Paid Social,Pune,Male,47,0,Basic,Annual,UPI,No,1,279.0,0,0,2,20.0,2026-05-24,558.0,,0
CUST-103238,2025-01-09,Paid Social,Chennai,Male,20,0,Basic,Monthly,Debit Card,No,2,327.0,1,1,2,22.0,2025-03-10,654.0,2025-03-10,1
CUST-103239,2024-10-07,Paid Social,Delhi,Female,37,0,Basic,Annual,Net Banking,No,3,385.0,1,0,19,21.0,2026-05-19,7315.0,,0
CUST-103240,2024-12-06,Affiliate,Jaipur,Female,65,1,Basic,Monthly,Wallet,Yes,1,241.0,1,1,15,31.0,2026-03-01,3615.0,2026-03-01,1
CUST-103241,2024-07-17,Paid Search,Mumbai,Male,28,0,Standard,Annual,UPI,No,2,637.0,0,0,22,24.0,2026-05-22,14014.0,,0
CUST-103242,2024-09-06,Affiliate,Mumbai,Male,42,0,Standard,Two-Year,UPI,No,2,603.0,1,1,20,34.0,2026-05-17,12060.0,,0
CUST-103243,2025-01-01,Paid Social,Kolkata,Male,61,1,Standard,Monthly,UPI,Yes,1,582.0,0,0,16,22.0,2026-05-28,9312.0,,0
CUST-103244,2024-08-04,Organic Search,Kolkata,Male,33,0,Standard,Monthly,Wallet,Yes,0,492.0,0,0,21,17.0,2026-05-23,10332.0,,0
CUST-103245,2024-10-04,Paid Search,Bengaluru,Male,53,0,Standard,Monthly,Credit Card,Yes,2,642.0,1,1,19,10.0,2026-05-02,12198.0,,0
CUST-103246,2024-11-29,Paid Social,Ahmedabad,Male,58,0,Basic,Annual,UPI,Yes,0,189.0,1,1,2,26.0,2025-01-28,378.0,2025-01-28,1
CUST-103247,2025-12-11,Affiliate,Delhi,Female,34,0,Standard,Monthly,UPI,No,1,546.0,1,1,5,4.0,2026-05-05,2730.0,,0
CUST-103248,2024-10-24,Affiliate,Hyderabad,Male,64,1,Basic,Annual,UPI,Yes,1,258.0,1,1,19,18.0,2026-05-12,4902.0,,0
CUST-103249,2026-04-01,Paid Social,Chennai,F,41,0,Standard,Annual,Debit Card,Yes,0,489.0,1,1,0,6.0,2026-04-01,489.0,2026-04-01,1
CUST-103250,2026-05-12,Email,DELHI,Female,33,0,Standard,Two-Year,Credit Card,Yes,1,556.0,1,1,0,26.0,2026-05-29,556.0,,0
CUST-103251,2025-02-01,Paid Search,Ahmedabad,Female,29,0,Standard,Annual,Debit Card,No,1,585.0,1,1,15,17.0,2026-05-29,8775.0,,0
CUST-103252,2024-06-17,Paid Social,Pune,Female,31,0,Premium,Annual,Credit Card,Yes,0,791.0,1,1,23,22.0,2026-05-19,18193.0,,0
CUST-103253,2024-12-28,Paid Social,Hyderabad,Male,47,0,Basic,Monthly,UPI,Yes,1,262.0,1,1,17,3.0,2026-05-07,4454.0,,0
CUST-103254,2024-09-03,Organic Search,Delhi,Female,29,0,Basic,Monthly,Debit Card,No,2,344.0,1,1,1,25.0,2024-10-03,344.0,2024-10-03,1
CUST-103255,2024-06-24,Affiliate,Pune,Male,36,0,Premium,Annual,Debit Card,Yes,1,863.0,1,1,23,25.0,2026-05-30,19849.0,,0
CUST-103256,2026-01-10,Organic Search,Surat,Male,54,0,Basic,Annual,UPI,Yes,1,277.0,1,1,4,13.0,2026-05-29,1108.0,,0
CUST-103257,2024-08-19,Paid Social,Mumbai,Female,63,1,Basic,Annual,Debit Card,Yes,2,328.0,1,1,21,16.0,2026-05-11,6888.0,,0
CUST-103258,2025-12-08,Paid Search,Bengaluru,Male,53,0,Basic,Monthly,Net Banking,No,0,215.0,1,1,0,25.0,2025-12-08,215.0,2025-12-08,1
CUST-103259,2025-09-30,Organic Search,Pune,Male,45,0,Basic,Monthly,Debit Card,Yes,3,379.0,1,1,5,25.0,2026-02-27,1895.0,2026-02-27,1
CUST-103260,2025-05-08,Organic Search,Bengaluru,Female,54,0,Standard,Monthly,Debit Card,Yes,0,509.0,1,1,12,23.0,2026-05-25,6108.0,,0
CUST-103261,2025-01-19,Referral,Kolkata,Male,39,0,Premium,Monthly,Debit Card,No,1,887.0,1,1,2,6.0,2025-03-20,1774.0,2025-03-20,1
CUST-103262,2025-03-08,Organic Search,Pune,Male,32,0,Standard,Monthly,UPI,Yes,3,675.0,1,1,14,21.0,2026-05-21,9450.0,,0
CUST-103263,2025-01-13,Paid Social,Bengaluru,Male,56,0,Standard,Monthly,UPI,Yes,3,686.0,1,1,16,28.0,2026-05-29,10976.0,,0
CUST-103264,2025-02-08,Paid Social,Ahmedabad,Male,25,0,Standard,Monthly,Credit Card,Yes,1,550.0,1,1,15,12.0,2026-05-06,8250.0,,0
CUST-103265,2024-12-13,Organic Search,Hyderabad,Female,65,1,Premium,Monthly,UPI,No,1,875.0,0,0,17,13.0,2026-05-14,14875.0,,0
CUST-103266,2026-05-11,Organic Search,Mumbai,Male,40,0,Basic,Monthly,Debit Card,No,3,355.0,1,1,0,22.0,2026-05-11,355.0,2026-05-11,1
CUST-103267,2026-04-01,Referral,Ahmedabad,Male,60,1,Standard,Two-Year,Debit Card,No,1,555.0,1,1,1,14.0,2026-05-09,555.0,,0
CUST-103268,2026-02-23,Email,Bengaluru,Female,23,0,Basic,Two-Year,UPI,Yes,0,215.0,1,1,3,27.0,2026-05-31,645.0,,0
CUST-103269,2026-02-02,Organic Search,Bengaluru,Female,43,0,Basic,Monthly,Wallet,Yes,1,257.0,1,1,3,22.0,2026-05-21,771.0,,0
CUST-103270,2024-12-08,Email,Surat,Female,39,0,Standard,Annual,Wallet,No,0,473.0,1,1,17,18.0,2026-05-02,8041.0,,0
CUST-103271,2026-02-23,Paid Search,Hyderabad,Male,36,0,Standard,Monthly,UPI,Yes,3,668.0,1,1,3,36.0,2026-05-03,2004.0,,0
CUST-103272,2025-05-03,Paid Search,Chennai,Female,44,0,Premium,Two-Year,Credit Card,No,0,790.0,1,1,12,17.0,2026-05-18,9480.0,,0
CUST-103273,2024-09-28,Referral,Delhi,Female,52,0,Standard,Annual,UPI,Yes,0,523.0,1,1,20,21.0,2026-05-14,10460.0,,0
CUST-103274,2025-11-26,Referral,Bengaluru,Female,66,1,Basic,Monthly,Wallet,Yes,2,332.0,1,1,6,13.0,2026-05-07,1992.0,,0
CUST-103275,2026-05-05,Affiliate,Surat,Male,60,1,Basic,Monthly,Credit Card,No,1,273.0,1,1,0,15.0,2026-05-05,273.0,2026-05-05,1
CUST-103276,2026-01-23,Paid Social,Delhi,Male,30,0,Basic,Two-Year,Debit Card,Yes,2,301.0,1,1,4,27.0,2026-05-21,1204.0,,0
CUST-103277,2024-06-14,Paid Search,Chennai,Male,68,1,Basic,Two-Year,Wallet,Yes,2,320.0,1,0,23,25.0,2026-05-12,7360.0,,0
CUST-103278,2024-08-28,Paid Social,Bengaluru,Female,43,0,Standard,Monthly,Debit Card,Yes,2,643.0,1,1,21,12.0,2026-05-20,13503.0,,0
CUST-103279,2024-09-05,Organic Search,Mumbai,Male,41,0,Standard,Annual,Net Banking,Yes,1,573.0,1,1,20,10.0,2026-05-14,11460.0,,0
CUST-103280,2026-04-28,Paid Search,Pune,Female,18,0,Basic,Monthly,UPI,Yes,1,252.0,1,1,1,19.0,2026-05-11,252.0,,0
CUST-103281,2025-06-22,Organic Search,Mumbai,Male,52,0,Basic,Annual,UPI,No,0,212.0,1,1,11,20.0,2026-05-30,2332.0,,0
CUST-103282,2026-01-19,Paid Social,Ahmedabad,Female,64,1,Basic,Monthly,Credit Card,Yes,3,360.0,1,0,4,6.0,2026-05-18,1440.0,,0
CUST-103283,2024-09-08,Organic Search,Mumbai,Male,33,0,Standard,Monthly,Net Banking,Yes,0,487.0,1,1,20,31.0,2026-05-14,9740.0,,0
CUST-103284,2025-06-03,Organic Search,Mumbai,Male,63,1,Basic,Monthly,UPI,No,1,231.0,1,1,4,19.0,2025-10-01,924.0,2025-10-01,1
CUST-103285,2025-02-27,Paid Search,Delhi,Male,22,0,Basic,Annual,Credit Card,Yes,0,198.0,1,1,15,4.0,2026-05-12,2970.0,,0
CUST-103286,2025-05-31,Paid Search,Kolkata,Female,68,1,Basic,Monthly,Net Banking,Yes,2,329.0,1,1,12,23.0,2026-05-18,3948.0,,0
CUST-103287,2025-10-02,Paid Social,Delhi,Male,31,0,Basic,Annual,UPI,Yes,1,245.0,1,0,7,6.0,2026-05-23,1715.0,,0
CUST-103288,2025-06-05,Organic Search,Chennai,Male,43,0,Basic,Two-Year,Debit Card,No,2,318.0,1,1,11,15.0,2026-05-29,3498.0,,0
CUST-103289,2024-07-24,Paid Social,Bengaluru,Female,18,0,Premium,Monthly,UPI,Yes,1,847.0,1,1,22,22.0,2026-05-25,18634.0,,0
CUST-103290,2026-01-16,Paid Social,Ahmedabad,Female,64,1,Basic,Two-Year,UPI,Yes,3,371.0,1,0,4,13.0,2026-05-07,1484.0,,0
CUST-103291,2026-03-24,Referral,Mumbai,Female,44,0,Basic,Annual,UPI,Yes,3,364.0,1,1,2,17.0,2026-05-14,728.0,,0
CUST-103292,2025-07-04,Paid Search,Jaipur,Female,68,1,Basic,Annual,Net Banking,Yes,2,338.0,1,0,10,26.0,2026-05-05,3380.0,,0
CUST-103293,2024-10-12,Paid Search,Pune,Male,37,0,Basic,Monthly,UPI,Yes,3,369.0,1,1,19,22.0,2026-05-22,7011.0,,0
CUST-103294,2026-01-14,Paid Social,Jaipur,Female,21,0,Premium,Monthly,UPI,Yes,1,856.0,0,0,4,12.0,2026-05-28,3424.0,,0
CUST-103295,2025-08-11,Email,Delhi,Male,53,0,Standard,Two-Year,Debit Card,Yes,0,492.0,1,0,9,16.0,2026-05-06,4428.0,,0
CUST-103296,2026-02-20,Referral,Hyderabad,Female,26,0,Standard,Annual,UPI,Yes,1,564.0,1,1,3,32.0,2026-05-11,1692.0,,0
CUST-103297,2025-08-23,Paid Search,Chennai,Female,49,0,Standard,Annual,Credit Card,Yes,0,537.0,1,1,9,23.0,2026-05-06,4833.0,,0
CUST-103298,2025-10-26,Paid Social,Surat,Male,19,0,Basic,Monthly,Credit Card,Yes,0,242.0,1,0,7,3.0,2026-05-30,1694.0,,0
CUST-103299,2025-12-24,Organic Search,Ahmedabad,Male,26,0,Basic,Monthly,Wallet,Yes,3,376.0,1,1,5,32.0,2026-05-22,1880.0,,0
CUST-103300,2024-07-05,Email,Jaipur,Female,51,0,Basic,Monthly,Net Banking,No,1,266.0,1,1,11,16.0,2025-05-31,2926.0,2025-05-31,1
CUST-103301,2024-11-26,Paid Social,Delhi,Female,53,0,Premium,Annual,UPI,No,2,934.0,0,0,18,19.0,2026-05-21,16812.0,,0
CUST-103302,2025-04-23,Organic Search,Chennai,Female,25,0,Standard,Two-Year,Debit Card,Yes,1,579.0,1,1,13,13.0,2026-05-29,7527.0,,0
CUST-103303,2025-10-29,Email,Bengaluru,Female,27,0,Basic,Monthly,Credit Card,Yes,2,329.0,1,1,3,18.0,2026-01-27,987.0,2026-01-27,1
CUST-103304,2024-12-04,Referral,Bengaluru,Female,62,1,Standard,Monthly,UPI,Yes,1,576.0,1,1,17,21.0,2026-05-05,9792.0,,0
CUST-103305,2025-04-24,Organic Search,Delhi,Male,18,0,Basic,Monthly,Credit Card,No,2,326.0,1,1,3,20.0,2025-07-23,978.0,2025-07-23,1
CUST-103306,2024-07-02,Organic Search,Chennai,Female,29,0,Basic,Monthly,Net Banking,No,2,310.0,1,1,1,32.0,2024-08-01,310.0,2024-08-01,1
CUST-103307,2025-09-05,Organic Search,Mumbai,Male,68,1,Basic,Monthly,Debit Card,Yes,0,216.0,1,1,8,8.0,2026-05-20,1728.0,,0
CUST-103308,2025-09-16,Paid Search,Bengaluru,Female,46,0,Basic,Monthly,Credit Card,No,2,322.0,1,1,8,19.0,2026-05-03,2576.0,,0
CUST-103309,2025-07-05,Organic Search,Bengaluru,Female,19,0,Basic,Annual,UPI,Yes,1,265.0,1,1,1,5.0,2025-08-04,265.0,2025-08-04,1
CUST-103310,2025-06-09,Email,Hyderabad,Male,64,1,Premium,Monthly,Debit Card,No,2,899.0,1,1,11,16.0,2026-05-27,9889.0,,0
CUST-103311,2026-05-29,Email,Bengaluru,Female,35,0,Basic,Two-Year,Credit Card,No,1,248.0,1,1,0,27.0,2026-05-29,248.0,,0
CUST-103312,2024-07-15,Paid Search,Hyderabad,Female,55,0,Basic,Two-Year,Credit Card,Yes,1,254.0,0,0,22,30.0,2026-05-04,5588.0,,0
CUST-103313,2025-10-31,Paid Search,Bengaluru,Male,51,0,Basic,Monthly,Wallet,No,1,268.0,1,0,7,25.0,2026-05-24,1876.0,,0
CUST-103314,2025-08-28,Paid Social,Pune,Female,37,0,Basic,Annual,Wallet,Yes,0,227.0,1,1,2,13.0,2025-10-27,454.0,2025-10-27,1
CUST-103315,2025-04-25,Organic Search,Pune,Female,37,0,Basic,Monthly,Wallet,No,3,391.0,0,0,13,18.0,2026-05-09,5083.0,,0
CUST-103316,2024-10-17,Referral,Hyderabad,Male,46,0,Basic,Monthly,Debit Card,Yes,2,317.0,1,1,19,15.0,2026-05-09,6023.0,,0
CUST-103317,2026-04-13,Organic Search,Chennai,Male,37,0,Basic,Monthly,Credit Card,Yes,0,185.0,1,0,1,12.0,2026-05-25,185.0,,0
CUST-103318,2026-04-15,Organic Search,Bengaluru,Male,27,0,Basic,Monthly,UPI,Yes,0,218.0,1,1,1,25.0,2026-05-16,218.0,,0
CUST-103319,2025-02-03,Paid Social,Mumbai,Female,55,0,Basic,Annual,Wallet,Yes,0,205.0,1,1,15,23.0,2026-05-15,3075.0,,0
CUST-103320,2025-10-22,Organic Search,Pune,Male,53,0,Standard,Annual,Credit Card,Yes,1,512.0,1,1,7,16.0,2026-05-24,3584.0,,0
CUST-103321,2024-08-18,Paid Social,Ahmedabad,Male,49,0,Premium,Annual,UPI,Yes,3,995.0,1,0,21,20.0,2026-05-22,20895.0,,0
CUST-103322,2024-06-03,Referral,Mumbai,Female,56,0,Basic,Annual,UPI,Yes,2,325.0,1,1,23,20.0,2026-05-16,7475.0,,0
CUST-103323,2026-05-06,Affiliate,Chennai,Female,44,0,Standard,Annual,Net Banking,No,3,648.0,1,0,0,19.0,2026-05-07,648.0,,0
CUST-103324,2026-02-26,Paid Search,Delhi,Female,66,1,Standard,Annual,UPI,Yes,1,569.0,1,1,3,21.0,2026-05-05,1707.0,,0
CUST-103325,2024-06-07,Affiliate,Bengaluru,Female,64,1,Standard,Two-Year,Debit Card,Yes,1,561.0,1,0,23,24.0,2026-05-02,12903.0,,0
CUST-103326,2024-07-18,Paid Social,Surat,Male,69,1,Standard,Annual,Debit Card,Yes,1,540.0,1,1,16,35.0,2025-11-10,8640.0,2025-11-10,1
CUST-103327,2024-09-19,Affiliate,Mumbai,Male,23,0,Standard,Monthly,UPI,Yes,1,590.0,1,1,20,19.0,2026-05-20,11800.0,,0
CUST-103328,2024-06-09,Paid Search,Ahmedabad,Female,23,0,Premium,Monthly,Net Banking,Yes,3,986.0,1,1,23,28.0,2026-05-12,22678.0,,0
CUST-103329,2025-02-27,Organic Search,Ahmedabad,Male,42,0,Basic,Monthly,Net Banking,Yes,2,313.0,1,1,7,13.0,2025-09-25,2191.0,2025-09-25,1
CUST-103330,2025-03-16,Email,Mumbai,Male,54,0,Standard,Monthly,UPI,Yes,3,668.0,0,0,14,22.0,2026-05-26,9352.0,,0
CUST-103331,2025-09-27,Paid Social,Hyderabad,Female,30,0,Standard,Annual,UPI,Yes,0,497.0,1,0,8,15.0,2026-05-26,3976.0,,0
CUST-103332,2024-09-22,Organic Search,Chennai,Male,23,0,Premium,Two-Year,Debit Card,Yes,3,977.0,0,0,20,28.0,2026-05-30,19540.0,,0
CUST-103333,2026-03-02,Organic Search,Bengaluru,Female,19,0,Standard,Two-Year,UPI,No,3,688.0,1,1,2,26.0,2026-05-26,1376.0,,0
CUST-103334,2026-01-18,Paid Social,Mumbai,Female,46,0,Premium,Monthly,UPI,No,2,916.0,1,0,4,21.0,2026-05-16,3664.0,,0
CUST-103335,2025-10-24,Paid Social,Bengaluru,Female,68,1,Standard,Monthly,Wallet,No,1,554.0,0,0,7,12.0,2026-05-15,3878.0,,0
CUST-103336,2026-04-20,Paid Search,Ahmedabad,Male,42,0,Standard,Monthly,UPI,No,2,622.0,1,1,1,17.0,2026-05-24,622.0,,0
CUST-103337,2024-10-18,Affiliate,Hyderabad,Male,56,0,Premium,Annual,Credit Card,Yes,0,793.0,1,1,19,9.0,2026-05-11,15067.0,,0
CUST-103338,2025-12-24,Paid Social,Pune,Female,20,0,Standard,Annual,UPI,No,0,498.0,0,0,5,16.0,2026-05-12,2490.0,,0
CUST-103339,2025-04-15,Paid Search,Ahmedabad,Female,29,0,Standard,Annual,UPI,No,2,640.0,1,1,13,21.0,2026-05-03,8320.0,,0
CUST-103340,2025-02-24,Paid Social,Chennai,Male,53,0,Standard,Two-Year,UPI,No,3,672.0,0,0,15,32.0,2026-05-24,10080.0,,0
CUST-103341,2025-10-09,Affiliate,Hyderabad,Male,38,0,Basic,Monthly,UPI,Yes,2,317.0,1,1,7,19.0,2026-05-23,2219.0,,0
CUST-103342,2024-12-30,Organic Search,Delhi,Female,19,0,Premium,Monthly,Debit Card,Yes,0,788.0,1,1,7,13.0,2025-07-28,5516.0,2025-07-28,1
CUST-103343,2024-06-14,Organic Search,Pune,Male,29,0,Premium,Annual,Net Banking,No,3,996.0,1,1,23,27.0,2026-05-14,22908.0,,0
CUST-103344,2025-02-05,Paid Search,Pune,Male,59,0,Standard,Monthly,Credit Card,Yes,1,534.0,1,1,15,8.0,2026-05-25,8010.0,,0
CUST-103345,2025-12-21,Referral,Mumbai,Male,53,0,Basic,Monthly,Net Banking,Yes,2,307.0,1,1,5,23.0,2026-05-22,1535.0,,0
CUST-103346,2024-08-03,Referral,Mumbai,Male,60,1,Basic,Monthly,UPI,Yes,3,390.0,1,1,3,18.0,2024-11-01,1170.0,2024-11-01,1
CUST-103347,2026-02-13,Paid Search,Hyderabad,Male,36,0,Basic,Annual,Credit Card,Yes,0,197.0,1,1,3,9.0,2026-05-12,591.0,,0
CUST-103348,2026-03-21,Referral,Jaipur,Male,66,1,Basic,Two-Year,Net Banking,Yes,0,212.0,1,0,2,18.0,2026-05-05,424.0,,0
CUST-103349,2025-05-12,Paid Social,Bengaluru,Female,65,1,Standard,Monthly,Debit Card,No,2,616.0,0,0,12,0.0,2026-05-13,7392.0,,0
CUST-103350,2024-11-25,Organic Search,Bengaluru,Male,37,0,Premium,Monthly,Wallet,No,1,849.0,0,0,18,19.0,2026-05-06,15282.0,,0
CUST-103351,2026-01-14,Organic Search,Pune,Male,28,0,Standard,Two-Year,Credit Card,No,0,497.0,1,1,4,18.0,2026-05-15,1988.0,,0
CUST-103352,2024-11-30,Organic Search,Bengaluru,Male,68,1,Basic,Monthly,Wallet,No,0,180.0,1,1,18,11.0,2026-05-15,3240.0,,0
CUST-103353,2024-10-30,Paid Social,Ahmedabad,Female,36,0,Premium,Annual,UPI,Yes,0,787.0,0,0,19,23.0,2026-05-10,14953.0,,0
CUST-103354,2025-11-04,Paid Search,Delhi,Male,43,0,Premium,Two-Year,UPI,Yes,1,873.0,1,1,6,23.0,2026-05-16,5238.0,,0
CUST-103355,2025-01-19,Paid Social,Kolkata,Male,66,1,Standard,Monthly,UPI,No,1,555.0,0,0,16,6.0,2026-05-15,8880.0,,0
CUST-103356,2025-08-25,Paid Search,Chennai,Female,31,0,Basic,Monthly,Net Banking,Yes,3,379.0,1,0,9,25.0,2026-05-27,3411.0,,0
CUST-103357,2024-11-14,Paid Social,Jaipur,Female,64,1,Standard,Monthly,UPI,Yes,0,501.0,1,1,18,18.0,2026-05-30,9018.0,,0
CUST-103358,2026-05-01,Referral,Mumbai,Female,26,0,Basic,Monthly,UPI,No,1,235.0,1,1,0,15.0,2026-05-08,235.0,,0
CUST-103359,2024-11-09,Paid Search,Bengaluru,Male,33,0,Basic,Monthly,Wallet,No,1,236.0,1,1,18,16.0,2026-05-23,4248.0,,0
CUST-103360,2026-05-17,Paid Social,Pune,Male,38,0,Standard,Monthly,Debit Card,Yes,0,505.0,1,1,0,25.0,2026-05-02,505.0,,0
CUST-103361,2025-12-05,Paid Social,Mumbai,Male,43,0,Standard,Monthly,UPI,No,3,673.0,1,0,5,20.0,2026-05-05,3365.0,,0
CUST-103362,2025-04-01,Paid Search,Mumbai,Female,30,0,Basic,Annual,UPI,No,3,376.0,1,1,13,15.0,2026-05-29,4888.0,,0
CUST-103363,2025-10-12,Paid Search,Chennai,Male,63,1,Premium,Monthly,Debit Card,No,0,808.0,1,1,7,16.0,2026-05-10,5656.0,2026-05-10,1
CUST-103364,2026-04-03,Paid Social,Pune,Male,52,0,Premium,Monthly,Wallet,No,2,905.0,1,1,1,6.0,2026-05-03,905.0,2026-05-03,1
CUST-103365,2025-08-31,Paid Social,Pune,Male,52,0,Standard,Monthly,Debit Card,Yes,1,550.0,1,0,9,18.0,2026-05-11,4950.0,,0
CUST-103366,2026-04-28,Referral,Mumbai,Female,56,0,Basic,Annual,UPI,No,0,194.0,1,1,1,13.0,2026-05-07,194.0,,0
CUST-103367,2026-04-01,Paid Search,Bengaluru,Male,51,0,Basic,Monthly,Credit Card,No,0,204.0,1,1,1,11.0,2026-05-10,204.0,,0
CUST-103368,2026-02-15,Organic Search,Ahmedabad,Male,51,0,Standard,Monthly,Credit Card,Yes,1,554.0,1,1,3,11.0,2026-05-10,1662.0,,0
CUST-103369,2026-04-01,Paid Social,Ahmedabad,Female,52,0,Premium,Two-Year,Wallet,No,2,910.0,1,1,1,16.0,2026-05-17,910.0,,0
CUST-103370,2026-04-11,Affiliate,Bengaluru,Female,55,0,Standard,Annual,Debit Card,Yes,1,584.0,1,0,1,19.0,2026-05-12,584.0,,0
CUST-103371,2024-06-18,Organic Search,Delhi,Female,65,1,Basic,Annual,Net Banking,Yes,1,260.0,1,1,23,15.0,2026-05-18,5980.0,,0
CUST-103372,2025-08-12,Affiliate,Surat,Female,28,0,Basic,Annual,Credit Card,Yes,2,329.0,1,1,9,16.0,2026-05-13,2961.0,,0
CUST-103373,2025-09-30,Organic Search,Bengaluru,Male,44,0,Basic,Monthly,UPI,Yes,0,172.0,1,1,8,17.0,2026-05-07,1376.0,,0
CUST-103374,2024-08-23,Paid Search,Ahmedabad,Female,27,0,Standard,Monthly,Debit Card,Yes,0,480.0,1,1,21,14.0,2026-05-29,10080.0,,0
CUST-103375,2025-09-27,Paid Social,Ahmedabad,Male,27,0,Standard,Monthly,Debit Card,No,3,688.0,1,1,8,18.0,2026-05-04,5504.0,,0
CUST-103376,2026-02-17,Organic Search,Hyderabad,Female,67,1,Basic,Annual,UPI,Yes,0,195.0,1,1,3,12.0,2026-05-03,585.0,,0
CUST-103377,2025-11-23,Affiliate,Mumbai,Male,42,0,Standard,Two-Year,Debit Card,No,2,613.0,1,1,6,15.0,2026-05-27,3678.0,,0
CUST-103378,2025-01-11,Paid Social,Mumbai,Female,54,0,Premium,Annual,UPI,Yes,0,785.0,1,1,16,16.0,2026-05-24,12560.0,,0
CUST-103379,2025-05-24,Email,Delhi,Female,55,0,Basic,Monthly,Debit Card,No,3,394.0,1,0,12,26.0,2026-05-27,4728.0,,0
CUST-103380,2026-04-06,Paid Social,Mumbai,Male,19,0,Basic,Annual,Debit Card,Yes,2,329.0,1,0,1,18.0,2026-05-09,329.0,,0
CUST-103381,2024-12-15,Affiliate,Pune,Male,43,0,Standard,Annual,UPI,No,3,678.0,1,1,17,21.0,2026-05-30,11526.0,,0
CUST-103382,2025-06-14,Email,Bengaluru,Female,27,0,Premium,Monthly,Debit Card,No,3,983.0,1,1,11,12.0,2026-05-24,10813.0,,0
CUST-103383,2026-02-01,Paid Search,Ahmedabad,Male,34,0,Basic,Monthly,Credit Card,No,1,254.0,1,1,3,15.0,2026-05-25,762.0,,0
CUST-103384,2025-05-24,Organic Search,Chennai,Female,27,0,Basic,Monthly,Credit Card,Yes,1,249.0,1,1,12,15.0,2026-05-12,2988.0,,0
CUST-103385,2024-08-19,Referral,Delhi,Male,52,0,Standard,Monthly,Wallet,Yes,3,671.0,1,1,21,24.0,2026-05-07,14091.0,,0
CUST-103386,2026-01-28,Paid Search,Pune,Female,24,0,Basic,Annual,Wallet,No,2,330.0,1,0,4,21.0,2026-05-26,1320.0,,0
CUST-103387,2025-02-04,Email,Ahmedabad,Female,41,0,Premium,Monthly,UPI,Yes,2,913.0,1,1,15,38.0,2026-05-15,13695.0,,0
CUST-103388,2025-03-11,Paid Social,Pune,Male,33,0,Standard,Annual,Debit Card,Yes,1,560.0,1,0,14,15.0,2026-05-06,7840.0,,0
CUST-103389,2026-02-05,Organic Search,Mumbai,Female,68,1,Basic,Monthly,Credit Card,Yes,1,253.0,1,0,3,21.0,2026-05-19,759.0,,0
CUST-103390,2024-08-17,Organic Search,Bengaluru,Female,58,0,Premium,Monthly,Net Banking,No,1,873.0,1,1,21,22.0,2026-05-28,18333.0,,0
CUST-103391,2025-11-27,Referral,Delhi,Female,36,0,Standard,Annual,UPI,No,3,669.0,1,1,1,28.0,2025-12-27,669.0,2025-12-27,1
CUST-103392,2025-12-24,Email,Surat,Female,33,0,Standard,Annual,Credit Card,No,1,582.0,1,0,5,17.0,2026-05-17,2910.0,,0
CUST-103393,2026-03-14,Organic Search,Mumbai,Female,55,0,Basic,Annual,UPI,Yes,1,250.0,1,1,2,37.0,2026-05-10,500.0,,0
CUST-103394,2024-12-29,Referral,Jaipur,Male,50,0,Standard,Annual,Wallet,No,2,610.0,1,0,17,15.0,2026-05-05,10370.0,,0
CUST-103395,2024-06-18,Email,Jaipur,Male,46,0,Premium,Annual,Wallet,No,1,889.0,1,1,23,23.0,2026-05-24,20447.0,,0
CUST-103396,2026-02-07,Organic Search,Delhi,Male,21,0,Basic,Monthly,UPI,No,0,183.0,0,0,3,19.0,2026-05-07,549.0,,0
CUST-103397,2024-09-21,Organic Search,Delhi,Female,22,0,Basic,Annual,Credit Card,Yes,1,258.0,1,1,20,8.0,2026-05-21,5160.0,,0
CUST-103398,2026-03-30,Referral,Delhi,Female,51,0,Premium,Monthly,UPI,No,2,934.0,1,1,2,10.0,2026-05-08,1868.0,,0
CUST-103399,2025-11-01,Paid Search,Surat,Male,42,0,Basic,Annual,UPI,No,3,356.0,0,0,6,31.0,2026-05-13,2136.0,,0
CUST-103400,2025-03-13,Organic Search,Pune,Female,61,1,Basic,Annual,UPI,No,1,263.0,1,1,14,21.0,2026-05-26,3682.0,,0
CUST-103401,2025-02-26,Affiliate,Bengaluru,Male,19,0,Basic,Monthly,Net Banking,Yes,3,356.0,0,0,15,13.0,2026-05-10,5340.0,,0
CUST-103402,2025-10-02,Paid Search,Ahmedabad,Female,27,0,Standard,Monthly,UPI,No,3,680.0,1,1,7,31.0,2026-05-11,4760.0,,0
CUST-103403,2026-02-12,Affiliate,Chennai,Female,59,0,Standard,Annual,Credit Card,No,0,530.0,1,1,3,15.0,2026-05-06,1590.0,,0
CUST-103404,2024-06-13,Affiliate,Ahmedabad,Female,68,1,Basic,Monthly,Wallet,Yes,0,164.0,1,1,23,22.0,2026-05-22,3772.0,,0
CUST-103405,2024-06-16,Affiliate,Ahmedabad,Female,56,0,Basic,Annual,UPI,No,2,318.0,1,1,23,33.0,2026-05-28,7314.0,,0
CUST-103406,2025-12-31,Paid Search,Mumbai,Female,18,0,Standard,Annual,Credit Card,No,1,552.0,1,1,4,18.0,2026-04-30,2208.0,2026-04-30,1
CUST-103407,2025-03-26,Organic Search,Bengaluru,Male,20,0,Standard,Monthly,Wallet,No,0,484.0,1,1,14,1.0,2026-05-17,6776.0,,0
CUST-103408,2025-05-01,Paid Search,Kolkata,Male,63,1,Basic,Annual,Net Banking,Yes,3,356.0,1,0,12,18.0,2026-05-04,4272.0,,0
CUST-103409,2024-06-08,Organic Search,Chennai,Male,43,0,Standard,Two-Year,UPI,Yes,3,695.0,1,0,23,10.0,2026-05-27,15985.0,,0
CUST-103410,2024-12-10,Paid Search,Mumbai,Female,43,0,Standard,Monthly,UPI,Yes,0,502.0,0,0,17,9.0,2026-05-23,8534.0,,0
CUST-103411,2025-08-13,Organic Search,Delhi,Female,68,1,Basic,Monthly,Debit Card,Yes,0,171.0,1,1,9,25.0,2026-05-17,1539.0,,0
CUST-103412,2026-03-01,Paid Search,Chennai,Male,30,0,Basic,Annual,UPI,Yes,3,365.0,1,1,2,18.0,2026-05-06,730.0,,0
CUST-103413,2024-09-01,Organic Search,Bengaluru,Male,32,0,Premium,Annual,Credit Card,No,0,791.0,1,1,20,9.0,2026-05-03,15820.0,,0
CUST-103414,2025-03-26,Paid Social,Mumbai,Male,53,0,Premium,Annual,UPI,Yes,0,775.0,0,0,14,26.0,2026-05-02,10850.0,,0
CUST-103415,2025-11-20,Organic Search,Delhi,Female,65,1,Basic,Annual,Net Banking,Yes,2,320.0,1,1,6,20.0,2026-05-11,1920.0,,0
CUST-103416,2026-01-22,Paid Search,Pune,Male,37,0,Premium,Annual,UPI,Yes,0,803.0,1,1,4,19.0,2026-05-31,3212.0,,0
CUST-103417,2025-05-23,Referral,Surat,Female,25,0,Standard,Monthly,Credit Card,No,2,623.0,1,0,12,11.0,2026-05-31,7476.0,,0
CUST-103418,2025-04-03,Organic Search,Pune,Male,20,0,Premium,Monthly,Net Banking,No,1,889.0,1,1,13,26.0,2026-05-02,11557.0,,0
CUST-103419,2026-01-29,Affiliate,Ahmedabad,Female,18,0,Premium,Annual,UPI,Yes,1,845.0,1,0,4,18.0,2026-05-06,3380.0,,0
CUST-103420,2026-04-24,Affiliate,Hyderabad,Female,37,0,Standard,Monthly,Debit Card,Yes,3,672.0,1,1,1,27.0,2026-05-13,672.0,,0
CUST-103421,2025-12-12,Paid Social,Mumbai,Male,45,0,Standard,Two-Year,Wallet,Yes,2,611.0,0,0,5,9.0,2026-05-12,3055.0,,0
CUST-103422,2025-10-02,Paid Search,Kolkata,Female,43,0,Basic,Monthly,Debit Card,No,1,272.0,1,0,7,25.0,2026-05-22,1904.0,,0
CUST-103423,2025-10-18,Paid Social,Delhi,Male,30,0,Standard,Monthly,UPI,No,3,690.0,1,0,7,22.0,2026-05-19,4830.0,,0
CUST-103424,2025-09-30,Organic Search,Mumbai,Female,53,0,Basic,Annual,Wallet,No,0,182.0,1,1,8,12.0,2026-05-07,1456.0,,0
CUST-103425,2025-06-12,Paid Search,Bengaluru,Male,63,1,Standard,Monthly,UPI,No,0,521.0,1,1,11,11.0,2026-05-18,5731.0,,0
CUST-103426,2024-08-30,Organic Search,Mumbai,Female,30,0,Basic,Monthly,UPI,No,1,245.0,1,1,21,15.0,2026-05-27,5145.0,,0
CUST-103427,2026-03-15,Affiliate,Mumbai,Male,53,0,Premium,Two-Year,UPI,Yes,1,872.0,0,0,2,21.0,2026-05-08,1744.0,,0
CUST-103428,2025-11-27,Email,Bengaluru,Female,46,0,Premium,Annual,Debit Card,Yes,3,991.0,1,1,6,24.0,2026-05-20,5946.0,,0
CUST-103429,2025-02-08,Affiliate,Hyderabad,Male,53,0,Basic,Monthly,UPI,Yes,1,265.0,1,1,3,29.0,2025-05-09,795.0,2025-05-09,1
CUST-103430,2025-06-15,Paid Search,Chennai,Female,18,0,Standard,Monthly,UPI,Yes,1,554.0,1,0,11,3.0,2026-05-24,6094.0,,0
CUST-103431,2024-07-25,Paid Search,Delhi,Male,53,0,Premium,Annual,Credit Card,Yes,2,914.0,1,1,22,26.0,2026-05-21,20108.0,,0
CUST-103432,2025-11-06,Email,Ahmedabad,Male,56,0,Standard,Monthly,UPI,Yes,1,566.0,0,0,6,4.0,2026-05-20,3396.0,,0
CUST-103433,2025-03-27,Organic Search,Bengaluru,Female,53,0,Premium,Monthly,Net Banking,Yes,2,927.0,1,1,14,38.0,2026-05-10,12978.0,,0
CUST-103434,2026-02-23,Organic Search,Delhi,Male,61,1,Standard,Monthly,Credit Card,Yes,1,570.0,1,1,2,27.0,2026-04-24,1140.0,2026-04-24,1
CUST-103435,2024-11-11,Paid Search,MUMBAI,Male,56,0,Basic,Annual,Credit Card,No,1,270.0,0,0,18,18.0,2026-05-08,4860.0,,0
CUST-103436,2025-10-26,Paid Social,Kolkata,Female,69,1,Standard,Monthly,UPI,Yes,3,684.0,1,1,2,23.0,2025-12-25,1368.0,2025-12-25,1
CUST-103437,2025-02-02,Paid Social,Surat,Male,52,0,Standard,Annual,Wallet,Yes,2,640.0,1,0,15,21.0,2026-05-09,9600.0,,0
CUST-103438,2025-05-30,Organic Search,Ahmedabad,Female,41,0,Basic,Monthly,UPI,Yes,0,190.0,1,0,12,12.0,2026-05-05,2280.0,,0
CUST-103439,2025-01-20,Paid Search,Chennai,Male,61,1,Standard,Annual,UPI,Yes,0,500.0,1,1,16,12.0,2026-05-23,8000.0,,0
CUST-103440,2026-02-12,Organic Search,Pune,Female,54,0,Standard,Monthly,UPI,No,1,551.0,1,0,3,16.0,2026-05-06,1653.0,,0
CUST-103441,2024-10-30,Organic Search,Mumbai,Female,47,0,Basic,Monthly,Wallet,Yes,1,296.0,1,1,19,0.0,2026-05-11,5624.0,,0
CUST-103442,2025-11-21,Organic Search,Pune,Male,48,0,Basic,Annual,Debit Card,No,2,330.0,1,1,6,30.0,2026-05-14,1980.0,,0
CUST-103443,2024-06-19,Paid Social,Ahmedabad,Male,36,0,Basic,Monthly,UPI,No,2,334.0,1,0,23,29.0,2026-05-28,7682.0,,0
CUST-103444,2025-12-10,Affiliate,Ahmedabad,Female,49,0,Basic,Two-Year,UPI,No,3,386.0,1,1,5,22.0,2026-05-06,1930.0,,0
CUST-103445,2025-05-11,Paid Social,Surat,Female,42,0,Standard,Annual,Credit Card,Yes,1,558.0,1,0,12,28.0,2026-05-03,6696.0,,0
CUST-103446,2026-03-27,Referral,Pune,Male,24,0,Basic,Monthly,UPI,Yes,2,359.0,1,1,0,17.0,2026-03-27,359.0,2026-03-27,1
CUST-103447,2025-03-26,Referral,Mumbai,Male,40,0,Premium,Annual,Debit Card,Yes,3,997.0,1,1,14,20.0,2026-05-10,13958.0,,0
CUST-103448,2024-09-09,Paid Social,Bengaluru,Male,67,1,Premium,Two-Year,UPI,No,0,794.0,1,1,20,19.0,2026-05-23,15880.0,,0
CUST-103449,2025-10-08,Affiliate,Jaipur,Female,35,0,Standard,Monthly,UPI,No,3,675.0,1,1,7,26.0,2026-05-07,4725.0,,0
CUST-103450,2025-05-30,Referral,Delhi,Female,53,0,Standard,Monthly,Net Banking,No,3,682.0,1,0,12,15.0,2026-05-02,8184.0,,0
CUST-103451,2024-07-02,Paid Search,Kolkata,Male,39,0,Premium,Annual,Credit Card,Yes,1,851.0,1,1,22,22.0,2026-05-23,18722.0,,0
CUST-103452,2024-08-30,Organic Search,Kolkata,Male,32,0,Basic,Monthly,UPI,Yes,3,374.0,1,1,21,25.0,2026-05-16,7854.0,,0
CUST-103453,2025-05-25,Organic Search,Delhi,Female,38,0,Basic,Annual,UPI,Yes,0,176.0,1,0,12,1.0,2026-05-30,2112.0,,0
CUST-103454,2025-11-29,Email,Hyderabad,Female,67,1,Basic,Monthly,Net Banking,No,0,163.0,1,1,6,13.0,2026-05-28,978.0,2026-05-28,1
CUST-103455,2026-05-19,Referral,Pune,Male,23,0,Basic,Annual,Net Banking,Yes,0,229.0,1,1,0,16.0,2026-05-06,229.0,,0
CUST-103456,2025-04-11,Email,Chennai,Male,52,0,Basic,Monthly,Debit Card,Yes,0,191.0,1,1,13,12.0,2026-05-02,2483.0,,0
CUST-103457,2026-04-25,Affiliate,Delhi,Male,61,1,Standard,Monthly,Net Banking,Yes,1,554.0,1,1,1,10.0,2026-05-17,554.0,,0
CUST-103458,2025-11-08,Organic Search,Ahmedabad,Female,27,0,Standard,Two-Year,UPI,Yes,1,560.0,1,1,6,23.0,2026-05-10,3360.0,,0
CUST-103459,2025-06-29,Referral,Mumbai,Male,57,0,Basic,Monthly,UPI,Yes,3,389.0,1,1,0,12.0,2025-06-29,389.0,2025-06-29,1
CUST-103460,2024-08-28,Paid Social,Pune,Male,51,0,Basic,Monthly,UPI,Yes,2,331.0,1,1,21,27.0,2026-05-03,6951.0,,0
CUST-103461,2026-02-05,Referral,Chennai,Female,35,0,Basic,Annual,UPI,Yes,0,214.0,1,1,3,16.0,2026-05-06,642.0,,0
CUST-103462,2025-08-27,Organic Search,Hyderabad,Female,27,0,Standard,Monthly,Net Banking,Yes,1,568.0,1,1,9,27.0,2026-05-29,5112.0,,0
CUST-103463,2025-12-27,Paid Social,Pune,Male,67,1,Basic,Monthly,UPI,Yes,1,255.0,1,1,5,13.0,2026-05-12,1275.0,,0
CUST-103464,2024-08-22,Referral,Ahmedabad,Male,28,0,Basic,Annual,Credit Card,Yes,0,218.0,1,1,21,25.0,2026-05-23,4578.0,,0
CUST-103465,2026-04-18,Referral,Ahmedabad,Male,67,1,Basic,Two-Year,UPI,No,2,316.0,1,1,1,25.0,2026-05-21,316.0,,0
CUST-103466,2025-02-13,Paid Search,Chennai,Male,51,0,Standard,Monthly,Net Banking,No,0,514.0,1,1,15,3.0,2026-05-12,7710.0,,0
CUST-103467,2025-03-24,Paid Social,Bengaluru,Male,62,1,Basic,Two-Year,Net Banking,No,2,296.0,1,0,14,19.0,2026-05-17,4144.0,,0
CUST-103468,2025-06-26,Paid Social,Chennai,Male,33,0,Standard,Annual,Debit Card,Yes,2,639.0,1,1,11,38.0,2026-05-31,7029.0,,0
CUST-103469,2024-06-24,Email,Mumbai,Male,19,0,Premium,Monthly,UPI,No,2,906.0,1,1,23,25.0,2026-05-10,20838.0,,0
CUST-103470,2025-10-18,Paid Social,Delhi,Female,52,0,Standard,Annual,Wallet,Yes,0,477.0,1,1,7,7.0,2026-05-04,3339.0,,0
CUST-103471,2024-12-09,Paid Social,Jaipur,Female,37,0,Basic,Monthly,Net Banking,Yes,2,300.0,1,1,15,17.0,2026-03-04,4500.0,2026-03-04,1
CUST-103472,2025-06-01,Paid Search,Mumbai,Male,46,0,Standard,Annual,Debit Card,No,1,562.0,1,1,8,25.0,2026-01-27,4496.0,2026-01-27,1
CUST-103473,2025-06-16,Paid Social,Ahmedabad,Female,41,0,Basic,Annual,Debit Card,Yes,3,413.0,0,0,11,26.0,2026-05-13,4543.0,,0
CUST-103474,2025-11-15,Paid Search,Pune,Male,34,0,Premium,Monthly,UPI,Yes,1,856.0,1,1,6,7.0,2026-05-10,5136.0,,0
CUST-103475,2026-01-06,Paid Social,Pune,Female,55,0,Standard,Monthly,Debit Card,Yes,1,557.0,1,0,4,2.0,2026-05-31,2228.0,,0
CUST-103476,2024-10-05,Affiliate,Jaipur,Female,44,0,Basic,Monthly,Wallet,No,1,271.0,1,1,15,23.0,2025-12-29,4065.0,2025-12-29,1
CUST-103477,2026-01-10,Affiliate,Kolkata,Female,51,0,Basic,Monthly,UPI,No,0,190.0,1,1,0,14.0,2026-01-10,190.0,2026-01-10,1
CUST-103478,2025-09-11,Email,Hyderabad,Female,52,0,Standard,Two-Year,UPI,Yes,1,557.0,1,1,8,27.0,2026-05-29,4456.0,,0
CUST-103479,2026-03-29,Paid Search,Ahmedabad,Male,53,0,Standard,Annual,UPI,Yes,2,614.0,1,1,2,23.0,2026-05-12,1228.0,,0
CUST-103480,2025-03-09,Paid Social,Bengaluru,Male,35,0,Basic,Annual,Wallet,Yes,3,409.0,1,0,14,14.0,2026-05-03,5726.0,,0
CUST-103481,2025-07-12,Referral,Kolkata,Male,57,0,Standard,Monthly,Credit Card,Yes,2,620.0,1,1,8,20.0,2026-03-09,4960.0,2026-03-09,1
CUST-103482,2024-09-21,Affiliate,Delhi,Male,29,0,Basic,Monthly,Wallet,Yes,1,270.0,1,0,20,14.0,2026-05-19,5400.0,,0
CUST-103483,2025-02-11,Paid Search,Surat,Female,67,1,Premium,Annual,Debit Card,Yes,0,788.0,1,0,15,18.0,2026-05-29,11820.0,,0
CUST-103484,2026-02-13,Referral,Pune,Male,60,1,Premium,Monthly,UPI,No,3,962.0,1,1,1,14.0,2026-03-15,962.0,2026-03-15,1
CUST-103485,2025-12-22,Referral,Ahmedabad,Male,46,0,Basic,Monthly,Credit Card,No,3,389.0,1,1,2,11.0,2026-02-20,778.0,2026-02-20,1
CUST-103486,2026-05-13,Referral,Bengaluru,Female,27,0,Basic,Monthly,UPI,Yes,1,263.0,1,1,0,18.0,2026-05-07,263.0,,0
CUST-103487,2026-02-16,Referral,Hyderabad,Female,65,1,Basic,Two-Year,Credit Card,Yes,2,334.0,1,1,3,16.0,2026-05-22,1002.0,,0
CUST-103488,2024-11-22,Organic Search,Ahmedabad,Female,46,0,Premium,Annual,Credit Card,No,3,966.0,1,1,18,30.0,2026-05-06,17388.0,,0
CUST-103489,2025-01-23,Paid Search,Delhi,Male,60,1,Basic,Monthly,Credit Card,Yes,1,258.0,1,1,16,17.0,2026-05-08,4128.0,,0
CUST-103490,2024-09-23,Paid Search,Hyderabad,Female,19,0,Basic,Two-Year,UPI,Yes,2,300.0,1,1,20,24.0,2026-05-11,6000.0,,0
CUST-103491,2025-06-04,Organic Search,Mumbai,Male,35,0,Standard,Annual,Credit Card,Yes,3,672.0,1,1,7,21.0,2025-12-31,4704.0,2025-12-31,1
CUST-103492,2025-12-10,Affiliate,Delhi,Female,33,0,Basic,Annual,Net Banking,Yes,2,297.0,1,1,5,23.0,2026-05-30,1485.0,,0
CUST-103493,2026-01-23,Paid Search,Hyderabad,Male,60,1,Basic,Monthly,UPI,Yes,2,315.0,1,1,0,23.0,2026-01-23,315.0,2026-01-23,1
CUST-103494,2026-05-24,Organic Search,Chennai,Male,42,0,Standard,Monthly,Wallet,Yes,3,699.0,1,1,0,22.0,2026-05-20,699.0,,0
CUST-103495,2025-02-06,Affiliate,Bengaluru,Female,24,0,Standard,Monthly,Credit Card,No,3,666.0,1,0,15,8.0,2026-05-31,9990.0,,0
CUST-103496,2025-04-02,Referral,Jaipur,Male,49,0,Standard,Annual,Debit Card,Yes,3,666.0,1,1,4,20.0,2025-07-31,2664.0,2025-07-31,1
CUST-103497,2025-07-25,Referral,Jaipur,Male,26,0,Basic,Annual,UPI,No,2,316.0,1,1,10,36.0,2026-05-08,3160.0,,0
CUST-103498,2025-12-29,Paid Social,Bengaluru,Male,41,0,Standard,Monthly,UPI,Yes,0,496.0,1,1,3,17.0,2026-03-29,1488.0,2026-03-29,1
CUST-103499,2026-05-02,Affiliate,Mumbai,Female,69,1,Standard,Monthly,Debit Card,Yes,2,631.0,1,1,0,16.0,2026-05-02,631.0,2026-05-02,1
CUST-103500,2024-09-16,Paid Social,Chennai,Female,40,0,Basic,Monthly,Wallet,Yes,1,240.0,1,1,10,14.0,2025-07-13,2400.0,2025-07-13,1
CUST-103501,2025-02-05,Paid Search,Mumbai,Male,40,0,Premium,Annual,Credit Card,No,0,761.0,1,1,15,27.0,2026-05-07,11415.0,,0
CUST-103502,2024-11-14,Organic Search,Chennai,Female,20,0,Basic,Monthly,UPI,Yes,3,380.0,1,1,18,26.0,2026-05-03,6840.0,,0
CUST-103503,2024-11-29,Paid Search,Pune,Male,41,0,Basic,Annual,Net Banking,Yes,1,284.0,1,1,18,11.0,2026-05-21,5112.0,,0
CUST-103504,2024-09-11,Referral,Delhi,Female,67,1,Premium,Two-Year,Wallet,Yes,2,916.0,1,1,20,35.0,2026-05-25,18320.0,,0
CUST-103505,2025-08-08,Paid Search,Bengaluru,Male,67,1,Basic,Annual,Debit Card,No,2,325.0,1,0,9,23.0,2026-05-08,2925.0,,0
CUST-103506,2025-09-29,Paid Search,Bengaluru,Male,68,1,Premium,Monthly,UPI,No,2,918.0,1,1,8,22.0,2026-05-07,7344.0,,0
CUST-103507,2025-04-14,Affiliate,Jaipur,Female,36,0,Basic,Annual,Credit Card,No,3,390.0,1,1,13,34.0,2026-05-02,5070.0,,0
CUST-103508,2025-08-03,Referral,Mumbai,Female,21,0,Basic,Two-Year,Wallet,Yes,3,375.0,1,1,9,25.0,2026-05-30,3375.0,,0
CUST-103509,2025-10-18,Paid Social,JAIPUR,Male,30,0,Basic,Annual,UPI,Yes,3,378.0,1,0,7,26.0,2026-05-31,2646.0,,0
CUST-103510,2025-09-26,Email,Ahmedabad,Male,28,0,Basic,Monthly,UPI,Yes,3,404.0,1,0,8,10.0,2026-05-24,3232.0,,0
CUST-103511,2026-04-20,Referral,Hyderabad,Female,22,0,Premium,Monthly,Debit Card,Yes,0,816.0,1,0,1,15.0,2026-05-27,816.0,,0
CUST-103512,2024-10-02,Email,Jaipur,Male,54,0,Premium,Monthly,Credit Card,No,1,849.0,1,0,19,7.0,2026-05-05,16131.0,,0
CUST-103513,2026-04-28,Email,Delhi,Male,45,0,Standard,Monthly,UPI,No,2,609.0,1,1,1,15.0,2026-05-25,609.0,,0
CUST-103514,2024-07-30,Affiliate,Ahmedabad,Female,55,0,Basic,Annual,Debit Card,Yes,3,370.0,1,1,22,25.0,2026-05-30,8140.0,,0
CUST-103515,2024-06-22,Referral,Chennai,Male,28,0,Standard,Monthly,Wallet,No,1,542.0,1,1,23,2.0,2026-05-25,12466.0,,0
CUST-103516,2025-06-25,Paid Search,Chennai,Male,54,0,Basic,Annual,Net Banking,Yes,3,371.0,1,0,11,24.0,2026-05-29,4081.0,,0
CUST-103517,2025-05-18,Organic Search,Delhi,Male,21,0,Basic,Annual,UPI,Yes,2,317.0,1,1,12,27.0,2026-05-24,3804.0,,0
CUST-103518,2025-06-22,Paid Search,Bengaluru,Male,55,0,Basic,Monthly,Net Banking,Yes,2,307.0,0,0,11,7.0,2026-05-25,3377.0,,0
CUST-103519,2026-05-26,Referral,Chennai,Male,60,1,Basic,Monthly,Debit Card,Yes,1,267.0,1,1,0,11.0,2026-05-28,267.0,,0
CUST-103520,2025-04-04,Paid Search,Mumbai,Female,31,0,Basic,Monthly,UPI,Yes,2,294.0,1,1,13,10.0,2026-05-15,3822.0,,0
CUST-103521,2026-02-08,Affiliate,Pune,Male,35,0,Standard,Monthly,UPI,Yes,2,601.0,0,0,3,22.0,2026-05-04,1803.0,,0
CUST-103522,2025-10-11,Organic Search,Delhi,Female,40,0,Basic,Two-Year,Wallet,No,1,269.0,1,1,7,16.0,2026-05-15,1883.0,,0
CUST-103523,2024-07-17,Paid Social,Mumbai,Male,48,0,Basic,Monthly,UPI,No,2,348.0,1,1,22,27.0,2026-05-21,7656.0,,0
CUST-103524,2025-04-02,Paid Search,Chennai,Male,45,0,Basic,Monthly,UPI,Yes,2,323.0,1,1,13,12.0,2026-05-18,4199.0,,0
CUST-103525,2024-09-05,Paid Social,Delhi,Male,23,0,Standard,Monthly,Debit Card,No,3,666.0,1,1,20,23.0,2026-05-06,13320.0,,0
CUST-103526,2026-02-15,Organic Search,Jaipur,Male,37,0,Standard,Annual,Debit Card,Yes,0,482.0,0,0,3,11.0,2026-05-03,1446.0,,0
CUST-103527,2025-02-22,Organic Search,Bengaluru,Female,44,0,Basic,Annual,UPI,Yes,2,313.0,1,1,15,22.0,2026-05-17,4695.0,,0
CUST-103528,2025-12-19,Affiliate,Bengaluru,Male,49,0,Premium,Two-Year,Debit Card,Yes,0,818.0,1,0,5,14.0,2026-05-29,4090.0,,0
CUST-103529,2024-07-24,Paid Social,Delhi,Female,50,0,Standard,Monthly,Debit Card,Yes,0,507.0,0,0,22,19.0,2026-05-10,11154.0,,0
CUST-103530,2025-01-31,Organic Search,Delhi,Female,52,0,Basic,Monthly,Net Banking,Yes,3,360.0,1,1,16,25.0,2026-05-04,5760.0,,0
CUST-103531,2026-01-06,Organic Search,Chennai,Male,41,0,Basic,Annual,Debit Card,No,2,324.0,1,1,4,29.0,2026-05-20,1296.0,,0
CUST-103532,2026-03-14,Paid Social,Pune,Female,44,0,Premium,Monthly,UPI,No,0,821.0,1,1,2,13.0,2026-05-31,1642.0,,0
CUST-103533,2024-06-20,Organic Search,Chennai,Male,35,0,Basic,Monthly,Net Banking,Yes,2,337.0,1,1,7,13.0,2025-01-16,2359.0,2025-01-16,1
CUST-103534,2025-05-25,Referral,Delhi,Male,32,0,Basic,Two-Year,Credit Card,Yes,3,399.0,1,0,12,28.0,2026-05-02,4788.0,,0
CUST-103535,2026-03-01,Referral,Mumbai,Male,34,0,Standard,Annual,Credit Card,No,1,571.0,0,0,2,19.0,2026-05-30,1142.0,,0
CUST-103536,2025-05-05,Organic Search,Ahmedabad,Female,40,0,Basic,Monthly,UPI,No,2,300.0,1,1,12,18.0,2026-05-09,3600.0,,0
CUST-103537,2025-01-05,Paid Search,Chennai,Female,23,0,Standard,Two-Year,Credit Card,Yes,1,547.0,1,0,16,22.0,2026-05-29,8752.0,,0
CUST-103538,2025-11-08,Organic Search,Delhi,Female,29,0,Standard,Monthly,UPI,Yes,1,585.0,1,1,2,13.0,2026-01-07,1170.0,2026-01-07,1
CUST-103539,2025-12-30,Paid Social,Bengaluru,Female,24,0,Premium,Monthly,Credit Card,No,3,974.0,1,0,5,32.0,2026-05-20,4870.0,,0
CUST-103540,2026-04-29,Affiliate,Bengaluru,Male,39,0,Standard,Monthly,UPI,Yes,0,471.0,1,1,1,23.0,2026-05-07,471.0,,0
CUST-103541,2026-03-27,Paid Search,Delhi,Female,43,0,Standard,Monthly,Debit Card,No,0,508.0,1,1,2,18.0,2026-05-29,1016.0,,0
CUST-103542,2024-06-25,Affiliate,Hyderabad,Female,26,0,Basic,Monthly,UPI,Yes,0,215.0,1,1,23,18.0,2026-05-15,4945.0,,0
CUST-103543,2026-01-13,Organic Search,Pune,Female,25,0,Premium,Annual,Debit Card,No,0,798.0,1,0,4,17.0,2026-05-31,3192.0,,0
CUST-103544,2024-10-06,Paid Social,Surat,Female,45,0,Basic,Two-Year,Debit Card,No,3,387.0,1,1,19,20.0,2026-05-15,7353.0,,0
CUST-103545,2026-02-01,Paid Social,Mumbai,Female,29,0,Basic,Annual,UPI,Yes,2,307.0,1,0,3,23.0,2026-05-26,921.0,,0
CUST-103546,2026-01-09,Paid Social,Bengaluru,Male,63,1,Premium,Two-Year,Wallet,Yes,0,792.0,1,1,4,12.0,2026-05-17,3168.0,,0
CUST-103547,2024-11-16,Email,Ahmedabad,Female,26,0,Premium,Monthly,Credit Card,Yes,1,832.0,1,0,18,30.0,2026-05-24,14976.0,,0
CUST-103548,2025-04-19,Organic Search,Chennai,Female,43,0,Standard,Monthly,Debit Card,Yes,3,663.0,1,0,13,32.0,2026-05-16,8619.0,,0
CUST-103549,2025-12-14,Affiliate,Pune,Female,59,0,Standard,Monthly,Credit Card,Yes,2,641.0,1,1,5,22.0,2026-05-06,3205.0,,0
CUST-103550,2026-02-16,Affiliate,Delhi,Male,23,0,Basic,Monthly,Net Banking,Yes,2,269.0,1,1,3,27.0,2026-05-28,807.0,,0
CUST-103551,2026-02-26,Paid Search,Chennai,Male,41,0,Standard,Monthly,Net Banking,Yes,1,553.0,1,1,3,9.0,2026-05-12,1659.0,,0
CUST-103552,2025-02-12,Paid Social,Bengaluru,Female,42,0,Basic,Monthly,Credit Card,No,3,371.0,0,0,15,20.0,2026-05-05,5565.0,,0
CUST-103553,2024-07-28,Paid Search,Mumbai,Female,46,0,Basic,Two-Year,Wallet,Yes,1,268.0,1,0,22,7.0,2026-05-05,5896.0,,0
CUST-103554,2026-05-13,Paid Social,Bengaluru,Female,64,1,Basic,Monthly,UPI,Yes,3,347.0,1,1,0,21.0,2026-05-14,347.0,,0
CUST-103555,2026-02-21,Referral,Ahmedabad,Female,48,0,Premium,Annual,Net Banking,No,1,848.0,1,0,3,13.0,2026-05-14,2544.0,,0
CUST-103556,2024-11-05,Paid Search,Kolkata,Male,37,0,Premium,Monthly,Credit Card,No,2,910.0,1,1,18,27.0,2026-05-19,16380.0,,0
CUST-103557,2025-07-31,Email,Hyderabad,Female,38,0,Premium,Monthly,UPI,Yes,2,925.0,1,1,10,21.0,2026-05-03,9250.0,,0
CUST-103558,2026-04-23,Paid Search,Hyderabad,Male,50,0,Standard,Annual,Debit Card,Yes,2,619.0,0,0,1,17.0,2026-05-17,619.0,,0
CUST-103559,2025-01-23,Paid Search,Kolkata,Male,33,0,Basic,Monthly,UPI,Yes,0,174.0,1,1,16,14.0,2026-05-16,2784.0,,0
CUST-103560,2025-12-28,Referral,Chennai,Male,53,0,Basic,Monthly,Net Banking,No,3,,1,1,5,7.0,2026-05-02,1870.0,,0
CUST-103561,2025-05-21,Paid Search,Delhi,Male,37,0,Basic,Annual,Net Banking,Yes,1,247.0,1,1,12,26.0,2026-05-06,2964.0,,0
CUST-103562,2026-05-12,Affiliate,Ahmedabad,Male,21,0,Basic,Annual,Debit Card,Yes,1,266.0,1,1,0,29.0,2026-05-10,266.0,,0
CUST-103563,2025-03-25,Organic Search,Delhi,Female,45,0,Standard,Monthly,UPI,No,2,615.0,1,1,14,25.0,2026-05-06,8610.0,,0
CUST-103564,2024-09-26,Email,Jaipur,Male,31,0,Basic,Monthly,Wallet,Yes,3,405.0,1,1,20,19.0,2026-05-09,8100.0,,0
CUST-103565,2026-04-25,Affiliate,Jaipur,Female,36,0,Premium,Monthly,Net Banking,No,2,909.0,1,1,1,12.0,2026-05-20,909.0,,0
CUST-103566,2025-02-13,Affiliate,Hyderabad,Male,34,0,Basic,Monthly,Debit Card,No,3,370.0,1,0,15,8.0,2026-05-05,5550.0,,0
CUST-103567,2024-12-19,Paid Social,Mumbai,Female,25,0,Basic,Two-Year,UPI,Yes,1,251.0,1,1,17,17.0,2026-05-02,4267.0,,0
CUST-103568,2024-10-23,Affiliate,Mumbai,Male,33,0,Standard,Monthly,Credit Card,No,0,496.0,1,1,19,0.0,2026-05-03,9424.0,,0
CUST-103569,2025-03-27,Paid Social,Kolkata,Female,65,1,Standard,Monthly,UPI,Yes,2,632.0,1,0,14,2.0,2026-05-21,8848.0,,0
CUST-103570,2026-01-26,Referral,Mumbai,Female,34,0,Basic,Annual,Net Banking,No,1,252.0,1,1,1,26.0,2026-02-25,252.0,2026-02-25,1
CUST-103571,2025-02-06,Organic Search,Pune,Male,56,0,Standard,Annual,UPI,Yes,1,553.0,1,1,15,31.0,2026-05-26,8295.0,,0
CUST-103572,2024-12-13,Paid Social,Delhi,Male,39,0,Standard,Monthly,UPI,Yes,2,624.0,1,0,17,13.0,2026-05-08,10608.0,,0
CUST-103573,2025-04-19,Paid Social,Delhi,Male,21,0,Basic,Annual,UPI,Yes,0,185.0,0,0,13,19.0,2026-05-04,2405.0,,0
CUST-103574,2025-06-19,Paid Social,Pune,Male,61,1,Standard,Annual,Credit Card,Yes,1,568.0,1,1,11,15.0,2026-05-31,6248.0,,0
CUST-103575,2026-01-25,Paid Social,Jaipur,Male,65,1,Premium,Monthly,Debit Card,Yes,1,853.0,0,0,4,22.0,2026-05-05,3412.0,,0
CUST-103576,2024-10-19,Affiliate,Chennai,Male,30,0,Basic,Monthly,Net Banking,Yes,0,185.0,1,1,19,17.0,2026-05-22,3515.0,,0
CUST-103577,2025-01-22,Organic Search,Bengaluru,Female,26,0,Basic,Annual,Wallet,Yes,2,291.0,1,1,16,26.0,2026-05-05,4656.0,,0
CUST-103578,2025-10-29,Referral,Bengaluru,Male,66,1,Basic,Monthly,UPI,Yes,3,362.0,1,1,7,10.0,2026-05-02,2534.0,,0
CUST-103579,2025-04-09,Organic Search,Kolkata,Male,23,0,Standard,Monthly,UPI,Yes,3,676.0,1,1,13,21.0,2026-05-14,8788.0,,0
CUST-103580,2025-11-24,Referral,Bengaluru,Male,64,1,Premium,Annual, UPI ,No,3,978.0,1,1,6,19.0,2026-05-30,5868.0,,0
CUST-103581,2025-04-19,Referral,Bengaluru,Male,27,0,Basic,Monthly,Net Banking,No,0,195.0,1,1,13,26.0,2026-05-28,2535.0,,0
CUST-103582,2024-08-23,Paid Social,Hyderabad,Male,63,1,Premium,Monthly,Wallet,No,0,777.0,1,0,21,7.0,2026-05-02,16317.0,,0
CUST-103583,2026-02-19,Referral,Mumbai,Female,66,1,Premium,Monthly,UPI,No,1,856.0,1,1,3,16.0,2026-05-11,2568.0,,0
CUST-103584,2025-10-14,Affiliate,Ahmedabad,Female,30,0,Basic,Monthly,UPI,Yes,2,296.0,1,1,7,6.0,2026-05-21,2072.0,,0
CUST-103585,2024-09-07,Affiliate,Kolkata,Male,29,0,Standard,Annual,Wallet,Yes,3,660.0,1,1,20,24.0,2026-05-09,13200.0,,0
CUST-103586,2024-09-29,Paid Social,Pune,Male,23,0,Premium,Monthly,Credit Card,No,1,875.0,1,1,20,16.0,2026-05-22,17500.0,2026-05-22,1
CUST-103587,2025-02-03,Paid Social,Mumbai,Male,58,0,Premium,Monthly,Credit Card,Yes,1,857.0,1,1,15,15.0,2026-05-17,12855.0,,0
CUST-103588,2026-04-27,Referral,Delhi,Female,36,0,Standard,Annual,UPI,No,2,625.0,1,1,1,30.0,2026-05-30,625.0,,0
CUST-103589,2025-01-05,Paid Social,Surat,Male,51,0,Basic,Annual,UPI,Yes,3,400.0,1,0,16,22.0,2026-05-05,6400.0,,0
CUST-103590,2026-03-04,Affiliate,Pune,Female,49,0,Basic,Monthly,UPI,Yes,2,318.0,1,1,2,15.0,2026-05-06,636.0,,0
CUST-103591,2025-05-22,Paid Social,Pune,Female,44,0,Basic,Monthly,Debit Card,Yes,2,333.0,1,0,12,12.0,2026-05-23,3996.0,,0
CUST-103592,2024-10-25,Affiliate,Ahmedabad,Female,30,0,Standard,Monthly,Debit Card,No,3,684.0,1,1,19,28.0,2026-05-09,12996.0,,0
CUST-103593,2024-08-24,Organic Search,Surat,Male,37,0,Basic,Two-Year,UPI,No,3,368.0,1,1,21,12.0,2026-05-05,7728.0,,0
CUST-103594,2025-02-03,Organic Search,Kolkata,Female,44,0,Standard,Monthly,Debit Card,Yes,3,676.0,1,1,15,19.0,2026-05-27,10140.0,,0
CUST-103595,2024-11-10,Email,Bengaluru,Male,22,0,Standard,Monthly,UPI,No,3,667.0,1,0,18,21.0,2026-05-24,12006.0,,0
CUST-103596,2025-08-09,Affiliate,Delhi,Male,38,0,Basic,Annual,UPI,No,1,268.0,1,1,9,17.0,2026-05-22,2412.0,,0
CUST-103597,2026-05-15,Affiliate,Hyderabad,Female,54,0,Premium,Annual,UPI,No,0,813.0,0,0,0,15.0,2026-05-25,813.0,,0
CUST-103598,2026-01-10,Email,Chennai,Female,39,0,Basic,Two-Year,UPI,No,3,358.0,0,0,4,31.0,2026-05-11,1432.0,,0
CUST-103599,2025-01-13,Paid Social,Chennai,Male,38,0,Basic,Monthly,Wallet,Yes,3,365.0,1,1,16,20.0,2026-05-02,5840.0,,0
CUST-103600,2026-04-19,Paid Social,Surat,Male,61,1,Premium,Two-Year,UPI,Yes,2,913.0,0,0,1,12.0,2026-05-31,913.0,,0
CUST-103601,2026-05-06,Organic Search,Pune,Male,45,0,Basic,Monthly,UPI,No,0,186.0,1,0,0,24.0,2026-05-27,186.0,,0
CUST-103602,2025-04-02,Paid Search,DELHI,Female,56,0,Basic,Annual,Net Banking,Yes,3,375.0,1,1,13,22.0,2026-05-11,4875.0,,0
CUST-103603,2025-05-22,Organic Search,Bengaluru,Male,20,0,Premium,Monthly,UPI,Yes,2,924.0,1,1,12,24.0,2026-05-05,11088.0,,0
CUST-103604,2025-05-23,Email,Chennai,Male,66,1,Premium,Two-Year,UPI,No,2,938.0,1,1,12,32.0,2026-05-17,11256.0,,0
CUST-103605,2025-03-27,Organic Search,Mumbai,Male,58,0,Premium,Two-Year,UPI,Yes,1,851.0,1,1,14,15.0,2026-05-22,11914.0,,0
CUST-103606,2024-09-23,Organic Search,Mumbai,Female,60,1,Basic,Annual,UPI,No,0,190.0,0,0,20,29.0,2026-05-10,3800.0,,0
CUST-103607,2026-03-15,Organic Search,Hyderabad,Female,53,0,Basic,Annual,UPI,Yes,2,324.0,1,1,2,34.0,2026-05-26,648.0,,0
CUST-103608,2025-02-10,Organic Search,Bengaluru,Male,45,0,Basic,Monthly,Debit Card,No,1,258.0,1,1,15,12.0,2026-05-06,3870.0,2026-05-06,1
CUST-103609,2024-08-01,Organic Search,Chennai,Female,45,0,Basic,Monthly,Credit Card,No,0,175.0,1,1,21,12.0,2026-05-04,3675.0,,0
CUST-103610,2026-05-25,Paid Search,Mumbai,Male,50,0,Premium,Monthly,UPI,Yes,0,786.0,1,1,0,20.0,2026-05-19,786.0,,0
CUST-103611,2024-08-31,Paid Social,Delhi,Female,43,0,Basic,Annual,Net Banking,No,0,193.0,1,1,21,27.0,2026-05-03,4053.0,,0
CUST-103612,2026-04-15,Paid Search,Mumbai,Female,55,0,Standard,Monthly,UPI,Yes,1,570.0,0,0,1,22.0,2026-05-12,570.0,,0
CUST-103613,2024-09-07,Affiliate,Hyderabad,Male,35,0,Basic,Monthly,Credit Card,No,0,215.0,1,1,20,16.0,2026-04-30,4300.0,2026-04-30,1
CUST-103614,2025-03-29,Paid Search,Hyderabad,Female,58,0,Standard,Monthly,UPI,Yes,0,483.0,0,0,14,18.0,2026-05-13,6762.0,,0
CUST-103615,2025-06-15,Referral,Bengaluru,Female,35,0,Basic,Annual,UPI,Yes,1,247.0,1,1,11,24.0,2026-05-22,2717.0,,0
CUST-103616,2024-11-10,Paid Social,Bengaluru,Male,42,0,Basic,Monthly,Credit Card,No,0,211.0,1,1,18,17.0,2026-05-02,3798.0,,0
CUST-103617,2025-07-26,Organic Search,Mumbai,Male,21,0,Basic,Monthly,UPI,No,0,191.0,1,1,10,12.0,2026-05-25,1910.0,,0
CUST-103618,2025-07-23,Paid Social,Hyderabad,Female,64,1,Premium,Monthly,UPI,No,1,864.0,1,0,10,19.0,2026-05-22,8640.0,,0
CUST-103619,2026-02-21,Email,Surat,Male,53,0,Standard,Monthly,Credit Card,No,0,496.0,1,0,3,11.0,2026-05-27,1488.0,,0
CUST-103620,2025-04-05,Paid Search,Chennai,Female,30,0,Standard,Monthly,Net Banking,Yes,0,499.0,1,0,13,3.0,2026-05-03,6487.0,,0
CUST-103621,2026-03-02,Paid Social,Mumbai,Male,20,0,Basic,Monthly,Credit Card,No,3,372.0,1,1,2,12.0,2026-05-29,744.0,,0
CUST-103622,2025-12-01,Paid Social,Pune,Female,62,1,Standard,Annual,UPI,No,1,575.0,0,0,5,26.0,2026-05-18,2875.0,,0
CUST-103623,2026-01-11,Affiliate,Delhi,Female,18,0,Standard,Monthly,UPI,No,3,655.0,1,0,4,12.0,2026-05-17,2620.0,,0
CUST-103624,2025-09-03,Paid Search,Ahmedabad,Female,43,0,Standard,Two-Year,Credit Card,No,1,552.0,1,1,8,20.0,2026-05-05,4416.0,,0
CUST-103625,2024-10-10,Paid Search,Mumbai,Male,19,0,Standard,Monthly,UPI,No,2,634.0,1,1,19,30.0,2026-05-20,12046.0,,0
CUST-103626,2025-09-25,Affiliate,Ahmedabad,Female,54,0,Premium,Monthly,UPI,No,0,795.0,1,1,3,16.0,2025-12-24,2385.0,2025-12-24,1
CUST-103627,2025-11-05,Referral,Mumbai,Male,28,0,Premium,Two-Year,Credit Card,No,2,917.0,1,1,6,38.0,2026-05-12,5502.0,,0
CUST-103628,2025-02-28,Paid Search,Chennai,Female,40,0,Premium,Two-Year,Wallet,Yes,1,873.0,1,1,15,19.0,2026-05-28,13095.0,,0
CUST-103629,2025-09-08,Organic Search,Delhi,Female,47,0,Standard,Monthly,Net Banking,No,1,565.0,1,0,8,8.0,2026-05-08,4520.0,,0
CUST-103630,2025-08-24,Organic Search,Hyderabad,Male,37,0,Basic,Monthly,UPI,Yes,1,271.0,1,1,9,9.0,2026-05-15,2439.0,,0
CUST-103631,2025-09-11,Email,Jaipur,Female,53,0,Basic,Monthly,Net Banking,Yes,2,336.0,1,1,8,7.0,2026-05-12,2688.0,,0
CUST-103632,2025-10-16,Paid Search,Bengaluru,Male,44,0,Basic,Annual,UPI,Yes,2,297.0,1,1,7,31.0,2026-05-18,2079.0,,0
CUST-103633,2025-10-03,Paid Social,Bengaluru,Male,39,0,Basic,Monthly,Net Banking,Yes,2,311.0,1,0,7,11.0,2026-05-05,2177.0,,0
CUST-103634,2025-09-16,Paid Search,Hyderabad,Female,34,0,Basic,Monthly,Debit Card,No,1,246.0,1,1,8,7.0,2026-05-02,1968.0,,0
CUST-103635,2025-01-20,Organic Search,Ahmedabad,Male,39,0,Standard,Monthly,Debit Card,Yes,0,503.0,1,1,16,13.0,2026-05-05,8048.0,,0
CUST-103636,2025-10-21,Affiliate,Delhi,Female,34,0,Standard,Monthly,UPI,Yes,3,694.0,1,1,7,18.0,2026-05-23,4858.0,,0
CUST-103637,2024-09-18,Organic Search,Bengaluru,Male,47,0,Standard,Two-Year,Debit Card,Yes,2,581.0,1,0,20,17.0,2026-05-26,11620.0,,0
CUST-103638,2026-03-11,Affiliate,Chennai,Male,57,0,Premium,Monthly,Credit Card,No,2,894.0,1,1,2,27.0,2026-05-02,1788.0,,0
CUST-103639,2025-12-31,Paid Search,Chennai,Female,49,0,Basic,Two-Year,Debit Card,Yes,3,347.0,1,0,5,25.0,2026-05-16,1735.0,,0
CUST-103640,2024-12-13,Paid Social,Chennai,Male,19,0,Basic,Monthly,Credit Card,Yes,0,185.0,1,1,17,21.0,2026-05-11,3145.0,,0
CUST-103641,2024-07-24,Organic Search,Hyderabad,Female,61,1,Standard,Two-Year,UPI,Yes,1,559.0,1,1,22,36.0,2026-05-17,12298.0,,0
CUST-103642,2024-09-22,Affiliate,Bengaluru,Female,58,0,Standard,Annual,Credit Card,No,3,702.0,1,1,20,18.0,2026-05-24,14040.0,,0
CUST-103643,2025-10-12,Organic Search,Chennai,Male,60,1,Standard,Monthly,UPI,Yes,0,478.0,1,1,6,16.0,2026-04-10,2868.0,2026-04-10,1
CUST-103644,2024-06-26,Organic Search,Kolkata,Male,20,0,Premium,Monthly,UPI,No,1,894.0,1,0,23,5.0,2026-05-25,20562.0,,0
CUST-103645,2024-08-12,Referral,Bengaluru,Male,60,1,Basic,Monthly,Credit Card,Yes,3,386.0,1,1,15,33.0,2025-11-05,5790.0,2025-11-05,1
CUST-103646,2025-10-24,Paid Social,Surat,Female,42,0,Standard,Annual,Credit Card,Yes,2,626.0,0,0,7,18.0,2026-05-08,4382.0,,0
CUST-103647,2025-05-24,Paid Social,Kolkata,Male,61,1,Premium,Monthly,UPI,No,1,868.0,0,0,12,0.0,2026-05-24,10416.0,,0
CUST-103648,2025-01-31,Organic Search,Bengaluru,Female,58,0,Basic,Annual,UPI,No,1,236.0,1,1,16,10.0,2026-05-11,3776.0,,0
CUST-103649,2024-12-19,Affiliate,Ahmedabad,Female,63,1,Standard,Two-Year,Credit Card,Yes,1,549.0,1,1,17,30.0,2026-05-02,9333.0,,0
CUST-103650,2025-06-04,Paid Social,Mumbai,Male,24,0,Basic,Monthly,Wallet,Yes,1,242.0,1,1,11,2.0,2026-05-26,2662.0,,0
CUST-103651,2025-01-05,Organic Search,Chennai,Female,46,0,Basic,Annual,Credit Card,Yes,0,207.0,1,1,16,17.0,2026-05-07,3312.0,,0
CUST-103652,2024-07-24,Paid Social,Ahmedabad,Male,55,0,Basic,Two-Year,Debit Card,Yes,2,304.0,1,1,22,25.0,2026-05-28,6688.0,,0
CUST-103653,2025-04-28,Organic Search,Bengaluru,Female,48,0,Standard,Annual,Credit Card,Yes,0,494.0,1,1,13,22.0,2026-05-20,6422.0,,0
CUST-103654,2026-04-07,Paid Social,Pune,Male,60,1,Standard,Monthly,UPI,Yes,2,608.0,1,0,1,35.0,2026-05-31,608.0,,0
CUST-103655,2025-06-09,Organic Search,Kolkata,Female,55,0,Premium,Monthly,UPI,Yes,2,939.0,1,1,11,20.0,2026-05-25,10329.0,,0
CUST-103656,2025-08-04,Organic Search,Chennai,Male,19,0,Standard,Monthly,UPI,Yes,3,668.0,1,1,9,17.0,2026-05-12,6012.0,,0
CUST-103657,2025-01-29,Paid Social,Hyderabad,Female,28,0,Basic,Monthly,Wallet,No,3,361.0,1,1,16,15.0,2026-05-21,5776.0,,0
CUST-103658,2024-08-30,Affiliate,Delhi,Male,50,0,Premium,Monthly,UPI,Yes,3,985.0,1,1,21,30.0,2026-05-05,20685.0,,0
CUST-103659,2025-11-26,Organic Search,Mumbai,Female,36,0,Basic,Two-Year,UPI,Yes,2,317.0,1,1,6,5.0,2026-05-22,1902.0,,0
CUST-103660,2025-03-24,Organic Search,Pune,Female,36,0,Standard,Monthly,Debit Card,Yes,0,519.0,1,1,14,19.0,2026-05-15,7266.0,,0
CUST-103661,2024-07-27,Affiliate,Mumbai,Female,65,1,Basic,Monthly,Debit Card,No,3,382.0,1,1,22,35.0,2026-05-06,8404.0,,0
CUST-103662,2025-01-15,Affiliate,Bengaluru,Female,22,0,Standard,Monthly,Debit Card,Yes,3,682.0,0,0,16,22.0,2026-05-06,10912.0,,0
CUST-103663,2024-06-26,Referral,Surat,Male,45,0,Premium,Two-Year,UPI,Yes,0,811.0,1,0,23,27.0,2026-05-22,18653.0,,0
CUST-103664,2026-02-22,Organic Search,Bengaluru,Male,34,0,Basic,Monthly,Wallet,No,1,264.0,1,1,3,0.0,2026-05-03,792.0,,0
CUST-103665,2026-05-23,Paid Social,Pune,Male,20,0,Standard,Monthly,UPI,Yes,0,509.0,1,0,0,21.0,2026-05-14,509.0,,0
CUST-103666,2026-03-01,Organic Search,Pune,Female,37,0,Standard,Annual,UPI,Yes,1,568.0,1,1,2,20.0,2026-05-18,1136.0,,0
CUST-103667,2026-01-14,Organic Search,Chennai,Male,39,0,Basic,Monthly,Net Banking,No,1,253.0,0,0,4,13.0,2026-05-05,1012.0,,0
CUST-103668,2025-12-29,Paid Social,Delhi,Male,41,0,Basic,Monthly,Wallet,Yes,3,359.0,1,1,2,15.0,2026-02-27,718.0,2026-02-27,1
CUST-103669,2025-05-10,Paid Search,Bengaluru,Female,26,0,Standard,Annual,Wallet,Yes,0,495.0,1,1,12,29.0,2026-05-06,5940.0,,0
CUST-103670,2025-03-10,Paid Social,Mumbai,Male,55,0,Basic,Annual,Credit Card,Yes,0,167.0,1,1,14,12.0,2026-05-13,2338.0,,0
CUST-103671,2024-07-28,Paid Search,Pune,Female,36,0,Basic,Monthly,Net Banking,No,2,306.0,1,1,22,15.0,2026-05-28,6732.0,,0
CUST-103672,2026-04-19,Paid Social,Delhi,Male,47,0,Standard,Monthly,UPI,No,2,612.0,1,1,0,29.0,2026-04-19,612.0,2026-04-19,1
CUST-103673,2024-06-12,Paid Social,Bengaluru,Male,46,0,Standard,Annual,Net Banking,No,3,697.0,1,1,23,25.0,2026-05-03,16031.0,,0
CUST-103674,2024-12-18,Referral,Hyderabad,Female,47,0,Basic,Monthly,Debit Card,Yes,3,375.0,1,1,17,27.0,2026-05-19,6375.0,,0
CUST-103675,2025-04-10,Affiliate,Ahmedabad,Male,44,0,Premium,Two-Year,UPI,Yes,0,824.0,1,1,13,10.0,2026-05-30,10712.0,,0
CUST-103676,2025-09-26,Paid Social,Bengaluru,Female,33,0,Premium,Monthly,UPI,No,2,925.0,0,0,8,9.0,2026-05-14,7400.0,,0
CUST-103677,2026-05-29,Paid Search,Mumbai,Male,43,0,Premium,Monthly,Debit Card,No,3,953.0,1,0,0,33.0,2026-05-03,953.0,,0
CUST-103678,2025-06-17,Paid Social,Mumbai,Male,45,0,Standard,Annual,Credit Card,Yes,3,695.0,1,0,11,24.0,2026-05-23,7645.0,,0
CUST-103679,2026-01-16,Organic Search,Ahmedabad,Male,18,0,Basic,Monthly,Wallet,No,2,333.0,1,1,4,19.0,2026-05-03,1332.0,,0
CUST-103680,2025-04-16,Referral,Mumbai,Male,55,0,Basic,Monthly,Net Banking,No,1,232.0,0,0,13,14.0,2026-05-24,3016.0,,0
CUST-103681,2026-05-23,Organic Search,Surat,Female,41,0,Premium,Monthly,Net Banking,Yes,0,808.0,1,0,0,13.0,2026-05-16,808.0,,0
CUST-103682,2024-10-16,Paid Social,Surat,Male,33,0,Premium,Two-Year,UPI,No,1,879.0,1,1,1,14.0,2024-11-15,879.0,2024-11-15,1
CUST-103683,2025-03-25,Paid Social,Hyderabad,Female,19,0,Standard,Monthly,Debit Card,No,2,585.0,1,1,14,22.0,2026-05-28,8190.0,,0
CUST-103684,2024-11-22,Organic Search,Pune,Female,33,0,Standard,Monthly,Debit Card,Yes,3,661.0,1,1,7,18.0,2025-06-20,4627.0,2025-06-20,1
CUST-103685,2024-12-12,Organic Search,Chennai,Male,39,0,Basic,Monthly,Credit Card,No,1,272.0,1,1,17,15.0,2026-05-05,4624.0,,0
CUST-103686,2026-01-21,Paid Social,Kolkata,Female,61,1,Standard,Monthly,UPI,Yes,2,615.0,1,0,4,19.0,2026-05-19,2460.0,,0
CUST-103687,2025-11-01,Email,Bengaluru,Male,51,0,Basic,Monthly,Debit Card,Yes,2,340.0,1,1,6,30.0,2026-05-04,2040.0,,0
CUST-103688,2025-10-01,Paid Search,Ahmedabad,Female,39,0,Standard,Annual,UPI,No,1,572.0,1,1,7,26.0,2026-05-19,4004.0,,0
CUST-103689,2024-08-03,Paid Social,Hyderabad,Male,24,0,Standard,Two-Year,UPI,No,2,630.0,1,1,21,17.0,2026-05-04,13230.0,,0
CUST-103690,2026-04-10,Organic Search,Surat,Female,32,0,Standard,Two-Year,UPI,Yes,3,695.0,1,1,1,22.0,2026-05-28,695.0,,0
CUST-103691,2026-04-20,Paid Search,Mumbai,Male,65,1,Standard,Monthly,UPI,No,2,605.0,1,1,0,7.0,2026-04-20,605.0,2026-04-20,1
CUST-103692,2025-10-10,Organic Search,Bengaluru,Male,24,0,Standard,Monthly,Credit Card,No,2,613.0,1,1,2,24.0,2025-12-09,1226.0,2025-12-09,1
CUST-103693,2025-03-24,Paid Search,Delhi,Male,50,0,Basic,Monthly,UPI,No,2,347.0,0,0,14,24.0,2026-05-11,4858.0,,0
CUST-103694,2024-07-15,Referral,Delhi,Male,44,0,Basic,Monthly,Credit Card,Yes,3,372.0,1,1,22,23.0,2026-05-25,8184.0,,0
CUST-103695,2025-04-23,Paid Social,Hyderabad,Female,29,0,Basic,Annual,Net Banking,No,2,334.0,1,0,13,29.0,2026-05-04,4342.0,,0
CUST-103696,2024-08-24,Paid Social,Delhi,Male,63,1,Basic,Monthly,Credit Card,No,0,195.0,1,1,8,10.0,2025-04-21,1560.0,2025-04-21,1
CUST-103697,2025-09-19,Organic Search,Jaipur,Female,38,0,Basic,Monthly,Credit Card,No,0,186.0,1,1,8,17.0,2026-05-20,1488.0,,0
CUST-103698,2025-11-10,Organic Search,Chennai,Male,52,0,Basic,Annual,UPI,Yes,1,243.0,1,1,6,11.0,2026-05-26,1458.0,,0
CUST-103699,2024-07-23,Paid Social,Ahmedabad,Male,23,0,Standard,Annual,Credit Card,Yes,3,686.0,1,1,22,23.0,2026-05-07,15092.0,,0
CUST-103700,2024-11-30,Affiliate,Chennai,Male,68,1,Basic,Two-Year,Debit Card,Yes,0,217.0,0,0,18,13.0,2026-05-15,3906.0,,0
CUST-103701,2025-09-16,Organic Search,Chennai,Male,19,0,Standard,Monthly,Net Banking,Yes,0,505.0,1,1,0,20.0,2025-09-16,505.0,2025-09-16,1
CUST-103702,2024-11-29,Paid Search,Bengaluru,Female,34,0,Standard,Two-Year,Net Banking,No,2,622.0,0,0,18,18.0,2026-05-20,11196.0,,0
CUST-103703,2026-02-13,Referral,Bengaluru,Male,65,1,Basic,Monthly,Credit Card,Yes,2,301.0,1,1,3,28.0,2026-05-04,903.0,,0
CUST-103704,2025-03-24,Organic Search,Chennai,Female,51,0,Basic,Monthly,UPI,Yes,0,198.0,1,1,14,4.0,2026-05-06,2772.0,,0
CUST-103705,2025-10-04,Organic Search,Delhi,Male,53,0,Basic,Monthly,Debit Card,Yes,3,380.0,1,1,7,27.0,2026-05-02,2660.0,,0
CUST-103706,2025-11-26,Paid Social,Mumbai,Male,34,0,Basic,Annual,Wallet,No,0,185.0,0,0,6,0.0,2026-05-03,1110.0,,0
CUST-103707,2025-08-15,Referral,Delhi,Male,58,0,Standard,Monthly,Wallet,Yes,0,504.0,1,1,3,13.0,2025-11-13,1512.0,2025-11-13,1
CUST-103708,2025-09-09,Paid Social,Mumbai,Female,66,1,Premium,Annual,Wallet,No,3,967.0,1,0,8,28.0,2026-05-06,7736.0,,0
CUST-103709,2025-07-24,Referral,Hyderabad,Male,50,0,Basic,Monthly,UPI,Yes,1,252.0,1,1,10,18.0,2026-05-05,2520.0,,0
CUST-103710,2024-10-20,Affiliate,Mumbai,Female,29,0,Basic,Two-Year,Net Banking,Yes,2,329.0,0,0,19,30.0,2026-05-30,6251.0,,0
CUST-103711,2025-01-01,Referral,Pune,Male,65,1,Basic,Monthly,UPI,Yes,0,222.0,1,0,16,8.0,2026-05-15,3552.0,,0
CUST-103712,2026-03-16,Email,Bengaluru,Male,18,0,Basic,Annual,UPI,Yes,0,220.0,1,1,1,18.0,2026-04-15,220.0,2026-04-15,1
CUST-103713,2025-02-12,Referral,Chennai,Female,64,1,Premium,Two-Year,Debit Card,No,0,796.0,1,1,15,12.0,2026-05-02,11940.0,,0
CUST-103714,2026-05-10,Affiliate,Bengaluru,Female,18,0,Standard,Annual,UPI,No,1,566.0,1,1,0,29.0,2026-05-15,566.0,,0
CUST-103715,2025-07-25,Affiliate,Jaipur,Female,21,0,Standard,Two-Year,UPI,Yes,2,627.0,1,1,10,16.0,2026-05-08,6270.0,,0
CUST-103716,2025-12-30,Referral,Kolkata,Male,20,0,Premium,Annual,UPI,No,1,867.0,1,1,5,12.0,2026-05-12,4335.0,,0
CUST-103717,2024-11-15,Affiliate,Mumbai,Female,27,0,Standard,Monthly,UPI,No,3,680.0,1,1,13,30.0,2025-12-10,8840.0,2025-12-10,1
CUST-103718,2024-10-19,Email,Hyderabad,Male,55,0,Basic,Annual,UPI,No,0,217.0,1,0,19,8.0,2026-05-03,4123.0,,0
CUST-103719,2025-03-06,Paid Social,Mumbai,Female,38,0,Standard,Annual,Credit Card,No,1,549.0,1,0,14,10.0,2026-05-31,7686.0,,0
CUST-103720,2025-12-31,Paid Search,Chennai,Male,22,0,Standard,Monthly,UPI,Yes,0,481.0,0,0,5,18.0,2026-05-10,2405.0,,0
CUST-103721,2025-10-14,Paid Search,Pune,Female,35,0,Basic,Monthly,Credit Card,Yes,3,383.0,0,0,7,23.0,2026-05-21,2681.0,,0
CUST-103722,2025-06-16,Affiliate,Delhi,Male,69,1,Standard,Monthly,Debit Card,Yes,2,613.0,1,0,11,12.0,2026-05-28,6743.0,,0
CUST-103723,2024-10-11,Paid Social,Mumbai,Female,45,0,Standard,Monthly,UPI,Yes,2,647.0,1,1,7,20.0,2025-05-09,4529.0,2025-05-09,1
CUST-103724,2024-06-21,Affiliate,Delhi,Female,55,0,Basic,Two-Year,Net Banking,Yes,3,371.0,1,1,23,36.0,2026-05-10,8533.0,,0
CUST-103725,2024-09-02,Referral,Chennai,Female,31,0,Standard,Two-Year,UPI,Yes,3,693.0,1,1,20,17.0,2026-05-07,13860.0,,0
CUST-103726,2025-09-30,Email,Chennai,Male,45,0,Basic,Annual,Net Banking,Yes,1,265.0,1,0,8,18.0,2026-05-22,2120.0,,0
CUST-103727,2026-04-29,Organic Search,Ahmedabad,Male,59,0,Basic,Monthly,Wallet,Yes,3,357.0,1,1,0,17.0,2026-04-29,357.0,2026-04-29,1
CUST-103728,2026-05-14,Referral,Delhi,Female,53,0,Basic,Monthly,Wallet,No,1,267.0,1,1,0,25.0,2026-05-16,267.0,,0
CUST-103729,2025-12-11,Referral,DELHI,Female,18,0,Standard,Monthly,Credit Card,Yes,2,608.0,1,1,5,12.0,2026-05-18,3040.0,,0
CUST-103730,2025-04-11,Email,Pune,Female,49,0,Premium,Monthly,Debit Card,Yes,1,894.0,1,1,13,13.0,2026-05-22,11622.0,,0
CUST-103731,2025-11-06,Affiliate,Mumbai,Male,59,0,Standard,Annual,UPI,Yes,1,546.0,0,0,6,14.0,2026-05-18,3276.0,,0
CUST-103732,2024-07-17,Paid Search,Delhi,Male,25,0,Standard,Monthly,Wallet,Yes,2,604.0,1,1,6,14.0,2025-01-13,3624.0,2025-01-13,1
CUST-103733,2025-02-12,Paid Search,Kolkata,Male,38,0,Basic,Monthly,UPI,Yes,2,285.0,1,0,15,23.0,2026-05-30,4275.0,,0
CUST-103734,2024-11-16,Organic Search,Bengaluru,Female,51,0,Standard,Monthly,Credit Card,Yes,3,666.0,1,0,18,25.0,2026-05-04,11988.0,,0
CUST-103735,2026-05-12,Email,Hyderabad,Male,18,0,Basic,Two-Year,Credit Card,Yes,2,329.0,0,0,0,23.0,2026-05-26,329.0,,0
CUST-103736,2025-07-13,Organic Search,Bengaluru,Male,54,0,Standard,Monthly,Net Banking,Yes,1,542.0,1,1,10,6.0,2026-05-10,5420.0,,0
CUST-103737,2026-04-16,Referral,Bengaluru,Female,62,1,Standard,Monthly,Debit Card,No,3,686.0,1,1,1,19.0,2026-05-26,686.0,,0
CUST-103738,2025-12-29,Referral,Pune,Female,45,0,Basic,Monthly,UPI,Yes,3,382.0,1,1,5,21.0,2026-05-28,1910.0,,0
CUST-103739,2025-11-17,Paid Social,Mumbai,Female,41,0,Premium,Monthly,UPI,No,2,903.0,0,0,6,8.0,2026-05-31,5418.0,,0
CUST-103740,2024-10-14,Organic Search,Mumbai,Male,22,0,Basic,Annual,Net Banking,Yes,1,256.0,1,1,19,13.0,2026-05-11,4864.0,,0
CUST-103741,2024-07-27,Organic Search,Surat,Male,55,0,Standard,Annual,Wallet,Yes,3,664.0,1,1,22,36.0,2026-05-17,14608.0,,0
CUST-103742,2024-11-07,Affiliate,Kolkata,Male,67,1,Standard,Annual,UPI,Yes,2,631.0,1,1,18,27.0,2026-05-29,11358.0,,0
CUST-103743,2026-01-23,Paid Search,Hyderabad,Male,63,1,Standard,Monthly,Debit Card,No,1,531.0,1,1,4,7.0,2026-05-26,2124.0,,0
CUST-103744,2026-04-04,Organic Search,Mumbai,Female,46,0,Standard,Two-Year,Credit Card,Yes,1,569.0,1,1,1,24.0,2026-05-06,569.0,,0
CUST-103745,2025-10-23,Referral,Ahmedabad,Male,19,0,Basic,Annual,UPI,Yes,3,367.0,1,1,5,27.0,2026-03-22,1835.0,2026-03-22,1
CUST-103746,2026-03-05,Organic Search,Mumbai,Male,32,0,Premium,Two-Year,UPI,Yes,2,920.0,1,1,2,16.0,2026-05-21,1840.0,,0
CUST-103747,2024-07-25,Affiliate,Jaipur,Male,31,0,Standard,Monthly,Debit Card,No,2,625.0,0,0,22,21.0,2026-05-14,13750.0,,0
CUST-103748,2026-03-30,Paid Social,Chennai,Female,18,0,Standard,Two-Year,UPI,Yes,3,,1,1,2,19.0,2026-05-09,1360.0,,0
CUST-103749,2024-08-18,Organic Search,Bengaluru,Female,24,0,Standard,Annual,Net Banking,Yes,0,529.0,1,1,21,5.0,2026-05-12,11109.0,,0
CUST-103750,2024-10-07,Organic Search,Surat,Male,47,0,Basic,Monthly,UPI,Yes,1,252.0,1,1,19,16.0,2026-05-26,4788.0,,0
CUST-103751,2026-01-26,Paid Search,Mumbai,Male,23,0,Standard,Monthly,Credit Card,No,2,597.0,1,1,2,11.0,2026-03-27,1194.0,2026-03-27,1
CUST-103752,2026-04-11,Paid Social,Bengaluru,Male,20,0,Basic,Monthly,UPI,Yes,1,290.0,1,0,1,11.0,2026-05-05,290.0,,0
CUST-103753,2024-09-24,Referral,Mumbai,Female,67,1,Premium,Annual,Debit Card,Yes,3,983.0,1,1,20,27.0,2026-05-22,19660.0,,0
CUST-103754,2025-02-03,Paid Social,Delhi,Male,49,0,Basic,Monthly,UPI,Yes,1,260.0,0,0,15,19.0,2026-05-02,3900.0,,0
CUST-103755,2026-01-24,Paid Social,Jaipur,Male,59,0,Standard,Annual,UPI,Yes,2,652.0,1,1,4,23.0,2026-05-22,2608.0,,0
CUST-103756,2025-06-12,Organic Search,Kolkata,Female,30,0,Premium,Annual,Credit Card,Yes,1,838.0,0,0,11,20.0,2026-05-09,9218.0,,0
CUST-103757,2025-03-22,Paid Social,Ahmedabad,Male,36,0,Premium,Annual,Credit Card,No,2,917.0,0,0,14,12.0,2026-05-13,12838.0,,0
CUST-103758,2025-04-29,Email,Mumbai,Female,49,0,Standard,Monthly,Credit Card,Yes,0,482.0,1,1,13,10.0,2026-05-15,6266.0,,0
CUST-103759,2025-01-01,Organic Search,Pune,Male,53,0,Standard,Two-Year,UPI,Yes,3,676.0,1,1,16,32.0,2026-05-03,10816.0,,0
CUST-103760,2026-05-14,Email,Ahmedabad,Female,37,0,Standard,Monthly,UPI,Yes,1,537.0,1,1,0,31.0,2026-05-29,537.0,,0
CUST-103761,2025-06-19,Paid Social,Bengaluru,Male,65,1,Basic,Annual,UPI,Yes,3,379.0,1,1,11,23.0,2026-05-06,4169.0,,0
CUST-103762,2024-12-09,Organic Search,Pune,Male,54,0,Standard,Monthly,UPI,No,3,678.0,1,1,17,25.0,2026-05-02,11526.0,,0
CUST-103763,2026-03-15,Organic Search,Delhi,Male,29,0,Standard,Monthly,UPI,No,0,498.0,1,1,1,29.0,2026-04-14,498.0,2026-04-14,1
CUST-103764,2026-04-30,Organic Search,Delhi,Male,23,0,Basic,Monthly,UPI,No,0,164.0,1,0,1,9.0,2026-05-26,164.0,,0
CUST-103765,2024-07-17,Referral,Mumbai,Female,18,0,Standard,Annual,Credit Card,No,1,570.0,0,0,22,20.0,2026-05-15,12540.0,,0
CUST-103766,2026-05-01,Paid Search,Jaipur,Male,61,1,Basic,Annual,UPI,Yes,1,255.0,1,1,0,14.0,2026-05-14,255.0,,0
CUST-103767,2026-05-07,Paid Social,Delhi,Male,60,1,Standard,Monthly,Credit Card,No,3,718.0,1,0,0,4.0,2026-05-14,718.0,,0
CUST-103768,2026-03-31,Paid Search,Pune,Female,42,0,Standard,Monthly,Debit Card,No,0,491.0,1,1,1,11.0,2026-04-30,491.0,2026-04-30,1
CUST-103769,2024-09-12,Paid Search,Delhi,Male,55,0,Premium,Annual,Debit Card,Yes,0,789.0,1,1,20,20.0,2026-05-11,15780.0,,0
CUST-103770,2025-02-16,Email,Hyderabad,Female,63,1,Basic,Monthly,Credit Card,No,0,201.0,1,1,8,4.0,2025-10-14,1608.0,2025-10-14,1
CUST-103771,2026-02-22,Email,Ahmedabad,Female,26,0,Basic,Monthly,UPI,Yes,3,360.0,1,0,3,25.0,2026-05-08,1080.0,,0
CUST-103772,2025-03-01,Referral,Ahmedabad,Male,69,1,Standard,Annual,Credit Card,Yes,2,637.0,1,1,14,12.0,2026-05-23,8918.0,,0
CUST-103773,2025-04-15,Affiliate,Hyderabad,Female,43,0,Standard,Monthly,UPI,Yes,2,604.0,1,1,4,15.0,2025-08-13,2416.0,2025-08-13,1
CUST-103774,2024-10-27,Referral,Hyderabad,Female,40,0,Basic,Monthly,Credit Card,Yes,3,366.0,1,1,19,22.0,2026-05-08,6954.0,,0
CUST-103775,2025-04-02,Paid Search,Mumbai,Female,26,0,Standard,Monthly,Wallet,No,1,571.0,1,1,13,11.0,2026-05-31,7423.0,,0
CUST-103776,2025-05-13,Referral,Delhi,Male,52,0,Premium,Annual,Credit Card,Yes,1,862.0,1,1,12,20.0,2026-05-16,10344.0,,0
CUST-103777,2025-03-25,Organic Search,Jaipur,Male,49,0,Standard,Annual,Wallet,Yes,2,622.0,1,1,14,21.0,2026-05-15,8708.0,,0
CUST-103778,2024-11-29,Referral,AHMEDABAD,Female,19,0,Basic,Monthly,UPI,No,3,359.0,1,1,18,23.0,2026-05-10,6462.0,,0
CUST-103779,2024-08-04,Email,Mumbai,Female,51,0,Basic,Monthly,UPI,Yes,3,394.0,1,0,21,33.0,2026-05-05,8274.0,,0
CUST-103780,2025-09-01,Organic Search,Delhi,Male,25,0,Standard,Monthly,UPI,Yes,0,484.0,1,1,8,11.0,2026-05-29,3872.0,,0
CUST-103781,2024-07-16,Affiliate,Mumbai,Male,32,0,Standard,Monthly,UPI,No,1,533.0,1,1,22,21.0,2026-05-29,11726.0,,0
CUST-103782,2026-02-23,Email,Pune,Female,49,0,Premium,Monthly,UPI,No,3,985.0,1,1,3,17.0,2026-05-27,2955.0,,0
CUST-103783,2024-07-23,Organic Search,Hyderabad,Female,58,0,Basic,Monthly,Wallet,Yes,0,196.0,1,0,22,12.0,2026-05-21,4312.0,,0
CUST-103784,2026-04-24,Paid Search,Bengaluru,Female,24,0,Standard,Annual,Credit Card,No,1,555.0,1,1,1,26.0,2026-05-24,555.0,2026-05-24,1
CUST-103785,2025-07-10,Email,Pune,Female,42,0,Premium,Monthly,Wallet,No,3,989.0,1,0,10,26.0,2026-05-15,9890.0,,0
CUST-103786,2025-04-16,Email,Delhi,Male,32,0,Basic,Two-Year,Net Banking,Yes,3,374.0,1,1,13,20.0,2026-05-21,4862.0,,0
CUST-103787,2026-02-08,Organic Search,Hyderabad,Female,54,0,Premium,Two-Year,Debit Card,No,2,893.0,1,1,3,28.0,2026-05-23,2679.0,,0
CUST-103788,2025-04-11,Paid Social,Ahmedabad,Male,61,1,Standard,Monthly,Wallet,No,3,674.0,0,0,13,20.0,2026-05-14,8762.0,,0
CUST-103789,2024-09-09,Referral,Delhi,Male,51,0,Standard,Annual,UPI,No,0,503.0,1,1,20,18.0,2026-05-16,10060.0,,0
CUST-103790,2025-06-11,Organic Search,Hyderabad,Male,59,0,Basic,Annual,Net Banking,Yes,1,262.0,1,1,11,22.0,2026-05-24,2882.0,,0
CUST-103791,2025-05-22,Paid Social,Delhi,Female,41,0,Premium,Monthly,Debit Card,No,0,796.0,1,1,9,15.0,2026-02-16,7164.0,2026-02-16,1
CUST-103792,2026-03-27,Organic Search,Ahmedabad,Male,49,0,Premium,Monthly,Credit Card,Yes,3,1015.0,1,1,2,15.0,2026-05-18,2030.0,,0
CUST-103793,2025-06-12,Organic Search,DELHI,Male,33,0,Basic,Two-Year,Debit Card,No,2,344.0,1,1,11,21.0,2026-05-08,3784.0,,0
CUST-103794,2024-07-28,Paid Search,Hyderabad,Male,69,1,Standard,Monthly,Wallet,Yes,3,661.0,1,1,22,32.0,2026-05-24,14542.0,,0
CUST-103795,2025-02-02,Paid Search,Ahmedabad,Male,28,0,Basic,Annual,Wallet,No,2,298.0,1,1,15,16.0,2026-05-18,4470.0,,0
CUST-103796,2025-01-10,Paid Search,Hyderabad,Male,65,1,Basic,Annual,UPI,No,2,339.0,1,1,16,44.0,2026-05-26,5424.0,,0
CUST-103797,2024-11-10,Referral,Chennai,Male,56,0,Standard,Monthly,UPI,Yes,3,695.0,1,1,18,18.0,2026-05-07,12510.0,,0
CUST-103798,2024-10-22,Paid Social,Pune,Male,69,1,Standard,Monthly,UPI,Yes,1,581.0,1,1,19,23.0,2026-05-05,11039.0,,0
CUST-103799,2024-07-28,Paid Social,Mumbai,Male,51,0,Basic,Two-Year,Net Banking,Yes,3,,1,0,22,13.0,2026-05-10,8184.0,,0
CUST-103800,2025-12-18,Organic Search,Chennai,Female,36,0,Basic,Monthly,UPI,Yes,3,377.0,1,1,5,25.0,2026-05-27,1885.0,,0
CUST-103801,2025-03-16,Organic Search,Mumbai,Female,32,0,Basic,Monthly,Debit Card,No,2,292.0,1,1,14,8.0,2026-05-17,4088.0,,0
CUST-103802,2025-03-03,Paid Social,Kolkata,Female,27,0,Basic,Monthly,UPI,No,1,261.0,1,0,14,21.0,2026-05-26,3654.0,,0
CUST-103803,2025-04-12,Organic Search,Hyderabad,Male,68,1,Basic,Annual,Wallet,No,2,309.0,0,0,13,20.0,2026-05-15,4017.0,,0
CUST-103804,2026-05-04,Organic Search,Ahmedabad,Male,23,0,Basic,Annual,Net Banking,No,3,367.0,1,1,0,31.0,2026-05-08,367.0,,0
CUST-103805,2025-10-24,Organic Search,Chennai,Male,60,1,Premium,Monthly,Credit Card,Yes,2,933.0,1,1,7,11.0,2026-05-22,6531.0,2026-05-22,1
CUST-103806,2026-05-15,Paid Search,Bengaluru,Female,54,0,Basic,Annual,UPI,Yes,3,377.0,1,1,0,25.0,2026-05-14,377.0,,0
CUST-103807,2025-08-12,Paid Search,Bengaluru,Male,24,0,Premium,Two-Year,Net Banking,Yes,2,931.0,1,1,9,26.0,2026-05-25,8379.0,,0
CUST-103808,2026-03-05,Email,Delhi,Male,65,1,Basic,Monthly,UPI,Yes,1,257.0,1,1,2,23.0,2026-05-10,514.0,,0
CUST-103809,2026-04-06,Referral,Pune,Female,26,0,Standard,Annual,Credit Card,No,3,687.0,1,1,1,17.0,2026-05-15,687.0,,0
CUST-103810,2025-06-07,Paid Search,Hyderabad,Female,26,0,Basic,Monthly,Wallet,No,1,239.0,1,0,11,16.0,2026-05-05,2629.0,,0
CUST-103811,2025-05-25,Organic Search,Kolkata,Male,46,0,Basic,Monthly,Debit Card,Yes,0,184.0,1,1,12,13.0,2026-05-31,2208.0,,0
CUST-103812,2026-04-10,Paid Search,Mumbai,Female,23,0,Standard,Monthly,Wallet,Yes,3,686.0,1,1,1,22.0,2026-05-06,686.0,,0
CUST-103813,2025-11-09,Organic Search,Pune,Male,23,0,Basic,Monthly,Credit Card,Yes,2,344.0,1,1,6,8.0,2026-05-31,2064.0,,0
CUST-103814,2025-03-02,Paid Social,Hyderabad,Male,50,0,Basic,Two-Year,Debit Card,No,0,206.0,1,1,14,27.0,2026-05-09,2884.0,,0
CUST-103815,2025-01-20,Paid Social,Pune,Male,68,1,Basic,Monthly,Wallet,No,0,199.0,1,1,16,8.0,2026-05-15,3184.0,,0
CUST-103816,2025-03-14,Paid Social,Bengaluru,Female,20,0,Standard,Annual,Debit Card,Yes,3,702.0,1,1,11,27.0,2026-02-07,7722.0,2026-02-07,1
CUST-103817,2024-12-04,Paid Social,Delhi,Male,51,0,Basic,Monthly,Wallet,No,2,316.0,0,0,17,9.0,2026-05-20,5372.0,,0
CUST-103818,2025-05-11,Referral,Hyderabad,Female,49,0,Basic,Monthly,Net Banking,No,2,307.0,1,0,12,9.0,2026-05-14,3684.0,,0
CUST-103819,2025-10-05,Affiliate,Delhi,Male,21,0,Basic,Two-Year,UPI,Yes,2,319.0,1,1,7,26.0,2026-05-07,2233.0,,0
CUST-103820,2025-10-22,Referral,Mumbai,Female,25,0,Standard,Annual,UPI,No,3,685.0,1,1,7,28.0,2026-05-23,4795.0,,0
CUST-103821,2024-07-01,Paid Search,Bengaluru,Female,41,0,Premium,Monthly,Debit Card,Yes,1,840.0,1,1,22,23.0,2026-05-02,18480.0,,0
CUST-103822,2024-07-17,Paid Search,Mumbai,Female,54,0,Basic,Monthly,Net Banking,No,0,201.0,1,0,22,17.0,2026-05-10,4422.0,,0
CUST-103823,2025-09-02,Organic Search,Ahmedabad,Female,29,0,Basic,Monthly,Net Banking,No,3,353.0,1,1,8,31.0,2026-05-22,2824.0,,0
CUST-103824,2025-06-26,Referral,Ahmedabad,Female,40,0,Standard,Two-Year,UPI,Yes,1,554.0,1,1,11,22.0,2026-05-06,6094.0,,0
CUST-103825,2024-07-12,Paid Search,Hyderabad,Female,43,0,Premium,Monthly,Debit Card,Yes,2,917.0,1,0,22,13.0,2026-05-12,20174.0,,0
CUST-103826,2026-05-06,Paid Social,Surat,Male,55,0,Basic,Monthly,Debit Card,No,2,319.0,0,0,0,34.0,2026-05-05,319.0,,0
CUST-103827,2026-05-14,Paid Social,Bengaluru,Female,30,0,Standard,Annual,Credit Card,Yes,3,650.0,1,0,0,16.0,2026-05-09,650.0,,0
CUST-103828,2024-07-20,Email,Mumbai,Male,53,0,Standard,Two-Year,Credit Card,Yes,0,501.0,1,1,22,24.0,2026-05-10,11022.0,,0
CUST-103829,2024-06-05,Paid Search,Chennai,Male,61,1,Basic,Monthly,Wallet,Yes,3,392.0,1,1,23,24.0,2026-05-08,9016.0,,0
CUST-103830,2024-08-02,Paid Social,Mumbai,Male,48,0,Standard,Annual,Credit Card,Yes,3,700.0,1,1,21,31.0,2026-05-03,14700.0,,0
CUST-103831,2025-09-18,Paid Search,Surat,Male,55,0,Standard,Monthly,UPI,No,3,701.0,1,1,8,20.0,2026-05-12,5608.0,,0
CUST-103832,2026-04-20,Paid Social,Bengaluru,Female,26,0,Basic,Annual,Credit Card,Yes,3,379.0,0,0,1,24.0,2026-05-02,379.0,,0
CUST-103833,2025-03-23,Paid Social,Mumbai,Male,65,1,Basic,Monthly,UPI,No,0,236.0,1,1,14,12.0,2026-05-20,3304.0,,0
CUST-103834,2026-01-27,Paid Social,Bengaluru,Male,33,0,Basic,Two-Year,Debit Card,No,3,368.0,1,1,4,28.0,2026-05-20,1472.0,,0
CUST-103835,2024-11-01,Paid Social,Delhi,Female,28,0,Basic,Annual,Wallet,No,3,368.0,1,1,18,14.0,2026-05-13,6624.0,,0
CUST-103836,2024-06-01,Referral,Chennai,Female,46,0,Standard,Two-Year,Debit Card,Yes,3,679.0,1,1,23,33.0,2026-05-29,15617.0,,0
CUST-103837,2025-05-18,Organic Search,Ahmedabad,Male,38,0,Standard,Monthly,Net Banking,Yes,3,691.0,1,1,7,39.0,2025-12-14,4837.0,2025-12-14,1
CUST-103838,2025-04-26,Referral,Kolkata,Female,41,0,Premium,Two-Year,Debit Card,No,1,869.0,1,1,13,27.0,2026-05-21,11297.0,,0
CUST-103839,2026-05-28,Paid Social,Hyderabad,Male,59,0,Standard,Monthly,Credit Card,Yes,3,643.0,1,1,0,6.0,2026-05-02,643.0,,0
CUST-103840,2025-01-12,Referral,Kolkata,Male,45,0,Basic,Monthly,Credit Card,Yes,0,185.0,1,1,14,13.0,2026-03-08,2590.0,2026-03-08,1
CUST-103841,2025-04-12,Paid Search,Kolkata,Female,37,0,Basic,Monthly,Credit Card,No,3,391.0,0,0,13,27.0,2026-05-04,5083.0,,0
CUST-103842,2024-10-01,Paid Search,Mumbai,Female,59,0,Standard,Annual,UPI,No,0,486.0,1,1,19,9.0,2026-05-17,9234.0,,0
CUST-103843,2025-03-19,Paid Search,Bengaluru,Female,37,0,Basic,Monthly,UPI,Yes,3,377.0,1,1,14,13.0,2026-05-07,5278.0,,0
CUST-103844,2024-07-09,Email,Chennai,Male,67,1,Basic,Annual,Debit Card,Yes,0,204.0,1,0,22,18.0,2026-05-04,4488.0,,0
CUST-103845,2025-02-06,Paid Search,Delhi,Male,69,1,Standard,Annual,UPI,Yes,2,626.0,1,1,15,18.0,2026-05-31,9390.0,,0
CUST-103846,2024-11-30,Referral,Ahmedabad,Male,42,0,Standard,Annual,UPI,Yes,0,512.0,1,1,18,14.0,2026-05-30,9216.0,,0
CUST-103847,2025-03-03,Referral,Delhi,Female,58,0,Basic,Annual,Credit Card,Yes,0,218.0,1,1,14,8.0,2026-05-20,3052.0,,0
CUST-103848,2025-09-19,Organic Search,Mumbai,Male,54,0,Standard,Annual,Wallet,No,0,508.0,0,0,8,27.0,2026-05-19,4064.0,,0
CUST-103849,2025-12-25,Paid Social,Kolkata,Male,62,1,Basic,Monthly,UPI,No,1,241.0,1,0,5,7.0,2026-05-16,1205.0,,0
CUST-103850,2025-01-08,Paid Social,BENGALURU,Male,41,0,Standard,Annual,Net Banking,No,3,688.0,1,1,16,20.0,2026-05-22,11008.0,,0
CUST-103851,2026-02-28,Paid Social,Hyderabad,Female,39,0,Standard,Monthly,Credit Card,Yes,0,515.0,0,0,3,15.0,2026-05-09,1545.0,,0
CUST-103852,2025-01-11,Paid Social,Surat,Male,32,0,Standard,Annual,UPI,No,0,506.0,0,0,16,13.0,2026-05-19,8096.0,,0
CUST-103853,2024-07-28,Paid Social,Delhi,Female,48,0,Basic,Annual,UPI,Yes,1,278.0,1,1,22,16.0,2026-05-13,6116.0,,0
CUST-103854,2024-12-09,Paid Search,Hyderabad,Male,50,0,Standard,Monthly,UPI,No,0,503.0,1,1,17,22.0,2026-05-06,8551.0,,0
CUST-103855,2024-11-23,Organic Search,Ahmedabad,Male,41,0,Basic,Monthly,Credit Card,Yes,1,257.0,1,1,18,21.0,2026-05-04,4626.0,,0
CUST-103856,2024-08-10,Affiliate,Ahmedabad,Male,34,0,Standard,Monthly,Credit Card,Yes,1,546.0,1,1,21,21.0,2026-05-13,11466.0,,0
CUST-103857,2025-09-24,Paid Social,Mumbai,Male,41,0,Premium,Annual,Debit Card,Yes,2,950.0,0,0,8,18.0,2026-05-09,7600.0,,0
CUST-103858,2025-08-07,Referral,Delhi,Female,44,0,Basic,Two-Year,UPI,Yes,2,303.0,1,1,9,13.0,2026-05-08,2727.0,,0
CUST-103859,2025-01-09,Organic Search,Delhi,Female,24,0,Standard,Monthly,UPI,Yes,3,679.0,1,0,16,30.0,2026-05-12,10864.0,,0
CUST-103860,2025-11-16,Paid Social,Bengaluru,Male,52,0,Basic,Two-Year,UPI,No,1,254.0,1,0,6,14.0,2026-05-08,1524.0,,0
CUST-103861,2024-11-09,Organic Search,Mumbai,Male,61,1,Standard,Monthly,Net Banking,No,3,659.0,1,1,3,13.0,2025-02-07,1977.0,2025-02-07,1
CUST-103862,2026-05-16,Referral,Ahmedabad,Male,34,0,Standard,Two-Year,UPI,Yes,2,632.0,1,1,0,19.0,2026-05-11,632.0,,0
CUST-103863,2025-02-10,Paid Social,Pune,Female,38,0,Standard,Two-Year,Credit Card,No,3,686.0,1,0,15,22.0,2026-05-12,10290.0,,0
CUST-103864,2024-11-13,Email,Ahmedabad,Female,22,0,Standard,Monthly,Debit Card,Yes,2,623.0,1,1,18,11.0,2026-05-04,11214.0,,0
CUST-103865,2025-11-27,Paid Social,Chennai,Female,48,0,Premium,Two-Year,UPI,No,0,790.0,1,0,6,13.0,2026-05-29,4740.0,,0
CUST-103866,2024-09-27,Paid Search,Jaipur,Male,40,0,Premium,Monthly,UPI,Yes,0,807.0,1,1,20,16.0,2026-05-16,16140.0,,0
CUST-103867,2026-05-01,Organic Search,Hyderabad,Male,62,1,Premium,Monthly,Credit Card,No,3,975.0,1,1,0,12.0,2026-05-01,975.0,2026-05-01,1
CUST-103868,2025-10-29,Paid Search,Pune,Female,65,1,Basic,Annual,Wallet,No,0,206.0,1,1,0,25.0,2025-10-29,206.0,2025-10-29,1
CUST-103869,2024-10-28,Paid Social,Pune,Male,58,0,Premium,Monthly,Net Banking,Yes,3,1001.0,1,0,19,10.0,2026-05-14,19019.0,,0
CUST-103870,2025-01-22,Paid Social,Pune,Female,28,0,Basic,Monthly,UPI,No,1,222.0,1,1,16,22.0,2026-05-15,3552.0,,0
CUST-103871,2026-05-06,Organic Search,Jaipur,Female,28,0,Basic,Monthly,UPI,No,3,394.0,1,1,0,23.0,2026-05-25,394.0,,0
CUST-103872,2025-06-06,Organic Search,Surat,Female,43,0,Basic,Annual,UPI,No,1,295.0,1,1,11,37.0,2026-05-07,3245.0,,0
CUST-103873,2025-07-06,Organic Search,Delhi,Female,50,0,Basic,Annual,UPI,No,0,225.0,1,1,10,17.0,2026-05-31,2250.0,,0
CUST-103874,2025-10-30,Email,Pune,Male,19,0,Standard,Annual,Wallet,Yes,1,571.0,1,1,7,9.0,2026-05-24,3997.0,,0
CUST-103875,2024-12-04,Paid Social,Chennai,Female,43,0,Basic,Two-Year,UPI,Yes,3,397.0,1,0,17,14.0,2026-05-22,6749.0,,0
CUST-103876,2025-04-02,Organic Search,Ahmedabad,Male,22,0,Standard,Two-Year,UPI,No,2,606.0,1,1,13,19.0,2026-05-17,7878.0,,0
CUST-103877,2025-04-03,Email,Bengaluru,Female,31,0,Basic,Annual,UPI,Yes,2,323.0,1,1,13,4.0,2026-05-14,4199.0,,0
CUST-103878,2025-02-26,Organic Search,Pune,Male,36,0,Basic,Two-Year,Net Banking,No,2,317.0,1,1,15,12.0,2026-05-08,4755.0,,0
CUST-103879,2025-01-16,Paid Social,Hyderabad,Female,20,0,Premium,Monthly,Credit Card,No,2,912.0,1,0,16,22.0,2026-05-10,14592.0,,0
CUST-103880,2025-04-17,Referral,Delhi,Female,31,0,Standard,Annual,UPI,No,2,634.0,1,1,13,37.0,2026-05-09,8242.0,,0
CUST-103881,2025-12-26,Affiliate,Delhi,Female,50,0,Basic,Monthly,UPI,Yes,1,256.0,1,0,5,14.0,2026-05-07,1280.0,,0
CUST-103882,2025-04-30,Referral,Mumbai,Male,69,1,Standard,Monthly,UPI,Yes,0,471.0,1,1,10,9.0,2026-02-24,4710.0,2026-02-24,1
CUST-103883,2024-08-04,Paid Social,Bengaluru,Male,58,0,Premium,Monthly,UPI,No,3,986.0,1,0,21,27.0,2026-05-04,20706.0,,0
CUST-103884,2024-06-01,Email,Jaipur,Female,33,0,Basic,Monthly,Wallet,Yes,1,259.0,1,1,23,27.0,2026-05-11,5957.0,,0
CUST-103885,2024-06-16,Organic Search,Kolkata,Female,66,1,Basic,Two-Year,Debit Card,Yes,3,389.0,1,1,23,21.0,2026-05-07,8947.0,,0
CUST-103886,2024-10-16,Email,Delhi,Male,40,0,Premium,Monthly,Debit Card,No,2,913.0,0,0,19,23.0,2026-05-02,17347.0,,0
CUST-103887,2025-12-07,Affiliate,Mumbai,Female,36,0,Basic,Two-Year,Credit Card,Yes,3,353.0,1,1,5,33.0,2026-05-26,1765.0,,0
CUST-103888,2025-08-19,Email,Chennai,Female,62,1,Basic,Monthly,Credit Card,No,2,304.0,1,1,9,21.0,2026-05-05,2736.0,,0
CUST-103889,2025-02-10,Organic Search,Hyderabad,Female,38,0,Basic,Annual,Debit Card,Yes,0,185.0,1,0,15,12.0,2026-05-05,2775.0,,0
CUST-103890,2024-06-13,Organic Search,Bengaluru,Female,56,0,Basic,Monthly,UPI,No,0,184.0,1,1,23,13.0,2026-05-13,4232.0,,0
CUST-103891,2025-01-26,Paid Search,Delhi,Female,26,0,Premium,Two-Year,Debit Card,Yes,0,791.0,1,1,0,9.0,2025-01-26,791.0,2025-01-26,1
CUST-103892,2024-12-19,Paid Search,Ahmedabad,Female,35,0,Premium,Monthly,Credit Card,Yes,0,810.0,0,0,17,10.0,2026-05-11,13770.0,,0
CUST-103893,2025-05-29,Paid Search,Chennai,Male,69,1,Standard,Annual,UPI,No,3,658.0,1,1,12,27.0,2026-05-08,7896.0,,0
CUST-103894,2025-04-18,Email,Pune,Female,30,0,Standard,Two-Year,UPI,No,0,512.0,1,1,13,16.0,2026-05-26,6656.0,,0
CUST-103895,2024-10-04,Paid Search,Delhi,Female,62,1,Premium,Annual,Net Banking,Yes,3,960.0,1,0,19,12.0,2026-05-23,18240.0,,0
CUST-103896,2025-04-19,Paid Social,Jaipur,Female,42,0,Standard,Annual,Wallet,Yes,1,553.0,1,1,1,21.0,2025-05-19,553.0,2025-05-19,1
CUST-103897,2024-08-28,Paid Social,Pune,Female,67,1,Standard,Monthly,UPI,Yes,3,678.0,1,0,21,27.0,2026-05-21,14238.0,,0
CUST-103898,2024-07-05,Organic Search,Jaipur,Female,39,0,Premium,Monthly,UPI,No,3,975.0,1,1,10,20.0,2025-05-01,9750.0,2025-05-01,1
CUST-103899,2026-04-05,Organic Search,Bengaluru,Male,43,0,Basic,Monthly,Debit Card,Yes,3,388.0,1,1,1,22.0,2026-05-09,388.0,,0
CUST-103900,2026-03-01,Organic Search,Bengaluru,Male,38,0,Basic,Monthly,Debit Card,Yes,1,257.0,1,1,2,28.0,2026-04-30,514.0,2026-04-30,1
CUST-103901,2026-05-27,Affiliate,Jaipur,Male,28,0,Standard,Monthly,Credit Card,Yes,0,497.0,1,1,0,23.0,2026-05-27,497.0,2026-05-27,1
CUST-103902,2024-08-05,Referral,Jaipur,Female,61,1,Standard,Annual,Wallet,No,2,583.0,1,1,21,25.0,2026-05-28,12243.0,,0
CUST-103903,2025-10-07,Paid Search,Surat,Female,47,0,Basic,Two-Year,Net Banking,No,2,325.0,0,0,7,31.0,2026-05-16,2275.0,,0
CUST-103904,2026-03-01,Paid Social,CHENNAI,Male,44,0,Basic,Annual,UPI,Yes,1,287.0,0,0,2,27.0,2026-05-03,574.0,,0
CUST-103905,2025-03-20,Paid Search,Bengaluru,Male,37,0,Standard,Annual,UPI,No,0,492.0,1,1,14,17.0,2026-05-16,6888.0,,0
CUST-103906,2026-05-24,Affiliate,Mumbai,Female,58,0,Standard,Monthly,UPI,Yes,1,569.0,0,0,0,18.0,2026-05-16,569.0,,0
CUST-103907,2026-05-06,Affiliate,Delhi,Male,36,0,Premium,Monthly,Net Banking,Yes,1,847.0,1,1,0,17.0,2026-05-06,847.0,2026-05-06,1
CUST-103908,2024-10-09,Paid Search,Jaipur,Male,30,0,Premium,Annual,Credit Card,Yes,0,814.0,1,1,5,31.0,2025-03-08,4070.0,2025-03-08,1
CUST-103909,2026-02-22,Affiliate,Delhi,Male,22,0,Standard,Monthly,Wallet,No,0,507.0,1,1,3,16.0,2026-05-09,1521.0,,0
CUST-103910,2024-07-22,Paid Search,Hyderabad,Female,63,1,Standard,Monthly,Debit Card,No,1,554.0,1,0,22,19.0,2026-05-15,12188.0,,0
CUST-103911,2024-09-22,Paid Social,Jaipur,Female,21,0,Standard,Two-Year,Debit Card,Yes,1,553.0,1,1,20,33.0,2026-05-21,11060.0,,0
CUST-103912,2024-08-28,Affiliate,Surat,Female,61,1,Basic,Monthly,UPI,Yes,2,329.0,1,1,13,21.0,2025-09-22,4277.0,2025-09-22,1
CUST-103913,2026-05-17,Paid Social,Jaipur,Male,37,0,Basic,Monthly,UPI,No,2,320.0,0,0,0,15.0,2026-05-28,320.0,,0
CUST-103914,2026-02-12,Paid Social,Bengaluru,Male,18,0,Basic,Monthly,Wallet,No,2,301.0,1,1,3,2.0,2026-05-25,903.0,,0
CUST-103915,2024-12-22,Paid Social,Bengaluru,Female,66,1,Premium,Annual,Credit Card,No,3,956.0,1,1,17,20.0,2026-05-18,16252.0,,0
CUST-103916,2026-05-10,Paid Search,Surat,Female,56,0,Premium,Monthly,Wallet,Yes,3,988.0,1,1,0,22.0,2026-05-10,988.0,2026-05-10,1
CUST-103917,2024-09-02,Paid Search,Mumbai,Male,55,0,Basic,Annual,UPI,No,0,188.0,1,0,20,24.0,2026-05-05,3760.0,,0
CUST-103918,2025-08-06,Paid Search,Mumbai,Female,46,0,Premium,Monthly,Debit Card,Yes,1,860.0,1,0,9,15.0,2026-05-06,7740.0,,0
CUST-103919,2026-02-21,Paid Social,Surat,Female,57,0,Standard,Annual,Credit Card,Yes,3,688.0,1,0,3,17.0,2026-05-30,2064.0,,0
CUST-103920,2026-04-22,Organic Search,Hyderabad,Female,24,0,Basic,Two-Year,UPI,Yes,3,361.0,1,1,1,27.0,2026-05-07,361.0,,0
CUST-103921,2024-11-09,Affiliate,Bengaluru,Male,30,0,Basic,Monthly,Credit Card,Yes,0,184.0,1,1,18,4.0,2026-05-30,3312.0,,0
CUST-103922,2025-12-14,Paid Social,Mumbai,Male,46,0,Premium,Annual,Wallet,Yes,0,823.0,1,1,5,24.0,2026-05-08,4115.0,,0
CUST-103923,2025-10-13,Email,Bengaluru,Male,56,0,Basic,Monthly,Credit Card,No,3,373.0,1,0,7,29.0,2026-05-30,2611.0,,0
CUST-103924,2025-07-20,Organic Search,Jaipur,Female,48,0,Standard,Monthly,Credit Card,No,0,514.0,1,0,10,2.0,2026-05-10,5140.0,,0
CUST-103925,2026-01-08,Paid Search,Pune,Female,39,0,Standard,Monthly,Debit Card,No,1,597.0,1,1,4,11.0,2026-05-26,2388.0,,0
CUST-103926,2026-03-29,Paid Search,Delhi,Male,52,0,Standard,Monthly,Net Banking,Yes,3,683.0,1,0,2,22.0,2026-05-08,1366.0,,0
CUST-103927,2024-09-16,Affiliate,Bengaluru,Male,21,0,Standard,Two-Year,Net Banking,No,0,486.0,1,1,20,29.0,2026-05-31,9720.0,,0
CUST-103928,2025-05-08,Organic Search,Kolkata,Male,44,0,Standard,Annual,Credit Card,No,3,681.0,1,1,12,23.0,2026-05-06,8172.0,,0
CUST-103929,2024-11-01,Affiliate,Jaipur,Female,38,0,Premium,Two-Year,Credit Card,Yes,3,976.0,0,0,18,26.0,2026-05-14,17568.0,,0
CUST-103930,2025-03-28,Paid Search,Delhi,Female,43,0,Basic,Monthly,Credit Card,Yes,3,380.0,0,0,14,23.0,2026-05-12,5320.0,,0
CUST-103931,2025-03-03,Paid Search,Pune,Male,24,0,Basic,Annual,Wallet,No,0,210.0,1,1,14,6.0,2026-05-14,2940.0,,0
CUST-103932,2025-11-07,Paid Search,Mumbai,Female,64,1,Basic,Annual,Wallet,Yes,0,211.0,1,1,6,14.0,2026-05-27,1266.0,,0
CUST-103933,2025-08-24,Organic Search,Bengaluru,Female,62,1,Standard,Monthly,Debit Card,No,2,589.0,1,1,9,15.0,2026-05-04,5301.0,,0
CUST-103934,2025-11-28,Paid Search,Mumbai,Female,67,1,Standard,Annual,UPI,No,1,577.0,1,0,6,18.0,2026-05-15,3462.0,,0
CUST-103935,2025-10-28,Organic Search,Bengaluru,Female,61,1,Standard,Two-Year,Wallet,Yes,3,683.0,1,1,7,19.0,2026-05-11,4781.0,,0
CUST-103936,2025-02-14,Paid Social,Bengaluru,Male,52,0,Basic,Two-Year,UPI,Yes,0,190.0,1,1,15,18.0,2026-05-30,2850.0,,0
CUST-103937,2025-09-13,Paid Search,Delhi,Female,32,0,Standard,Two-Year,UPI,No,1,570.0,0,0,8,18.0,2026-05-19,4560.0,,0
CUST-103938,2025-05-13,Paid Search,Mumbai,Female,23,0,Premium,Monthly,Credit Card,Yes,0,783.0,1,0,12,15.0,2026-05-12,9396.0,,0
CUST-103939,2025-06-27,Organic Search,Mumbai,Female,49,0,Standard,Two-Year,Debit Card,No,2,604.0,1,1,11,29.0,2026-05-15,6644.0,,0
CUST-103940,2024-11-05,Organic Search,Mumbai,Female,67,1,Standard,Two-Year,UPI,Yes,2,635.0,1,1,18,24.0,2026-05-04,11430.0,,0
CUST-103941,2024-12-18,Organic Search,Hyderabad,Male,36,0,Standard,Annual,UPI,No,2,620.0,1,1,17,20.0,2026-05-30,10540.0,,0
CUST-103942,2024-08-27,Organic Search,Mumbai,Female,69,1,Standard,Monthly,Net Banking,Yes,2,643.0,1,1,21,23.0,2026-05-16,13503.0,,0
CUST-103943,2024-09-25,Paid Search,Ahmedabad,Female,26,0,Basic,Monthly,Debit Card,Yes,0,189.0,1,1,20,13.0,2026-05-09,3780.0,,0
CUST-103944,2025-02-12,Organic Search,Surat,Male,32,0,Standard,Monthly,UPI,No,1,563.0,1,1,15,11.0,2026-05-22,8445.0,,0
CUST-103945,2024-10-13,Affiliate,Mumbai,Female,51,0,Basic,Monthly,UPI,No,2,325.0,1,1,14,26.0,2025-12-07,4550.0,2025-12-07,1
CUST-103946,2025-05-26,Organic Search,Kolkata,Male,43,0,Basic,Two-Year,Debit Card,No,1,265.0,1,1,12,15.0,2026-05-13,3180.0,,0
CUST-103947,2025-11-05,Organic Search,Pune,Female,57,0,Standard,Two-Year,UPI,No,3,688.0,1,1,6,16.0,2026-05-19,4128.0,,0
CUST-103948,2024-09-23,Affiliate,Hyderabad,Male,35,0,Basic,Two-Year,UPI,No,0,206.0,1,1,20,28.0,2026-05-08,4120.0,,0
CUST-103949,2024-10-31,Paid Social,Bengaluru,Male,58,0,Basic,Monthly,Wallet,No,1,259.0,1,1,11,22.0,2025-09-26,2849.0,2025-09-26,1
CUST-103950,2024-09-27,Paid Social,Mumbai,Female,33,0,Standard,Annual,Debit Card,No,1,530.0,1,1,20,18.0,2026-05-07,10600.0,,0
CUST-103951,2026-01-13,Email,Chennai,Female,25,0,Standard,Monthly,Credit Card,Yes,0,512.0,1,1,4,23.0,2026-05-31,2048.0,,0
CUST-103952,2024-08-30,Email,Chennai,Female,47,0,Basic,Monthly,Credit Card,No,3,343.0,1,0,21,16.0,2026-05-16,7203.0,,0
CUST-103953,2026-04-04,Referral,Delhi,Female,44,0,Basic,Monthly,Debit Card,No,1,240.0,1,1,1,22.0,2026-05-17,240.0,,0
CUST-103954,2026-03-01,Organic Search,Hyderabad,Male,47,0,Standard,Two-Year,Credit Card,Yes,3,668.0,1,1,2,24.0,2026-05-05,1336.0,,0
CUST-103955,2025-03-09,Paid Search,Bengaluru,Female,19,0,Standard,Annual,Debit Card,No,2,633.0,0,0,14,18.0,2026-05-17,8862.0,,0
CUST-103956,2025-10-19,Email,Kolkata,Female,39,0,Standard,Annual,Debit Card,No,2,616.0,1,1,7,23.0,2026-05-09,4312.0,,0
CUST-103957,2024-10-11,Email,Chennai,Male,22,0,Standard,Monthly,UPI,Yes,3,707.0,1,1,19,15.0,2026-05-14,13433.0,,0
CUST-103958,2024-09-15,Organic Search,Ahmedabad,Female,59,0,Premium,Monthly,Credit Card,Yes,0,778.0,1,1,18,13.0,2026-03-09,14004.0,2026-03-09,1
CUST-103959,2025-09-26,Paid Social,Kolkata,Male,22,0,Basic,Annual,UPI,No,3,363.0,1,1,8,9.0,2026-05-20,2904.0,,0
CUST-103960,2025-09-26,Paid Social,Surat,Male,66,1,Standard,Annual,Net Banking,Yes,3,645.0,1,0,8,18.0,2026-05-31,5160.0,,0
CUST-103961,2025-01-07,Organic Search,Hyderabad,Male,20,0,Basic,Two-Year,Debit Card,Yes,3,362.0,1,0,16,25.0,2026-05-12,5792.0,,0
CUST-103962,2025-05-21,Referral,Ahmedabad,Female,49,0,Basic,Monthly,Net Banking,No,2,310.0,1,1,0,10.0,2025-05-21,310.0,2025-05-21,1
CUST-103963,2025-06-18,Paid Social,Chennai,Male,35,0,Premium,Monthly,Credit Card,Yes,1,881.0,0,0,11,19.0,2026-05-21,9691.0,,0
CUST-103964,2025-07-18,Paid Social,Pune,Female,23,0,Premium,Two-Year,Credit Card,No,0,815.0,0,0,10,0.0,2026-05-24,8150.0,,0
CUST-103965,2024-12-25,Organic Search,Delhi,Male,36,0,Basic,Monthly,Debit Card,Yes,2,323.0,0,0,17,15.0,2026-05-10,5491.0,,0
CUST-103966,2026-01-26,Paid Search,Kolkata,Female,20,0,Basic,Monthly,UPI,No,1,254.0,1,1,2,17.0,2026-03-27,508.0,2026-03-27,1
CUST-103967,2025-08-15,Organic Search,Bengaluru,Male,54,0,Premium,Two-Year,Wallet,Yes,1,870.0,0,0,9,17.0,2026-05-25,7830.0,,0
CUST-103968,2025-05-14,Paid Social,Kolkata,Male,63,1,Basic,Annual,UPI,Yes,3,398.0,1,1,12,25.0,2026-05-06,4776.0,,0
CUST-103969,2025-06-14,Organic Search,Pune,Male,35,0,Premium,Annual,Credit Card,No,0,789.0,1,0,11,5.0,2026-05-29,8679.0,,0
CUST-103970,2024-12-28,Email,Mumbai,Male,40,0,Basic,Monthly,Net Banking,Yes,0,191.0,1,0,17,15.0,2026-05-03,3247.0,,0
CUST-103971,2025-02-05,Organic Search,Surat,Male,25,0,Basic,Annual,Debit Card,No,1,253.0,1,1,15,24.0,2026-05-24,3795.0,,0
CUST-103972,2025-12-21,Paid Search,Bengaluru,Female,43,0,Basic,Monthly,Credit Card,No,3,353.0,1,1,5,20.0,2026-05-10,1765.0,,0
CUST-103973,2024-09-04,Organic Search,Bengaluru,Female,67,1,Standard,Annual,Credit Card,Yes,2,637.0,1,1,11,19.0,2025-07-31,7007.0,2025-07-31,1
CUST-103974,2024-09-25,Organic Search,Delhi,Female,45,0,Basic,Annual,Debit Card,No,1,250.0,1,1,20,10.0,2026-05-08,5000.0,,0
CUST-103975,2024-10-01,Organic Search,Mumbai,Male,63,1,Basic,Monthly,Credit Card,Yes,3,375.0,1,1,19,29.0,2026-05-03,7125.0,,0
CUST-103976,2026-04-06,Organic Search,Hyderabad,Female,58,0,Premium,Monthly,Credit Card,Yes,2,941.0,1,1,1,10.0,2026-05-29,941.0,,0
CUST-103977,2026-01-12,Organic Search,Delhi,Male,24,0,Basic,Monthly,Net Banking,No,3,371.0,0,0,4,29.0,2026-05-10,1484.0,,0
CUST-103978,2026-04-18,Paid Search,Jaipur,Female,20,0,Standard,Monthly,UPI,Yes,2,638.0,1,1,1,35.0,2026-05-12,638.0,,0
CUST-103979,2025-01-15,Paid Search,Surat,Female,36,0,Basic,Monthly,Debit Card,Yes,1,233.0,1,0,16,15.0,2026-05-10,3728.0,,0
CUST-103980,2025-02-07,Organic Search,Hyderabad,Male,66,1,Standard,Two-Year,UPI,No,2,627.0,1,1,15,16.0,2026-05-21,9405.0,,0
CUST-103981,2024-12-22,Paid Social,Mumbai,Male,26,0,Basic,Monthly,Debit Card,Yes,1,252.0,1,1,17,15.0,2026-05-02,4284.0,,0
CUST-103982,2025-12-15,Paid Search,Hyderabad,Female,20,0,Standard,Monthly,UPI,Yes,1,535.0,1,1,5,26.0,2026-05-02,2675.0,,0
CUST-103983,2025-12-05,Organic Search,Ahmedabad,Male,67,1,Standard,Annual,Credit Card,Yes,3,662.0,1,1,5,17.0,2026-05-22,3310.0,,0
CUST-103984,2026-04-04,Paid Social,Chennai,Female,28,0,Premium,Annual,UPI,Yes,2,921.0,1,1,1,6.0,2026-05-14,921.0,,0
CUST-103985,2024-12-25,Organic Search,Bengaluru,Female,36,0,Premium,Monthly,UPI,Yes,1,845.0,1,1,7,25.0,2025-07-23,5915.0,2025-07-23,1
CUST-103986,2026-04-02,Organic Search,Jaipur,Male,58,0,Basic,Monthly,Debit Card,Yes,2,325.0,1,1,1,21.0,2026-05-20,325.0,,0
CUST-103987,2026-04-24,Paid Social,Delhi,Male,23,0,Basic,Monthly,Credit Card,No,1,248.0,1,1,1,14.0,2026-05-08,248.0,,0
CUST-103988,2024-08-23,Email,Mumbai,Male,26,0,Basic,Monthly,Credit Card,No,3,355.0,1,0,21,21.0,2026-05-09,7455.0,,0
CUST-103989,2025-02-09,Email,Surat,Female,55,0,Standard,Monthly,Wallet,Yes,3,694.0,1,1,7,16.0,2025-09-07,4858.0,2025-09-07,1
CUST-103990,2024-10-01,Email,Bengaluru,Male,18,0,Basic,Annual,UPI,No,2,323.0,1,1,19,20.0,2026-05-08,6137.0,,0
CUST-103991,2026-05-16,Paid Social,Kolkata,Male,55,0,Premium,Monthly,UPI,Yes,3,952.0,1,1,0,23.0,2026-05-17,952.0,,0
CUST-103992,2025-05-24,Organic Search,Jaipur,Male,46,0,Premium,Monthly,Credit Card,Yes,0,809.0,1,1,12,18.0,2026-05-18,9708.0,,0
CUST-103993,2024-06-09,Paid Social,Bengaluru,Female,30,0,Basic,Annual,Net Banking,Yes,3,381.0,0,0,23,23.0,2026-05-25,8763.0,,0
CUST-103994,2025-07-08,Organic Search,Bengaluru,Female,49,0,Basic,Monthly,UPI,No,2,313.0,1,1,10,3.0,2026-05-29,3130.0,,0
CUST-103995,2024-10-09,Organic Search,Bengaluru,Female,34,0,Standard,Two-Year,UPI,Yes,3,673.0,1,0,19,21.0,2026-05-19,12787.0,,0
CUST-103996,2025-02-06,Organic Search,Chennai,Female,67,1,Basic,Annual,Net Banking,No,3,399.0,1,1,15,23.0,2026-05-28,5985.0,,0
CUST-103997,2025-07-25,Paid Social,Surat,Female,39,0,Basic,Annual,Credit Card,No,3,384.0,1,0,10,21.0,2026-05-25,3840.0,,0
CUST-103998,2024-07-26,Paid Social,Delhi,Female,56,0,Basic,Monthly,Net Banking,No,0,220.0,1,1,22,12.0,2026-05-19,4840.0,,0
CUST-103999,2026-03-28,Organic Search,Hyderabad,Male,31,0,Premium,Monthly,UPI,No,1,866.0,1,1,2,30.0,2026-05-02,1732.0,,0
CUST-104000,2025-04-10,Referral,Mumbai,Male,61,1,Standard,Monthly,UPI,Yes,1,563.0,1,1,11,15.0,2026-03-06,6193.0,2026-03-06,1
CUST-104001,2025-09-15,Paid Social,Pune,Female,33,0,Basic,Two-Year,Credit Card,No,2,308.0,1,1,8,24.0,2026-05-12,2464.0,,0
CUST-104002,2024-12-22,Affiliate,Chennai,Male,44,0,Basic,Monthly,UPI,Yes,1,261.0,1,1,17,15.0,2026-05-02,4437.0,,0
CUST-104003,2025-12-12,Organic Search,Kolkata,Male,59,0,Standard,Monthly,Credit Card,Yes,1,574.0,1,1,5,21.0,2026-05-15,2870.0,,0
CUST-104004,2025-04-23,Paid Search,Bengaluru,Female,66,1,Basic,Annual,UPI,Yes,2,320.0,1,1,7,11.0,2025-11-19,2240.0,2025-11-19,1
CUST-104005,2025-06-12,Organic Search,Delhi,Female,57,0,Premium,Monthly,Credit Card,Yes,1,888.0,1,1,3,29.0,2025-09-10,2664.0,2025-09-10,1
CUST-104006,2024-12-17,Paid Search,Mumbai,Male,52,0,Standard,Annual,Wallet,No,2,634.0,1,1,17,23.0,2026-05-05,10778.0,,0
CUST-104007,2024-10-15,Organic Search,Mumbai,Male,54,0,Premium,Two-Year,Wallet,Yes,3,961.0,1,0,19,20.0,2026-05-09,18259.0,,0
CUST-104008,2025-04-14,Organic Search,Delhi,Male,39,0,Standard,Monthly,UPI,Yes,2,612.0,0,0,13,16.0,2026-05-19,7956.0,,0
CUST-104009,2025-01-19,Paid Search,Kolkata,Male,53,0,Premium,Monthly,UPI,No,1,869.0,1,1,16,13.0,2026-05-05,13904.0,,0
CUST-104010,2025-08-03,Organic Search,Delhi,Male,47,0,Standard,Two-Year,Wallet,Yes,3,656.0,1,1,9,21.0,2026-05-15,5904.0,,0
CUST-104011,2025-08-04,Organic Search,Delhi,Male,45,0,Standard,Monthly,Credit Card,Yes,0,497.0,1,1,5,15.0,2026-01-01,2485.0,2026-01-01,1
CUST-104012,2025-02-18,Email,Hyderabad,Female,34,0,Basic,Annual,Credit Card,Yes,0,185.0,1,1,15,14.0,2026-05-25,2775.0,,0
CUST-104013,2024-09-07,Organic Search,Mumbai,Male,36,0,Standard,Monthly,Net Banking,Yes,1,560.0,1,1,11,23.0,2025-08-03,6160.0,2025-08-03,1
CUST-104014,2024-11-01,Paid Search,Mumbai,Male,24,0,Standard,Monthly,UPI,No,2,605.0,1,1,18,36.0,2026-05-08,10890.0,,0
CUST-104015,2024-12-15,Paid Search,Jaipur,Female,55,0,Standard,Monthly,Credit Card,No,3,695.0,1,1,17,21.0,2026-05-21,11815.0,,0
CUST-104016,2025-03-17,Organic Search,Ahmedabad,Male,19,0,Standard,Two-Year,Net Banking,No,2,611.0,1,1,14,6.0,2026-05-31,8554.0,,0
CUST-104017,2025-12-02,Paid Social,Delhi,Male,24,0,Basic,Monthly,Credit Card,Yes,2,329.0,0,0,5,15.0,2026-05-22,1645.0,,0
CUST-104018,2024-12-07,Organic Search,Bengaluru,Male,33,0,Basic,Monthly,Debit Card,No,1,237.0,1,1,12,16.0,2025-12-02,2844.0,2025-12-02,1
CUST-104019,2025-11-21,Referral,Mumbai,Female,25,0,Basic,Monthly,Wallet,No,0,194.0,1,1,6,20.0,2026-05-17,1164.0,,0
CUST-104020,2024-07-17,Organic Search,Mumbai,Male,56,0,Basic,Monthly,UPI,No,1,240.0,1,1,22,13.0,2026-05-26,5280.0,,0
CUST-104021,2025-09-19,Organic Search,Mumbai,Male,24,0,Standard,Monthly,Net Banking,Yes,2,637.0,1,1,8,16.0,2026-05-18,5096.0,,0
CUST-104022,2025-09-06,Paid Social,Delhi,Female,41,0,Premium,Two-Year,UPI,No,3,967.0,1,1,8,18.0,2026-05-15,7736.0,,0
CUST-104023,2025-12-31,Affiliate,Kolkata,Female,56,0,Standard,Annual,Wallet,Yes,0,498.0,1,1,0,8.0,2025-12-31,498.0,2025-12-31,1
CUST-104024,2025-09-06,Referral,Delhi,Female,48,0,Premium,Monthly,UPI,Yes,1,864.0,1,0,8,5.0,2026-05-29,6912.0,,0
CUST-104025,2025-01-17,Email,Delhi,Female,48,0,Premium,Monthly,UPI,No,0,788.0,1,0,16,15.0,2026-05-27,12608.0,,0
CUST-104026,2025-01-18,Paid Search,Delhi,Female,35,0,Basic,Monthly,Debit Card,No,2,301.0,1,1,16,10.0,2026-05-07,4816.0,,0
CUST-104027,2026-01-11,Paid Search,Surat,Male,41,0,Standard,Monthly,Wallet,No,1,562.0,1,1,4,14.0,2026-05-30,2248.0,,0
CUST-104028,2026-05-01,Paid Social,Ahmedabad,Male,57,0,Basic,Monthly,Debit Card,Yes,3,350.0,1,1,0,24.0,2026-05-01,350.0,2026-05-01,1
CUST-104029,2025-06-07,Affiliate,Kolkata,Male,42,0,Premium,Two-Year,Debit Card,Yes,3,999.0,1,1,11,17.0,2026-05-18,10989.0,,0
CUST-104030,2025-12-28,Paid Search,Delhi,Male,54,0,Standard,Monthly,Wallet,No,3,677.0,1,0,5,27.0,2026-05-30,3385.0,,0
CUST-104031,2026-05-20,Paid Social,Jaipur,Male,61,1,Basic,Monthly,Credit Card,Yes,0,177.0,1,1,0,8.0,2026-05-20,177.0,2026-05-20,1
CUST-104032,2026-03-20,Paid Search,Delhi,Male,30,0,Basic,Annual,Net Banking,Yes,3,375.0,1,1,2,13.0,2026-05-03,750.0,,0
CUST-104033,2024-06-25,Paid Search,Ahmedabad,Female,24,0,Standard,Monthly,UPI,Yes,0,508.0,1,1,10,13.0,2025-04-21,5080.0,2025-04-21,1
CUST-104034,2025-05-09,Organic Search,Bengaluru,Female,42,0,Basic,Annual,UPI,No,2,307.0,1,1,12,24.0,2026-05-09,3684.0,,0
CUST-104035,2025-08-13,Paid Social,Mumbai,Male,37,0,Basic,Annual,UPI,Yes,0,170.0,0,0,9,22.0,2026-05-25,1530.0,,0
CUST-104036,2025-06-17,Paid Social,Hyderabad,Male,25,0,Premium,Monthly,Wallet,Yes,2,917.0,1,1,1,20.0,2025-07-17,917.0,2025-07-17,1
CUST-104037,2025-08-03,Affiliate,Pune,Male,57,0,Basic,Two-Year,UPI,No,3,390.0,1,1,9,35.0,2026-05-14,3510.0,,0
CUST-104038,2025-10-18,Paid Social,Hyderabad,Male,50,0,Standard,Monthly,UPI,No,1,562.0,1,1,7,18.0,2026-05-17,3934.0,,0
CUST-104039,2024-11-14,Affiliate,Mumbai,Male,52,0,Standard,Monthly,UPI,No,1,565.0,1,1,18,14.0,2026-05-03,10170.0,,0
CUST-104040,2025-08-03,Paid Social,Hyderabad,Male,54,0,Basic,Annual,UPI,Yes,1,273.0,1,1,9,18.0,2026-05-04,2457.0,,0
CUST-104041,2025-09-30,Referral,Delhi,Male,40,0,Basic,Annual,Credit Card,Yes,2,343.0,1,0,8,12.0,2026-05-04,2744.0,,0
CUST-104042,2025-10-01,Organic Search,Surat,Female,44,0,Basic,Monthly,UPI,Yes,2,279.0,1,1,7,26.0,2026-04-29,1953.0,2026-04-29,1
CUST-104043,2025-08-01,Email,Hyderabad,Male,29,0,Premium,Monthly,Net Banking,Yes,0,779.0,0,0,9,4.0,2026-05-05,7011.0,,0
CUST-104044,2025-04-12,Paid Social,Pune,Female,56,0,Standard,Two-Year,Net Banking,Yes,0,502.0,1,1,13,10.0,2026-05-10,6526.0,,0
CUST-104045,2025-02-16,Organic Search,Kolkata,Male,67,1,Basic,Annual,Debit Card,No,3,383.0,1,1,15,22.0,2026-05-16,5745.0,,0
CUST-104046,2024-09-05,Organic Search,Pune,Male,63,1,Premium,Monthly,UPI,No,0,776.0,1,0,20,7.0,2026-05-06,15520.0,,0
CUST-104047,2025-12-06,Organic Search,Bengaluru,Male,39,0,Basic,Monthly,Net Banking,Yes,1,247.0,1,1,5,21.0,2026-05-20,1235.0,,0
CUST-104048,2026-01-13,Paid Social,Mumbai,Female,20,0,Basic,Annual,Credit Card,Yes,3,405.0,1,0,4,25.0,2026-05-27,1620.0,,0
CUST-104049,2026-05-20,Referral,Pune,Male,63,1,Basic,Annual,UPI,Yes,1,254.0,1,1,0,24.0,2026-05-20,254.0,,0
CUST-104050,2025-03-10,Email,Delhi,Male,47,0,Standard,Monthly,UPI,Yes,0,502.0,1,1,14,21.0,2026-05-07,7028.0,,0
CUST-104051,2024-11-02,Paid Search,Ahmedabad,Female,58,0,Basic,Monthly,UPI,Yes,1,286.0,1,0,18,19.0,2026-05-18,5148.0,,0
CUST-104052,2025-08-18,Paid Search,Chennai,Male,33,0,Standard,Monthly,Credit Card,Yes,3,680.0,1,0,9,20.0,2026-05-11,6120.0,,0
CUST-104053,2025-08-12,Paid Social,Ahmedabad,Male,62,1,Basic,Annual,Credit Card,Yes,2,331.0,1,1,9,26.0,2026-05-24,2979.0,,0
CUST-104054,2025-02-25,Affiliate,Pune,Female,61,1,Standard,Annual,Net Banking,Yes,3,688.0,1,0,15,23.0,2026-05-06,10320.0,,0
CUST-104055,2025-02-05,Affiliate,Mumbai,Male,18,0,Premium,Annual,Debit Card,No,1,854.0,0,0,15,29.0,2026-05-04,12810.0,,0
CUST-104056,2025-05-18,Paid Social,Delhi,Female,47,0,Basic,Annual,UPI,Yes,3,373.0,0,0,12,29.0,2026-05-23,4476.0,,0
CUST-104057,2025-04-05,Email,Kolkata,Male,42,0,Basic,Monthly,Credit Card,Yes,0,217.0,1,1,13,15.0,2026-05-11,2821.0,,0
CUST-104058,2025-09-09,Paid Social,Ahmedabad,Female,52,0,Standard,Annual,Debit Card,Yes,0,499.0,1,1,4,25.0,2026-01-07,1996.0,2026-01-07,1
CUST-104059,2025-11-10,Affiliate,Pune,Male,31,0,Basic,Two-Year,UPI,Yes,2,304.0,1,1,6,32.0,2026-05-09,1824.0,,0
CUST-104060,2025-07-27,Email,Pune,Female,23,0,Basic,Annual,UPI,Yes,3,,0,0,10,38.0,2026-05-18,3950.0,,0
CUST-104061,2025-10-13,Referral,Kolkata,Female,32,0,Standard,Two-Year,Debit Card,Yes,3,636.0,1,1,7,32.0,2026-05-11,4452.0,2026-05-11,1
CUST-104062,2024-09-11,Organic Search,Mumbai,Female,45,0,Standard,Two-Year,Credit Card,No,1,583.0,1,1,20,12.0,2026-05-30,11660.0,,0
CUST-104063,2025-01-14,Paid Search,Chennai,Female,32,0,Standard,Monthly,UPI,Yes,3,676.0,1,1,16,16.0,2026-05-06,10816.0,,0
CUST-104064,2024-11-19,Organic Search,Bengaluru,Female,42,0,Basic,Monthly,Credit Card,Yes,1,259.0,1,1,18,12.0,2026-05-09,4662.0,,0
CUST-104065,2026-01-04,Referral,Delhi,Male,38,0,Basic,Monthly,Credit Card,Yes,3,380.0,1,1,4,29.0,2026-05-27,1520.0,,0
CUST-104066,2024-10-05,Paid Social,Delhi,Male,54,0,Standard,Monthly,UPI,No,0,519.0,1,1,19,33.0,2026-05-26,9861.0,,0
CUST-104067,2026-02-23,Referral,Delhi,Male,39,0,Standard,Annual,Net Banking,No,1,562.0,1,0,3,21.0,2026-05-14,1686.0,,0
CUST-104068,2025-07-25,Affiliate,Bengaluru,Male,25,0,Basic,Monthly,Credit Card,Yes,0,199.0,1,0,10,15.0,2026-05-03,1990.0,,0
CUST-104069,2024-10-06,Organic Search,Ahmedabad,Male,50,0,Basic,Monthly,UPI,Yes,2,305.0,1,0,19,22.0,2026-05-09,5795.0,,0
CUST-104070,2025-03-15,Paid Social,Delhi,Female,29,0,Basic,Monthly,Net Banking,No,1,248.0,1,0,14,19.0,2026-05-02,3472.0,,0
CUST-104071,2024-07-11,Paid Search,Pune,Female,33,0,Standard,Monthly,Credit Card,No,3,689.0,1,0,22,30.0,2026-05-10,15158.0,,0
CUST-104072,2024-11-27,Paid Social,Bengaluru,Female,54,0,Premium,Monthly,Wallet,Yes,2,922.0,1,0,18,12.0,2026-05-19,16596.0,,0
CUST-104073,2025-08-13,Organic Search,Mumbai,Male,32,0,Basic,Monthly,UPI,No,1,284.0,1,1,9,22.0,2026-05-03,2556.0,,0
CUST-104074,2024-07-03,Organic Search,Delhi,Female,21,0,Standard,Monthly,Credit Card,Yes,3,667.0,1,1,15,29.0,2025-09-26,10005.0,2025-09-26,1
CUST-104075,2025-06-17,Paid Social,Bengaluru,Female,36,0,Basic,Monthly,Debit Card,Yes,0,182.0,1,1,11,19.0,2026-05-04,2002.0,,0
CUST-104076,2025-12-12,Paid Search,Pune,Female,38,0,Basic,Annual,Wallet,No,0,203.0,0,0,5,4.0,2026-05-12,1015.0,,0
CUST-104077,2024-11-24,Paid Search,Kolkata,Female,53,0,Standard,Annual,Net Banking,No,0,498.0,1,1,18,4.0,2026-05-24,8964.0,,0
CUST-104078,2024-07-10,Organic Search,Bengaluru,Male,54,0,Standard,Monthly,Debit Card,Yes,2,601.0,1,1,22,11.0,2026-05-22,13222.0,,0
CUST-104079,2025-08-29,Paid Social,Pune,Male,18,0,Basic,Two-Year,Net Banking,Yes,3,371.0,1,0,9,30.0,2026-05-13,3339.0,,0
CUST-104080,2025-03-05,Paid Social,Ahmedabad,Female,57,0,Standard,Monthly,UPI,No,0,510.0,1,1,14,26.0,2026-05-20,7140.0,,0
CUST-104081,2025-03-26,Paid Social,Jaipur,Female,56,0,Basic,Annual,Debit Card,No,3,359.0,1,1,14,16.0,2026-05-05,5026.0,,0
CUST-104082,2025-04-29,Referral,Delhi,Female,27,0,Basic,Two-Year,Credit Card,Yes,3,362.0,1,0,13,30.0,2026-05-27,4706.0,,0
CUST-104083,2025-08-03,Paid Social,Delhi,Female,35,0,Standard,Two-Year,UPI,Yes,1,548.0,0,0,9,4.0,2026-05-07,4932.0,,0
CUST-104084,2025-04-27,Paid Search,Mumbai,Female,57,0,Basic,Monthly,UPI,Yes,0,188.0,1,0,13,11.0,2026-05-07,2444.0,,0
CUST-104085,2025-01-08,Email,Ahmedabad,Female,47,0,Standard,Monthly,UPI,Yes,3,691.0,1,1,0,25.0,2025-01-08,691.0,2025-01-08,1
CUST-104086,2024-09-09,Paid Search,Chennai,Female,35,0,Standard,Annual,UPI,Yes,3,671.0,1,0,20,29.0,2026-05-21,13420.0,,0
CUST-104087,2026-05-19,Paid Search,Mumbai,Female,57,0,Premium,Annual,UPI,No,2,943.0,1,0,0,15.0,2026-05-11,943.0,,0
CUST-104088,2025-10-31,Organic Search,Mumbai,Male,50,0,Basic,Annual,UPI,No,3,363.0,1,1,7,22.0,2026-05-26,2541.0,,0
CUST-104089,2025-09-27,Organic Search,Mumbai,Male,44,0,Standard,Monthly,Debit Card,No,1,564.0,1,1,2,17.0,2025-11-26,1128.0,2025-11-26,1
CUST-104090,2024-11-13,Organic Search,Surat,Male,18,0,Basic,Two-Year,Credit Card,Yes,1,258.0,1,1,18,10.0,2026-05-17,4644.0,,0
CUST-104091,2024-06-15,Referral,Chennai,Male,51,0,Basic,Two-Year,UPI,Yes,0,199.0,1,1,23,25.0,2026-05-23,4577.0,,0
CUST-104092,2025-09-02,Affiliate,Jaipur,Female,27,0,Basic,Annual,Debit Card,No,2,282.0,1,1,8,22.0,2026-05-23,2256.0,,0
CUST-104093,2026-03-20,Organic Search,Kolkata,Female,65,1,Standard,Two-Year,UPI,No,2,603.0,1,1,2,15.0,2026-05-31,1206.0,,0
CUST-104094,2025-03-03,Organic Search,Kolkata,Male,27,0,Basic,Monthly,Credit Card,Yes,0,196.0,1,0,14,12.0,2026-05-21,2744.0,,0
CUST-104095,2024-08-26,Paid Social,Bengaluru,Male,19,0,Premium,Monthly,Wallet,Yes,1,829.0,0,0,21,23.0,2026-05-21,17409.0,,0
CUST-104096,2025-06-15,Paid Search,Mumbai,Male,37,0,Basic,Annual,Debit Card,No,2,275.0,1,1,11,16.0,2026-05-22,3025.0,,0
CUST-104097,2026-05-21,Paid Search,Delhi,Female,36,0,Premium,Annual,Credit Card,Yes,1,840.0,1,0,0,10.0,2026-05-10,840.0,,0
CUST-104098,2025-04-26,Referral,Delhi,Female,36,0,Basic,Monthly,Credit Card,No,3,384.0,1,1,2,15.0,2025-06-25,768.0,2025-06-25,1
CUST-104099,2025-02-02,Affiliate,Hyderabad,Male,66,1,Basic,Monthly,UPI,No,2,326.0,1,1,15,36.0,2026-05-02,4890.0,,0
CUST-104100,2026-04-28,Paid Social,Ahmedabad,Male,32,0,Standard,Annual,Credit Card,Yes,1,541.0,1,1,1,25.0,2026-05-18,541.0,,0
CUST-104101,2024-11-22,Paid Search,Mumbai,Female,61,1,Basic,Monthly,UPI,Yes,1,256.0,0,0,18,11.0,2026-05-14,4608.0,,0
CUST-104102,2025-02-08,Paid Search,Hyderabad,Male,26,0,Standard,Annual,Credit Card,Yes,3,685.0,0,0,15,24.0,2026-05-27,10275.0,,0
CUST-104103,2024-11-25,Paid Social,Ahmedabad,Female,50,0,Premium,Two-Year,Wallet,No,2,939.0,1,0,18,21.0,2026-05-21,16902.0,,0
CUST-104104,2024-09-20,Affiliate,Ahmedabad,Female,24,0,Standard,Monthly,Net Banking,Yes,2,638.0,0,0,20,20.0,2026-05-21,12760.0,,0
CUST-104105,2026-03-09,Organic Search,Ahmedabad,Male,29,0,Premium,Annual,Debit Card,Yes,1,873.0,1,1,2,15.0,2026-05-22,1746.0,,0
CUST-104106,2025-02-19,Referral,Hyderabad,Male,25,0,Basic,Monthly,Debit Card,Yes,0,191.0,1,1,15,7.0,2026-05-24,2865.0,,0
CUST-104107,2026-01-04,Referral,Mumbai,Male,35,0,Standard,Monthly,Debit Card,Yes,3,678.0,1,1,4,18.0,2026-05-24,2712.0,,0
CUST-104108,2025-05-30,Affiliate,Mumbai,Male,41,0,Standard,Two-Year,Credit Card,No,0,500.0,1,1,12,14.0,2026-05-14,6000.0,,0
CUST-104109,2025-11-13,Paid Search,Mumbai,Male,62,1,Standard,Monthly,Net Banking,Yes,1,556.0,1,0,6,20.0,2026-05-15,3336.0,,0
CUST-104110,2024-07-19,Paid Social,Hyderabad,Male,57,0,Standard,Monthly,Debit Card,Yes,2,598.0,1,1,22,21.0,2026-05-29,13156.0,,0
CUST-104111,2025-07-21,Affiliate,Mumbai,Male,54,0,Standard,Two-Year,Debit Card,Yes,2,641.0,1,1,10,25.0,2026-05-27,6410.0,,0
CUST-104112,2026-04-01,Referral,Ahmedabad,Female,43,0,Premium,Monthly,UPI,No,2,925.0,1,1,0,12.0,2026-04-01,925.0,2026-04-01,1
CUST-104113,2026-05-21,Paid Search,Kolkata,Male,32,0,Basic,Monthly,Credit Card,Yes,0,212.0,1,0,0,12.0,2026-05-10,212.0,,0
CUST-104114,2024-10-23,Referral,Kolkata,Female,33,0,Basic,Monthly,UPI,Yes,0,209.0,1,1,19,25.0,2026-05-28,3971.0,,0
CUST-104115,2025-12-11,Organic Search,Mumbai,Male,24,0,Basic,Monthly,UPI,Yes,0,192.0,1,1,5,6.0,2026-05-27,960.0,,0
CUST-104116,2026-04-10,Paid Search,Mumbai,Male,52,0,Basic,Monthly,Debit Card,Yes,1,237.0,0,0,1,28.0,2026-05-18,237.0,,0
CUST-104117,2025-11-17,Affiliate,Mumbai,Male,58,0,Standard,Annual,Wallet,No,0,510.0,1,0,6,16.0,2026-05-02,3060.0,,0
CUST-104118,2025-03-22,Paid Social,Hyderabad,Male,46,0,Basic,Monthly,Debit Card,Yes,3,389.0,0,0,14,25.0,2026-05-31,5446.0,,0
CUST-104119,2024-09-06,Paid Social,Mumbai,Male,47,0,Basic,Monthly,UPI,No,1,263.0,1,1,1,4.0,2024-10-06,263.0,2024-10-06,1
CUST-104120,2025-07-10,Email,Jaipur,Female,37,0,Premium,Annual,UPI,No,2,951.0,1,1,10,26.0,2026-05-08,9510.0,,0
CUST-104121,2024-06-19,Referral,Chennai,Female,68,1,Premium,Monthly,UPI,No,0,791.0,1,1,23,10.0,2026-05-02,18193.0,,0
CUST-104122,2025-10-11,Affiliate,Pune,Male,64,1,Standard,Monthly,UPI,Yes,3,674.0,1,1,7,23.0,2026-05-21,4718.0,,0
CUST-104123,2025-03-27,Paid Social,Ahmedabad,Male,39,0,Standard,Two-Year,UPI,Yes,2,622.0,1,0,14,13.0,2026-05-25,8708.0,,0
CUST-104124,2024-07-18,Email,Kolkata,Male,57,0,Basic,Annual,UPI,Yes,3,372.0,1,1,22,31.0,2026-05-26,8184.0,,0
CUST-104125,2025-10-27,Organic Search,Hyderabad,Female,36,0,Standard,Annual,UPI,No,2,615.0,1,0,7,14.0,2026-05-02,4305.0,,0
CUST-104126,2025-03-29,Paid Search,Chennai,Male,24,0,Basic,Monthly,UPI,No,3,394.0,1,1,8,26.0,2025-11-24,3152.0,2025-11-24,1
CUST-104127,2025-06-03,Paid Social,Ahmedabad,Male,33,0,Basic,Annual,UPI,Yes,3,369.0,1,0,11,25.0,2026-05-12,4059.0,,0
CUST-104128,2024-12-23,Referral,Hyderabad,Female,61,1,Standard,Annual,Net Banking,No,0,490.0,1,1,17,19.0,2026-05-09,8330.0,,0
CUST-104129,2025-04-13,Affiliate,Chennai,Female,43,0,Basic,Monthly,Wallet,No,2,328.0,1,1,9,18.0,2026-01-08,2952.0,2026-01-08,1
CUST-104130,2024-10-01,Referral,Jaipur,Female,62,1,Basic,Monthly,Net Banking,No,1,239.0,1,1,19,21.0,2026-05-03,4541.0,,0
CUST-104131,2024-10-16,Paid Search,Pune,Male,34,0,Standard,Monthly,UPI,No,1,558.0,1,0,19,16.0,2026-05-17,10602.0,,0
CUST-104132,2025-10-01,Paid Social,Bengaluru,Male,41,0,Basic,Two-Year,UPI,No,1,257.0,0,0,7,16.0,2026-05-17,1799.0,,0
CUST-104133,2026-01-28,Paid Search,Delhi,Male,21,0,Basic,Annual,Credit Card,Yes,3,388.0,1,1,4,29.0,2026-05-02,1552.0,,0
CUST-104134,2024-09-29,Paid Search,Hyderabad,Female,58,0,Basic,Monthly,Net Banking,Yes,3,391.0,1,1,20,37.0,2026-05-16,7820.0,,0
CUST-104135,2024-09-26,Organic Search,Jaipur,Female,34,0,Basic,Monthly,Debit Card,No,1,257.0,1,1,20,18.0,2026-05-17,5140.0,,0
CUST-104136,2025-07-30,Paid Search,Pune,Male,22,0,Standard,Two-Year,Net Banking,Yes,3,678.0,1,0,10,14.0,2026-05-21,6780.0,,0
CUST-104137,2025-07-13,Affiliate,Mumbai,Female,29,0,Basic,Monthly,Credit Card,Yes,1,258.0,1,0,10,14.0,2026-05-02,2580.0,,0
CUST-104138,2025-03-12,Referral,Ahmedabad,Male,52,0,Basic,Annual,Wallet,No,2,314.0,1,0,14,24.0,2026-05-14,4396.0,,0
CUST-104139,2026-05-23,Referral,Pune,Female,60,1,Premium,Annual,Net Banking,Yes,0,818.0,1,1,0,15.0,2026-05-02,818.0,,0
CUST-104140,2026-05-13,Paid Social,Kolkata,Male,67,1,Premium,Two-Year,UPI,Yes,0,807.0,1,1,0,6.0,2026-05-02,807.0,,0
CUST-104141,2025-09-10,Paid Search,Ahmedabad,Male,30,0,Standard,Monthly,UPI,Yes,0,518.0,1,1,3,18.0,2025-12-09,1554.0,2025-12-09,1
CUST-104142,2026-03-23,Organic Search,Delhi,Male,48,0,Premium,Annual,Credit Card,Yes,2,906.0,1,1,2,20.0,2026-05-09,1812.0,,0
CUST-104143,2025-04-29,Paid Social,Jaipur,Female,41,0,Standard,Monthly,UPI,Yes,2,638.0,1,1,13,15.0,2026-05-18,8294.0,,0
CUST-104144,2024-06-06,Paid Social,Bengaluru,Male,55,0,Basic,Two-Year,Credit Card,No,0,201.0,1,0,23,19.0,2026-05-30,4623.0,,0
CUST-104145,2024-08-17,Organic Search,Mumbai,Male,52,0,Standard,Monthly,Debit Card,No,0,509.0,1,0,21,21.0,2026-05-29,10689.0,,0
CUST-104146,2026-01-13,Organic Search,Delhi,Female,21,0,Basic,Annual,Credit Card,Yes,3,350.0,1,0,4,20.0,2026-05-02,1400.0,,0
CUST-104147,2024-08-31,Referral,Delhi,Female,25,0,Standard,Monthly,Net Banking,Yes,1,583.0,1,1,21,25.0,2026-05-16,12243.0,,0
CUST-104148,2024-10-01,Paid Social,Ahmedabad,Female,48,0,Premium,Two-Year,UPI,Yes,2,926.0,1,1,19,22.0,2026-05-15,17594.0,,0
CUST-104149,2025-10-10,Paid Social,Pune,Female,45,0,Basic,Monthly,Wallet,Yes,0,227.0,0,0,7,5.0,2026-05-09,1589.0,,0
CUST-104150,2025-05-09,Organic Search,Pune,Female,64,1,Basic,Monthly,UPI,Yes,1,276.0,1,1,12,5.0,2026-05-17,3312.0,,0
CUST-104151,2024-11-23,Paid Search,Pune,Female,62,1,Basic,Annual,Wallet,Yes,1,228.0,1,1,18,20.0,2026-05-04,4104.0,,0
CUST-104152,2026-01-13,Paid Social,Pune,Male,21,0,Premium,Monthly,UPI,Yes,3,1002.0,1,0,4,19.0,2026-05-05,4008.0,,0
CUST-104153,2025-11-07,Paid Social,Ahmedabad,Male,48,0,Basic,Monthly,Credit Card,Yes,2,322.0,1,1,6,14.0,2026-05-10,1932.0,,0
CUST-104154,2024-12-27,Paid Search,Mumbai,Male,39,0,Premium,Monthly,Wallet,Yes,0,809.0,1,1,7,12.0,2025-07-25,5663.0,2025-07-25,1
CUST-104155,2024-10-29,Organic Search,Mumbai,Male,43,0,Basic,Two-Year,UPI,No,0,207.0,1,1,7,9.0,2025-05-27,1449.0,2025-05-27,1
CUST-104156,2025-11-17,Affiliate,Ahmedabad,Male,21,0,Standard,Annual,Net Banking,No,2,618.0,1,1,6,23.0,2026-05-16,3708.0,,0
CUST-104157,2024-11-19,Organic Search,Hyderabad,Male,61,1,Basic,Annual,Credit Card,Yes,0,193.0,1,0,18,10.0,2026-05-07,3474.0,,0
CUST-104158,2024-11-23,Paid Social,Ahmedabad,Male,26,0,Basic,Two-Year,Credit Card,No,0,210.0,0,0,18,15.0,2026-05-09,3780.0,,0
CUST-104159,2026-03-05,Organic Search,Pune,Female,67,1,Basic,Annual,Debit Card,Yes,3,367.0,1,1,2,20.0,2026-05-18,734.0,,0
CUST-104160,2026-02-27,Paid Search,Mumbai,Female,66,1,Basic,Monthly,UPI,No,0,199.0,1,1,3,4.0,2026-05-07,597.0,,0
CUST-104161,2026-05-14,Paid Social,Ahmedabad,Female,60,1,Basic,Monthly,Debit Card,No,2,340.0,1,0,0,21.0,2026-05-29,340.0,,0
CUST-104162,2025-04-17,Affiliate,Mumbai,Female,24,0,Basic,Annual,UPI,No,2,301.0,1,0,13,20.0,2026-05-10,3913.0,,0
CUST-104163,2025-11-14,Paid Social,Bengaluru,Male,39,0,Standard,Annual,Debit Card,No,3,676.0,1,1,6,38.0,2026-05-30,4056.0,,0
CUST-104164,2024-10-24,Paid Search,Pune,Male,19,0,Standard,Monthly,Debit Card,No,2,637.0,1,1,19,15.0,2026-05-26,12103.0,,0
CUST-104165,2026-05-23,Organic Search,Chennai,Male,49,0,Basic,Two-Year,UPI,Yes,0,187.0,1,1,0,30.0,2026-05-26,187.0,,0
CUST-104166,2024-07-09,Organic Search,Ahmedabad,Female,62,1,Standard,Monthly,UPI,No,2,590.0,1,1,5,21.0,2024-12-06,2950.0,2024-12-06,1
CUST-104167,2026-02-15,Paid Social,Pune,Male,45,0,Standard,Monthly,Debit Card,Yes,2,589.0,0,0,3,14.0,2026-05-06,1767.0,,0
CUST-104168,2025-08-17,Paid Search,Chennai,Female,19,0,Premium,Monthly,UPI,Yes,1,852.0,1,0,9,11.0,2026-05-19,7668.0,,0
CUST-104169,2026-04-15,Paid Social,Delhi,Male,33,0,Basic,Two-Year,Debit Card,No,1,284.0,1,1,0,8.0,2026-04-15,284.0,2026-04-15,1
CUST-104170,2025-10-11,Email,Ahmedabad,Male,26,0,Basic,Monthly,Wallet,Yes,1,248.0,1,0,7,12.0,2026-05-19,1736.0,,0
CUST-104171,2024-10-19,Referral,Mumbai,Male,40,0,Premium,Monthly,UPI,Yes,2,915.0,1,1,19,16.0,2026-05-06,17385.0,,0
CUST-104172,2025-10-10,Email,Ahmedabad,Male,37,0,Premium,Monthly,Credit Card,Yes,1,860.0,1,1,0,13.0,2025-10-10,860.0,2025-10-10,1
CUST-104173,2025-11-24,Paid Social,Kolkata,Female,61,1,Premium,Two-Year,Wallet,No,2,936.0,1,0,6,12.0,2026-05-19,5616.0,,0
CUST-104174,2025-05-29,Referral,Delhi,Female,29,0,Standard,Monthly,Wallet,Yes,3,692.0,1,1,4,29.0,2025-09-26,2768.0,2025-09-26,1
CUST-104175,2025-08-03,Paid Search,Bengaluru,Female,33,0,Standard,Monthly,UPI,Yes,0,497.0,1,1,9,8.0,2026-05-17,4473.0,,0
CUST-104176,2025-03-21,Paid Search,Hyderabad,Female,30,0,Premium,Two-Year,Net Banking,Yes,2,928.0,1,1,14,16.0,2026-05-28,12992.0,,0
CUST-104177,2024-12-13,Email,Delhi,Male,64,1,Standard,Annual,UPI,No,1,575.0,1,1,17,18.0,2026-05-21,9775.0,,0
CUST-104178,2025-08-26,Paid Search,Pune,Male,33,0,Basic,Monthly,Debit Card,Yes,0,174.0,1,1,6,10.0,2026-02-22,1044.0,2026-02-22,1
CUST-104179,2025-06-03,Affiliate,Ahmedabad,Female,69,1,Premium,Monthly,UPI,Yes,1,853.0,1,0,11,23.0,2026-05-15,9383.0,,0
CUST-104180,2024-06-25,Referral,Bengaluru,Male,52,0,Premium,Annual,UPI,Yes,3,961.0,1,1,23,17.0,2026-05-19,22103.0,,0
CUST-104181,2025-12-05,Organic Search,Ahmedabad,Male,33,0,Basic,Monthly,Credit Card,No,0,188.0,1,1,4,12.0,2026-04-04,752.0,2026-04-04,1
CUST-104182,2024-11-22,Referral,Mumbai,Male,48,0,Basic,Monthly,UPI,No,0,209.0,1,1,18,14.0,2026-05-04,3762.0,,0
CUST-104183,2024-07-04,Paid Social,Delhi,Female,24,0,Premium,Monthly,Credit Card,Yes,2,901.0,1,1,22,15.0,2026-05-03,19822.0,,0
CUST-104184,2024-12-04,Affiliate,Hyderabad,Male,64,1,Basic,Two-Year,UPI,Yes,2,354.0,1,1,17,37.0,2026-05-31,6018.0,,0
CUST-104185,2026-03-14,Affiliate,Pune,Female,67,1,Standard,Annual,Wallet,Yes,1,569.0,1,0,2,24.0,2026-05-18,1138.0,,0
CUST-104186,2025-12-20,Organic Search,Hyderabad,Male,33,0,Basic,Annual,Credit Card,Yes,2,310.0,1,1,5,25.0,2026-05-03,1550.0,,0
CUST-104187,2025-04-05,Organic Search,Ahmedabad,Male,26,0,Basic,Monthly,Debit Card,No,2,317.0,1,0,13,19.0,2026-05-11,4121.0,,0
CUST-104188,2025-04-18,Organic Search,Surat,Male,40,0,Standard,Monthly,UPI,Yes,0,480.0,1,1,4,27.0,2025-08-16,1920.0,2025-08-16,1
CUST-104189,2025-04-09,Paid Search,Ahmedabad,Male,58,0,Premium,Two-Year,Wallet,No,2,897.0,1,1,13,20.0,2026-05-09,11661.0,,0
CUST-104190,2024-07-04,Organic Search,Chennai,Male,50,0,Standard,Annual,Credit Card,Yes,3,673.0,1,1,22,22.0,2026-05-03,14806.0,,0
CUST-104191,2025-02-18,Referral,Hyderabad,Female,20,0,Basic,Monthly,UPI,Yes,1,279.0,1,1,15,18.0,2026-05-13,4185.0,,0
CUST-104192,2026-03-15,Paid Search,Pune,Male,18,0,Basic,Annual,Debit Card,No,3,358.0,1,1,2,22.0,2026-05-12,716.0,,0
CUST-104193,2025-09-02,Affiliate,Delhi,Male,30,0,Basic,Monthly,UPI,No,0,217.0,1,1,8,17.0,2026-05-13,1736.0,,0
CUST-104194,2025-03-08,Paid Social,Hyderabad,Male,57,0,Premium,Monthly,UPI,Yes,0,796.0,1,1,5,14.0,2025-08-05,3980.0,2025-08-05,1
CUST-104195,2026-05-21,Paid Search,Hyderabad,Male,31,0,Basic,Monthly,UPI,No,0,203.0,1,1,0,1.0,2026-05-21,203.0,2026-05-21,1
CUST-104196,2024-07-27,Organic Search,Mumbai,Female,64,1,Premium,Two-Year,Credit Card,Yes,1,860.0,1,1,22,21.0,2026-05-15,18920.0,,0
CUST-104197,2026-02-20,Affiliate,Chennai,Male,33,0,Premium,Annual,UPI,No,1,871.0,1,1,3,22.0,2026-05-03,2613.0,,0
CUST-104198,2025-04-02,Organic Search,Ahmedabad,Female,64,1,Standard,Monthly,Debit Card,Yes,3,695.0,0,0,13,22.0,2026-05-16,9035.0,,0
CUST-104199,2025-06-02,Organic Search,Bengaluru,Male,65,1,Basic,Monthly,UPI,Yes,3,376.0,1,1,9,17.0,2026-02-27,3384.0,2026-02-27,1
CUST-104200,2026-04-24,Organic Search,Pune,Male,55,0,Premium,Two-Year,UPI,No,2,927.0,1,1,1,12.0,2026-05-28,927.0,,0
CUST-104201,2026-04-11,Affiliate,Chennai,Female,27,0,Basic,Monthly,UPI,Yes,3,399.0,1,1,1,29.0,2026-05-12,399.0,,0
CUST-104202,2026-01-06,Organic Search,Bengaluru,Male,21,0,Premium,Monthly,Credit Card,Yes,3,991.0,1,0,4,18.0,2026-05-04,3964.0,,0
CUST-104203,2025-06-21,Paid Search,Mumbai,Female,27,0,Basic,Two-Year,UPI,No,1,253.0,1,0,11,16.0,2026-05-15,2783.0,,0
CUST-104204,2025-08-07,Referral,Bengaluru,Male,50,0,Basic,Two-Year,UPI,Yes,1,256.0,1,0,9,15.0,2026-05-25,2304.0,,0
CUST-104205,2026-03-22,Referral,Mumbai,Male,53,0,Basic,Monthly,UPI,No,1,244.0,1,1,2,22.0,2026-05-11,488.0,,0
CUST-104206,2025-12-06,Organic Search,Bengaluru,Female,69,1,Basic,Monthly,Wallet,Yes,0,226.0,1,1,3,18.0,2026-03-06,678.0,2026-03-06,1
CUST-104207,2025-01-07,Organic Search,Bengaluru,Male,67,1,Standard,Annual,UPI,Yes,2,624.0,1,1,16,24.0,2026-05-13,9984.0,,0
CUST-104208,2025-06-12,Paid Social,Chennai,Female,34,0,Standard,Monthly,UPI,Yes,3,658.0,1,1,9,23.0,2026-03-09,5922.0,2026-03-09,1
CUST-104209,2026-01-18,Organic Search,Mumbai,Female,38,0,Basic,Annual,Credit Card,Yes,3,366.0,1,1,2,21.0,2026-03-19,732.0,2026-03-19,1
CUST-104210,2026-01-08,Referral,Mumbai,Male,58,0,Standard,Annual,Credit Card,Yes,1,557.0,1,1,4,16.0,2026-05-14,2228.0,,0
CUST-104211,2025-01-05,Paid Social,Bengaluru,Male,58,0,Basic,Annual,UPI,Yes,2,339.0,1,1,16,18.0,2026-05-12,5424.0,,0
CUST-104212,2026-02-03,Paid Social,Ahmedabad,Female,34,0,Premium,Monthly,Net Banking,No,3,976.0,1,0,3,22.0,2026-05-02,2928.0,,0
CUST-104213,2025-07-18,Organic Search,Mumbai,Male,19,0,Premium,Annual,Debit Card,Yes,2,928.0,1,0,10,16.0,2026-05-14,9280.0,,0
CUST-104214,2025-02-01,Paid Search,Delhi,Female,23,0,Standard,Two-Year,Credit Card,Yes,0,488.0,1,1,15,22.0,2026-05-06,7320.0,,0
CUST-104215,2025-05-26,Organic Search,Bengaluru,Male,60,1,Premium,Annual,Credit Card,No,0,809.0,1,0,12,19.0,2026-05-06,9708.0,,0
CUST-104216,2025-04-21,Referral,Mumbai,Male,36,0,Basic,Monthly,Net Banking,Yes,3,399.0,1,1,13,27.0,2026-05-29,5187.0,,0
CUST-104217,2024-07-25,Organic Search,Bengaluru,Male,55,0,Basic,Two-Year,UPI,No,3,391.0,1,1,22,21.0,2026-05-26,8602.0,,0
CUST-104218,2024-11-13,Email,Kolkata,Female,59,0,Basic,Monthly,Wallet,Yes,3,342.0,0,0,18,15.0,2026-05-07,6156.0,,0
CUST-104219,2024-09-08,Referral,Bengaluru,Female,64,1,Premium,Monthly,UPI,No,2,917.0,1,1,20,21.0,2026-05-14,18340.0,,0
CUST-104220,2025-10-13,Organic Search,Mumbai,Female,43,0,Basic,Monthly,Credit Card,No,3,363.0,1,0,7,19.0,2026-05-26,2541.0,,0
CUST-104221,2025-03-31,Organic Search,Ahmedabad,Male,51,0,Premium,Monthly,UPI,Yes,1,869.0,1,0,14,12.0,2026-05-10,12166.0,,0
CUST-104222,2024-09-08,Paid Social,Mumbai,Male,28,0,Standard,Monthly,Debit Card,No,2,620.0,1,1,3,16.0,2024-12-07,1860.0,2024-12-07,1
CUST-104223,2025-08-09,Organic Search,Bengaluru,Male,66,1,Basic,Annual,Net Banking,Yes,0,225.0,1,1,9,22.0,2026-05-23,2025.0,,0
CUST-104224,2025-05-11,Organic Search,Hyderabad,Male,63,1,Standard,Monthly,Debit Card,Yes,1,554.0,1,1,12,12.0,2026-05-19,6648.0,,0
CUST-104225,2025-10-06,Affiliate,Ahmedabad,Male,38,0,Standard,Monthly,UPI,Yes,0,500.0,1,0,7,25.0,2026-05-25,3500.0,,0
CUST-104226,2026-05-06,Paid Search,Mumbai,Female,37,0,Standard,Two-Year,Debit Card,Yes,2,617.0,1,0,0,25.0,2026-05-17,617.0,,0
CUST-104227,2026-05-20,Organic Search,Delhi,Male,56,0,Premium,Monthly,Wallet,Yes,1,870.0,1,1,0,13.0,2026-05-20,870.0,2026-05-20,1
CUST-104228,2025-05-06,Paid Search,Delhi,Male,39,0,Standard,Annual,UPI,No,2,604.0,0,0,12,25.0,2026-05-20,7248.0,,0
CUST-104229,2024-06-24,Organic Search,Jaipur,Female,55,0,Basic,Two-Year,UPI,Yes,3,364.0,1,1,23,18.0,2026-05-17,8372.0,,0
CUST-104230,2024-07-20,Email,Mumbai,Male,22,0,Standard,Monthly,Credit Card,No,3,671.0,1,1,22,24.0,2026-05-21,14762.0,,0
CUST-104231,2024-09-09,Organic Search,Ahmedabad,Female,31,0,Basic,Monthly,Debit Card,No,2,328.0,1,0,20,23.0,2026-05-27,6560.0,,0
CUST-104232,2024-06-14,Referral,Delhi,Male,58,0,Premium,Monthly,UPI,Yes,3,995.0,1,1,23,28.0,2026-05-04,22885.0,,0
CUST-104233,2025-09-13,Referral,Mumbai,Male,65,1,Basic,Annual,UPI,Yes,1,258.0,1,1,8,19.0,2026-05-28,2064.0,,0
CUST-104234,2026-04-24,Organic Search,Ahmedabad,Female,19,0,Standard,Monthly,Credit Card,Yes,2,628.0,1,1,1,11.0,2026-05-24,628.0,2026-05-24,1
CUST-104235,2025-12-02,Organic Search,Delhi,Female,58,0,Basic,Two-Year,Net Banking,No,0,207.0,1,1,5,17.0,2026-05-15,1035.0,,0
CUST-104236,2025-10-29,Paid Social,Delhi,Female,21,0,Basic,Annual,UPI,No,0,198.0,0,0,7,25.0,2026-05-09,1386.0,,0
CUST-104237,2025-01-19,Affiliate,Ahmedabad,Male,63,1,Standard,Annual,Credit Card,Yes,0,498.0,1,1,16,13.0,2026-05-22,7968.0,,0
CUST-104238,2025-10-31,Paid Search,Pune,Male,31,0,Basic,Two-Year,Net Banking,No,1,270.0,1,1,7,15.0,2026-05-14,1890.0,,0
CUST-104239,2025-06-12,Paid Search,Bengaluru,Female,36,0,Standard,Monthly,UPI,Yes,2,648.0,1,1,11,19.0,2026-05-14,7128.0,,0
CUST-104240,2025-02-25,Referral,Ahmedabad,Male,55,0,Standard,Annual,UPI,Yes,1,574.0,1,1,15,24.0,2026-05-06,8610.0,,0
CUST-104241,2024-07-11,Affiliate,Kolkata,Female,61,1,Basic,Annual,UPI,Yes,3,397.0,1,0,22,15.0,2026-05-16,8734.0,,0
CUST-104242,2025-06-01,Paid Social,Mumbai,Male,39,0,Basic,Annual,Debit Card,No,0,230.0,1,0,11,11.0,2026-05-21,2530.0,,0
CUST-104243,2025-04-04,Paid Search,Surat,Male,34,0,Standard,Annual,Debit Card,Yes,1,549.0,1,1,13,12.0,2026-05-02,7137.0,,0
CUST-104244,2025-07-13,Referral,Jaipur,Male,68,1,Standard,Monthly,Net Banking,No,1,570.0,1,1,10,27.0,2026-05-11,5700.0,,0
CUST-104245,2025-05-07,Organic Search,Delhi,Female,68,1,Standard,Annual,Credit Card,Yes,0,521.0,1,1,11,11.0,2026-04-02,5731.0,2026-04-02,1
CUST-104246,2025-12-12,Affiliate,Mumbai,Male,45,0,Basic,Annual,UPI,Yes,2,333.0,1,1,5,22.0,2026-05-25,1665.0,,0
CUST-104247,2026-03-20,Organic Search,Chennai,Female,19,0,Basic,Annual,Credit Card,No,1,250.0,1,1,2,14.0,2026-05-25,500.0,,0
CUST-104248,2025-06-07,Organic Search,Delhi,Male,68,1,Standard,Two-Year,UPI,No,0,487.0,1,1,11,20.0,2026-05-09,5357.0,,0
CUST-104249,2025-02-03,Affiliate,Mumbai,Male,50,0,Premium,Monthly,Debit Card,Yes,2,943.0,0,0,15,24.0,2026-05-19,14145.0,,0
CUST-104250,2025-01-10,Paid Social,Bengaluru,Male,46,0,Standard,Two-Year,Wallet,No,0,505.0,1,0,16,14.0,2026-05-30,8080.0,,0
CUST-104251,2026-03-05,Organic Search,Bengaluru,Female,23,0,Standard,Monthly,Credit Card,Yes,3,684.0,1,1,2,27.0,2026-05-10,1368.0,,0
CUST-104252,2025-06-24,Organic Search,Kolkata,Female,69,1,Standard,Monthly,Debit Card,Yes,1,559.0,1,1,11,23.0,2026-05-20,6149.0,,0
CUST-104253,2026-05-10,Paid Search,Hyderabad,Male,55,0,Standard,Monthly,UPI,Yes,1,582.0,1,1,0,19.0,2026-05-26,582.0,,0
CUST-104254,2025-10-10,Affiliate,Kolkata,Male,29,0,Standard,Monthly,Credit Card,No,0,514.0,0,0,7,19.0,2026-05-19,3598.0,,0
CUST-104255,2025-07-30,Organic Search,Hyderabad,Female,36,0,Basic,Annual,Debit Card,Yes,3,376.0,1,1,10,39.0,2026-05-05,3760.0,,0
CUST-104256,2024-07-13,Organic Search,Pune,Male,35,0,Standard,Monthly,Debit Card,Yes,0,513.0,1,0,22,25.0,2026-05-03,11286.0,,0
CUST-104257,2025-11-18,Paid Social,Bengaluru,Female,63,1,Basic,Annual,Wallet,No,2,322.0,1,0,6,6.0,2026-05-14,1932.0,,0
CUST-104258,2025-05-12,Email,Surat,Female,42,0,Basic,Two-Year,Wallet,Yes,2,332.0,0,0,12,11.0,2026-05-28,3984.0,,0
CUST-104259,2024-08-17,Paid Social,Jaipur,Male,63,1,Basic,Annual,Credit Card,Yes,0,219.0,1,0,21,16.0,2026-05-18,4599.0,,0
CUST-104260,2025-02-07,Email,Chennai,Female,53,0,Basic,Monthly,Net Banking,Yes,0,218.0,1,1,9,2.0,2025-11-04,1962.0,2025-11-04,1
CUST-104261,2025-04-28,Affiliate,Chennai,Female,37,0,Basic,Two-Year,Debit Card,No,0,173.0,1,1,13,17.0,2026-05-17,2249.0,,0
CUST-104262,2026-03-16,Paid Social,Bengaluru,Male,39,0,Basic,Annual,Credit Card,Yes,3,387.0,1,0,2,11.0,2026-05-15,774.0,,0
CUST-104263,2025-09-08,Affiliate,Mumbai,Male,60,1,Basic,Annual,UPI,Yes,2,341.0,0,0,8,22.0,2026-05-23,2728.0,,0
CUST-104264,2025-03-11,Referral,Kolkata,Male,43,0,Basic,Monthly,Wallet,Yes,0,188.0,0,0,14,17.0,2026-05-23,2632.0,,0
CUST-104265,2026-05-16,Paid Search,Ahmedabad,Female,53,0,Basic,Annual,Wallet,Yes,3,409.0,1,1,0,22.0,2026-05-31,409.0,,0
CUST-104266,2025-09-02,Paid Social,Mumbai,Female,24,0,Basic,Monthly,Credit Card,Yes,3,388.0,1,0,8,17.0,2026-05-29,3104.0,,0
CUST-104267,2026-05-10,Affiliate,Delhi,Male,40,0,Premium,Monthly,UPI,Yes,2,933.0,1,1,0,15.0,2026-05-29,933.0,,0
CUST-104268,2025-04-29,Referral,Pune,Male,47,0,Standard,Monthly,UPI,Yes,2,633.0,1,1,13,22.0,2026-05-25,8229.0,,0
CUST-104269,2026-02-11,Referral,Bengaluru,Male,35,0,Basic,Annual,UPI,No,3,359.0,1,1,0,14.0,2026-02-11,359.0,2026-02-11,1
CUST-104270,2026-01-14,Email,Mumbai,Male,62,1,Basic,Monthly,Net Banking,Yes,1,274.0,0,0,4,9.0,2026-05-20,1096.0,,0
CUST-104271,2025-11-04,Paid Social,Ahmedabad,Male,28,0,Basic,Monthly,Credit Card,Yes,0,206.0,1,1,0,15.0,2025-11-04,206.0,2025-11-04,1
CUST-104272,2026-04-09,Affiliate,Mumbai,Male,62,1,Basic,Annual,Credit Card,Yes,2,312.0,1,0,1,17.0,2026-05-04,312.0,,0
CUST-104273,2025-07-08,Affiliate,Delhi,Male,21,0,Basic,Monthly,UPI,No,1,283.0,1,0,10,12.0,2026-05-08,2830.0,,0
CUST-104274,2024-07-31,Organic Search,Ahmedabad,Female,40,0,Basic,Monthly,Debit Card,No,2,291.0,1,1,20,27.0,2026-03-23,5820.0,2026-03-23,1
CUST-104275,2025-03-03,Organic Search,Hyderabad,Female,44,0,Standard,Two-Year,Debit Card,Yes,0,490.0,1,0,14,17.0,2026-05-26,6860.0,,0
CUST-104276,2024-06-15,Paid Social,Mumbai,Male,31,0,Standard,Two-Year,Net Banking,No,1,581.0,1,1,23,16.0,2026-05-03,13363.0,,0
CUST-104277,2024-12-10,Affiliate,Delhi,Female,46,0,Standard,Two-Year,Credit Card,Yes,1,574.0,0,0,17,24.0,2026-05-15,9758.0,,0
CUST-104278,2025-10-27,Paid Social,Delhi,Male,64,1,Basic,Annual,UPI,No,1,251.0,0,0,7,11.0,2026-05-17,1757.0,,0
CUST-104279,2024-09-02,Referral,Bengaluru,Male,41,0,Basic,Monthly,UPI,No,2,308.0,1,1,20,0.0,2026-05-10,6160.0,,0
CUST-104280,2025-09-04,Organic Search,Kolkata,Female,46,0,Premium,Monthly,Net Banking,Yes,1,857.0,1,0,8,26.0,2026-05-02,6856.0,,0
CUST-104281,2025-09-07,Paid Social,Mumbai,Male,67,1,Standard,Monthly,Net Banking,Yes,3,685.0,0,0,8,10.0,2026-05-13,5480.0,,0
CUST-104282,2025-07-10,Paid Search,Delhi,Male,66,1,Standard,Two-Year,UPI,Yes,2,614.0,1,1,10,33.0,2026-05-30,6140.0,,0
CUST-104283,2025-10-17,Organic Search,Hyderabad,Male,18,0,Premium,Monthly,UPI,Yes,1,859.0,1,1,7,14.0,2026-05-20,6013.0,,0
CUST-104284,2025-04-11,Affiliate,Ahmedabad,Female,55,0,Standard,Monthly,Debit Card,Yes,1,562.0,1,1,13,5.0,2026-05-31,7306.0,,0
CUST-104285,2025-09-24,Organic Search,Chennai,Male,62,1,Basic,Annual,Debit Card,Yes,1,256.0,1,1,8,12.0,2026-05-21,2048.0,,0
CUST-104286,2025-11-29,Affiliate,Surat,Female,67,1,Standard,Annual,Debit Card,No,1,554.0,0,0,6,20.0,2026-05-20,3324.0,,0
CUST-104287,2025-07-31,Organic Search,Pune,Male,59,0,Basic,Monthly,UPI,Yes,2,303.0,1,0,10,29.0,2026-05-08,3030.0,,0
CUST-104288,2025-10-26,Email,Jaipur,Male,22,0,Standard,Two-Year,Wallet,Yes,3,681.0,0,0,7,28.0,2026-05-22,4767.0,,0
CUST-104289,2025-12-10,Paid Search,Delhi,Female,57,0,Basic,Annual,Credit Card,Yes,2,320.0,1,1,5,29.0,2026-05-26,1600.0,,0
CUST-104290,2025-03-31,Organic Search,Delhi,Female,61,1,Basic,Two-Year,Debit Card,Yes,3,367.0,1,1,14,15.0,2026-05-23,5138.0,,0
CUST-104291,2026-03-30,Organic Search,Ahmedabad,Male,45,0,Basic,Monthly,UPI,Yes,0,205.0,1,1,2,20.0,2026-05-12,410.0,,0
CUST-104292,2025-01-23,Organic Search,Ahmedabad,Female,19,0,Basic,Monthly,UPI,Yes,0,219.0,1,1,14,15.0,2026-03-19,3066.0,2026-03-19,1
CUST-104293,2024-07-12,Paid Search,Mumbai,Female,27,0,Standard,Monthly,UPI,Yes,2,622.0,0,0,22,32.0,2026-05-05,13684.0,,0
CUST-104294,2026-05-03,Affiliate,Bengaluru,Male,32,0,Basic,Monthly,UPI,Yes,3,387.0,1,1,0,25.0,2026-05-20,387.0,,0
CUST-104295,2026-02-05,Paid Social,Bengaluru,Male,62,1,Basic,Monthly,Wallet,No,2,336.0,1,0,3,19.0,2026-05-15,1008.0,,0
CUST-104296,2025-03-23,Paid Social,Mumbai,Male,24,0,Basic,Monthly,Debit Card,Yes,1,260.0,0,0,14,6.0,2026-05-02,3640.0,,0
CUST-104297,2024-11-03,Paid Search,Pune,Female,56,0,Premium,Monthly,Wallet,Yes,2,934.0,1,0,18,22.0,2026-05-20,16812.0,,0
CUST-104298,2024-10-31,Paid Search,Mumbai,Female,27,0,Standard,Monthly,Debit Card,Yes,0,466.0,1,1,19,13.0,2026-05-23,8854.0,,0
CUST-104299,2025-07-22,Referral,Delhi,Male,61,1,Standard,Monthly,UPI,Yes,3,670.0,1,1,10,28.0,2026-05-31,6700.0,,0
CUST-104300,2026-05-01,Paid Social,Mumbai,Female,18,0,Basic,Monthly,Debit Card,No,0,184.0,1,0,0,11.0,2026-05-15,184.0,,0
CUST-104301,2025-01-16,Referral,Hyderabad,Male,30,0,Basic,Monthly,Debit Card,No,3,402.0,1,1,16,19.0,2026-05-31,6432.0,,0
CUST-104302,2025-10-28,Email,Bengaluru,Female,23,0,Basic,Monthly,Net Banking,Yes,1,270.0,1,1,7,22.0,2026-05-25,1890.0,,0
CUST-104303,2025-02-20,Paid Social,Hyderabad,Female,46,0,Basic,Monthly,Credit Card,Yes,3,363.0,1,1,15,24.0,2026-05-28,5445.0,,0
CUST-104304,2025-07-13,Organic Search,Ahmedabad,Male,58,0,Basic,Two-Year,UPI,Yes,2,306.0,1,1,10,13.0,2026-05-28,3060.0,,0
CUST-104305,2025-09-09,Organic Search,Delhi,Male,39,0,Premium,Monthly,Debit Card,Yes,3,960.0,1,1,8,33.0,2026-05-24,7680.0,,0
CUST-104306,2025-12-12,Paid Search,Surat,Male,45,0,Standard,Annual,Debit Card,No,2,626.0,1,0,5,18.0,2026-05-20,3130.0,,0
CUST-104307,2025-11-16,Paid Social,Ahmedabad,Female,51,0,Basic,Monthly,Credit Card,Yes,2,324.0,0,0,6,23.0,2026-05-31,1944.0,,0
CUST-104308,2024-11-09,Email,Delhi,Male,41,0,Standard,Monthly,UPI,No,2,615.0,1,0,18,18.0,2026-05-11,11070.0,,0
CUST-104309,2024-08-21,Paid Search,Ahmedabad,Female,57,0,Basic,Monthly,Credit Card,Yes,0,188.0,1,1,21,11.0,2026-05-26,3948.0,,0
CUST-104310,2025-07-12,Paid Search,Mumbai,Male,32,0,Basic,Monthly,Net Banking,Yes,3,380.0,1,1,10,22.0,2026-05-13,3800.0,,0
CUST-104311,2025-03-23,Referral,Bengaluru,Male,27,0,Standard,Annual,UPI,Yes,1,600.0,1,1,14,24.0,2026-05-30,8400.0,,0
CUST-104312,2024-12-17,Organic Search,Mumbai,Female,27,0,Premium,Two-Year,Debit Card,No,1,855.0,1,1,17,36.0,2026-05-24,14535.0,,0
CUST-104313,2024-10-22,Affiliate,Bengaluru,Male,27,0,Standard,Monthly,UPI,Yes,3,698.0,0,0,19,27.0,2026-05-05,13262.0,,0
CUST-104314,2026-02-20,Organic Search,Jaipur,Female,19,0,Premium,Monthly,UPI,No,0,796.0,1,1,3,11.0,2026-05-14,2388.0,,0
CUST-104315,2024-08-01,Paid Search,Mumbai,Male,20,0,Basic,Annual,UPI,Yes,0,215.0,1,1,21,7.0,2026-05-15,4515.0,,0
CUST-104316,2024-09-08,Email,Ahmedabad,Male,20,0,Standard,Annual,UPI,Yes,3,690.0,1,1,20,24.0,2026-05-15,13800.0,,0
CUST-104317,2025-02-06,Referral,Chennai,Male,26,0,Premium,Monthly,UPI,Yes,3,980.0,1,1,15,23.0,2026-05-19,14700.0,,0
CUST-104318,2024-11-06,Affiliate,Bengaluru,Male,50,0,Basic,Monthly,Debit Card,Yes,3,390.0,1,1,18,31.0,2026-05-31,7020.0,,0
CUST-104319,2024-07-20,Paid Social,Kolkata,Female,30,0,Standard,Monthly,Credit Card,No,0,519.0,1,0,22,23.0,2026-05-21,11418.0,,0
CUST-104320,2024-11-25,Affiliate,Delhi,Male,48,0,Premium,Monthly,UPI,Yes,1,862.0,1,0,18,22.0,2026-05-03,15516.0,,0
CUST-104321,2025-02-21,Paid Search,PUNE,Male,21,0,Standard,Monthly,Debit Card,Yes,2,618.0,1,1,15,27.0,2026-05-05,9270.0,,0
CUST-104322,2025-04-16,Paid Search,Jaipur,Male,59,0,Basic,Monthly,Credit Card,Yes,1,271.0,1,1,13,17.0,2026-05-08,3523.0,,0
CUST-104323,2025-06-20,Organic Search,Mumbai,Female,36,0,Basic,Annual,Credit Card,No,0,225.0,1,0,11,23.0,2026-05-21,2475.0,,0
CUST-104324,2024-09-05,Organic Search,Chennai,Female,40,0,Standard,Monthly,Net Banking,Yes,0,480.0,1,1,20,19.0,2026-05-21,9600.0,,0
CUST-104325,2026-05-15,Paid Search,Pune,Female,53,0,Premium,Monthly,UPI,Yes,3,962.0,1,1,0,36.0,2026-05-15,962.0,2026-05-15,1
CUST-104326,2025-07-02,Organic Search,Chennai,Female,69,1,Basic,Monthly,Credit Card,No,3,402.0,1,1,10,22.0,2026-05-19,4020.0,,0
CUST-104327,2025-03-20,Referral,Mumbai,Male,59,0,Basic,Annual,UPI,Yes,2,313.0,1,1,14,20.0,2026-05-19,4382.0,,0
CUST-104328,2025-11-17,Affiliate,Delhi,Male,38,0,Basic,Monthly,UPI,No,0,220.0,0,0,6,19.0,2026-05-29,1320.0,,0
CUST-104329,2026-04-13,Email,Ahmedabad,Male,35,0,Basic,Monthly,UPI,No,1,251.0,1,0,1,26.0,2026-05-24,251.0,,0
CUST-104330,2024-06-06,Organic Search,Surat,Male,35,0,Standard,Monthly,Net Banking,Yes,1,554.0,1,1,23,25.0,2026-05-06,12742.0,,0
CUST-104331,2025-06-01,Email,Ahmedabad,Female,22,0,Standard,Monthly,UPI,Yes,0,516.0,1,0,11,18.0,2026-05-22,5676.0,,0
CUST-104332,2026-03-09,Organic Search,Ahmedabad,Female,35,0,Standard,Monthly,Debit Card,No,0,512.0,1,1,2,16.0,2026-05-23,1024.0,,0
CUST-104333,2024-11-19,Paid Social,Kolkata,Male,57,0,Standard,Monthly,Debit Card,No,1,544.0,1,1,4,9.0,2025-03-19,2176.0,2025-03-19,1
CUST-104334,2026-02-12,Affiliate,Delhi,Female,32,0,Standard,Monthly,UPI,Yes,1,570.0,1,0,3,24.0,2026-05-31,1710.0,,0
CUST-104335,2025-08-05,Organic Search,Pune,Male,38,0,Standard,Monthly,UPI,No,1,551.0,1,1,4,26.0,2025-12-03,2204.0,2025-12-03,1
CUST-104336,2024-07-08,Organic Search,Mumbai,Female,21,0,Basic,Monthly,UPI,Yes,0,207.0,1,0,22,1.0,2026-05-11,4554.0,,0
CUST-104337,2026-02-27,Organic Search,Pune,Male,31,0,Basic,Monthly,UPI,Yes,0,202.0,1,1,3,10.0,2026-05-12,606.0,,0
CUST-104338,2024-07-20,Paid Search,Mumbai,Female,21,0,Premium,Monthly,Wallet,No,3,978.0,0,0,22,25.0,2026-05-29,21516.0,,0
CUST-104339,2025-11-01,Affiliate,Bengaluru,Male,42,0,Standard,Two-Year,UPI,Yes,0,492.0,1,1,6,14.0,2026-05-15,2952.0,,0
CUST-104340,2025-07-24,Organic Search,Bengaluru,Female,33,0,Basic,Annual,Credit Card,No,2,296.0,0,0,10,25.0,2026-05-22,2960.0,,0
CUST-104341,2025-12-30,Organic Search,Delhi,Female,68,1,Standard,Annual,UPI,Yes,3,671.0,1,1,5,17.0,2026-05-21,3355.0,,0
CUST-104342,2025-01-15,Paid Search,Mumbai,Male,48,0,Standard,Monthly,Debit Card,Yes,1,571.0,1,1,16,14.0,2026-05-27,9136.0,,0
CUST-104343,2024-08-25,Organic Search,Mumbai,Male,37,0,Basic,Two-Year,UPI,No,1,268.0,1,1,21,11.0,2026-05-04,5628.0,,0
CUST-104344,2025-05-24,Referral,Hyderabad,Female,45,0,Standard,Annual,UPI,Yes,2,608.0,1,1,12,21.0,2026-05-09,7296.0,,0
CUST-104345,2025-11-26,Email,Mumbai,Female,67,1,Basic,Monthly,UPI,No,0,217.0,1,1,6,15.0,2026-05-31,1302.0,,0
CUST-104346,2025-07-19,Referral,Delhi,Female,27,0,Premium,Annual,Wallet,No,2,926.0,1,1,2,13.0,2025-09-17,1852.0,2025-09-17,1
CUST-104347,2024-08-02,Affiliate,Delhi,Female,31,0,Standard,Monthly,Credit Card,No,0,510.0,1,1,21,7.0,2026-05-10,10710.0,,0
CUST-104348,2025-09-08,Paid Search,Bengaluru,Female,46,0,Premium,Two-Year,UPI,No,3,965.0,1,1,8,21.0,2026-05-19,7720.0,,0
CUST-104349,2025-03-19,Affiliate,Hyderabad,Female,23,0,Standard,Monthly,Debit Card,No,2,648.0,1,1,14,18.0,2026-05-10,9072.0,,0
CUST-104350,2025-11-16,Organic Search,Delhi,Male,45,0,Premium,Annual,Net Banking,Yes,1,868.0,1,1,6,14.0,2026-05-04,5208.0,,0
CUST-104351,2026-04-11,Organic Search,Kolkata,Female,26,0,Basic,Two-Year,Credit Card,No,1,284.0,1,1,0,23.0,2026-04-11,284.0,2026-04-11,1
CUST-104352,2026-02-15,Paid Search,Pune,Male,62,1,Basic,Monthly,Wallet,Yes,0,192.0,1,1,3,11.0,2026-05-25,576.0,,0
CUST-104353,2026-05-30,Organic Search,Chennai,Male,58,0,Premium,Two-Year,UPI,No,0,774.0,1,1,0,18.0,2026-05-22,774.0,,0
CUST-104354,2025-08-17,Affiliate,Hyderabad,Female,20,0,Premium,Monthly,Net Banking,No,3,967.0,0,0,9,23.0,2026-05-13,8703.0,,0
CUST-104355,2025-11-09,Referral,Mumbai,Male,45,0,Premium,Annual,Net Banking,Yes,0,817.0,1,1,6,11.0,2026-05-18,4902.0,,0
CUST-104356,2024-08-16,Email,Surat,Male,28,0,Premium,Monthly,Credit Card,No,0,784.0,1,1,1,18.0,2024-09-15,784.0,2024-09-15,1
CUST-104357,2024-10-05,Paid Social,Chennai,Female,48,0,Standard,Monthly,Credit Card,Yes,0,524.0,1,1,19,17.0,2026-05-29,9956.0,,0
CUST-104358,2024-09-08,Paid Social,Bengaluru,Female,46,0,Standard,Monthly,UPI,No,1,550.0,1,0,20,16.0,2026-05-31,11000.0,,0
CUST-104359,2025-11-15,Referral,Mumbai,Male,68,1,Standard,Annual,UPI,Yes,2,627.0,1,1,6,16.0,2026-05-26,3762.0,,0
CUST-104360,2025-08-22,Organic Search,Mumbai,Male,27,0,Basic,Annual,Credit Card,Yes,1,265.0,0,0,9,25.0,2026-05-20,2385.0,,0
CUST-104361,2026-04-02,Paid Search,Pune,Male,44,0,Standard,Monthly,Wallet,No,3,677.0,0,0,1,7.0,2026-05-03,677.0,,0
CUST-104362,2025-10-30,Paid Search,Delhi,Male,68,1,Premium,Monthly,UPI,Yes,2,917.0,1,1,3,19.0,2026-01-28,2751.0,2026-01-28,1
CUST-104363,2026-02-27,Email,Pune,Male,24,0,Standard,Monthly,Credit Card,No,3,666.0,1,1,3,16.0,2026-05-22,1998.0,,0
CUST-104364,2025-12-02,Referral,Delhi,Male,31,0,Basic,Annual,UPI,No,1,291.0,1,1,5,17.0,2026-05-16,1455.0,,0
CUST-104365,2025-09-02,Organic Search,Bengaluru,Female,55,0,Standard,Monthly,UPI,No,2,629.0,1,1,2,10.0,2025-11-01,1258.0,2025-11-01,1
CUST-104366,2025-06-14,Paid Social,Mumbai,Female,23,0,Premium,Monthly,UPI,No,0,777.0,1,0,11,9.0,2026-05-08,8547.0,,0
CUST-104367,2024-09-07,Paid Search,Mumbai,Female,28,0,Basic,Two-Year,Wallet,No,1,241.0,0,0,20,11.0,2026-05-12,4820.0,,0
CUST-104368,2025-08-12,Organic Search,Ahmedabad,Female,67,1,Basic,Two-Year,UPI,Yes,3,389.0,1,1,9,13.0,2026-05-18,3501.0,,0
CUST-104369,2025-06-21,Paid Social,Chennai,Female,48,0,Standard,Monthly,UPI,No,1,561.0,1,1,0,21.0,2025-06-21,561.0,2025-06-21,1
CUST-104370,2026-05-12,Paid Social,Bengaluru,Female,20,0,Premium,Monthly,UPI,Yes,1,834.0,1,1,0,11.0,2026-05-29,834.0,,0
CUST-104371,2026-03-25,Organic Search,Jaipur,Male,62,1,Standard,Annual,Credit Card,Yes,2,659.0,1,1,2,20.0,2026-05-05,1318.0,,0
CUST-104372,2025-02-09,Paid Search,Hyderabad,Female,45,0,Standard,Monthly,Credit Card,No,1,519.0,1,1,15,22.0,2026-05-25,7785.0,,0
CUST-104373,2024-10-16,Organic Search,Hyderabad,Male,42,0,Basic,Monthly,UPI,No,3,374.0,1,1,19,25.0,2026-05-05,7106.0,,0
CUST-104374,2024-11-04,Paid Search,Bengaluru,Male,69,1,Basic,Two-Year,UPI,Yes,1,261.0,1,0,18,18.0,2026-05-04,4698.0,,0
CUST-104375,2025-05-22,Organic Search,Chennai,Male,34,0,Premium,Monthly,UPI,No,3,971.0,1,1,8,16.0,2026-01-17,7768.0,2026-01-17,1
CUST-104376,2026-05-08,Referral,Jaipur,Male,37,0,Basic,Monthly,UPI,Yes,2,334.0,0,0,0,14.0,2026-05-08,334.0,,0
CUST-104377,2026-02-19,Organic Search,Hyderabad,Male,47,0,Basic,Monthly,Net Banking,No,3,389.0,1,1,3,21.0,2026-05-20,1167.0,2026-05-20,1
CUST-104378,2026-04-01,Affiliate,Ahmedabad,Female,30,0,Basic,Two-Year,Debit Card,Yes,2,323.0,1,1,1,29.0,2026-05-29,323.0,,0
CUST-104379,2024-11-16,Organic Search,Pune,Male,24,0,Basic,Annual,UPI,Yes,2,320.0,1,1,18,5.0,2026-05-11,5760.0,,0
CUST-104380,2024-06-06,Paid Search,Ahmedabad,Male,25,0,Basic,Monthly,Credit Card,Yes,2,329.0,1,1,23,23.0,2026-05-15,7567.0,,0
CUST-104381,2025-10-04,Paid Social,Ahmedabad,Male,33,0,Standard,Annual,UPI,No,0,498.0,0,0,7,6.0,2026-05-13,3486.0,,0
CUST-104382,2025-03-20,Organic Search,Hyderabad,Female,22,0,Standard,Two-Year,UPI,Yes,0,478.0,1,1,12,14.0,2026-03-15,5736.0,2026-03-15,1
CUST-104383,2025-05-04,Paid Social,Chennai,Male,44,0,Standard,Annual,Credit Card,Yes,3,696.0,0,0,12,21.0,2026-05-07,8352.0,,0
CUST-104384,2025-11-18,Affiliate,Mumbai,Male,69,1,Basic,Monthly,Debit Card,Yes,2,347.0,1,0,6,17.0,2026-05-11,2082.0,,0
CUST-104385,2026-05-23,Affiliate,Ahmedabad,Female,31,0,Premium,Monthly,UPI,Yes,0,802.0,1,0,0,9.0,2026-05-05,802.0,,0
CUST-104386,2024-10-08,Paid Social,Kolkata,Female,20,0,Basic,Annual,UPI,Yes,2,323.0,1,0,19,28.0,2026-05-15,6137.0,,0
CUST-104387,2025-08-18,Organic Search,Mumbai,Male,20,0,Basic,Monthly,UPI,Yes,1,261.0,1,1,9,23.0,2026-05-24,2349.0,,0
CUST-104388,2024-06-24,Referral,Ahmedabad,Female,26,0,Basic,Monthly,UPI,Yes,1,241.0,1,1,9,15.0,2025-03-21,2169.0,2025-03-21,1
CUST-104389,2025-06-01,Paid Search,Hyderabad,Male,48,0,Premium,Annual,Credit Card,Yes,3,973.0,1,1,11,35.0,2026-05-15,10703.0,,0
CUST-104390,2024-06-27,Organic Search,Chennai,Female,42,0,Standard,Annual,Debit Card,Yes,2,633.0,1,1,23,16.0,2026-05-29,14559.0,,0
CUST-104391,2026-01-17,Referral,Bengaluru,Female,38,0,Standard,Monthly,UPI,Yes,2,625.0,1,1,4,15.0,2026-05-18,2500.0,,0
CUST-104392,2025-07-17,Paid Search,Bengaluru,Female,57,0,Basic,Monthly,Debit Card,Yes,2,347.0,0,0,10,20.0,2026-05-24,3470.0,,0
CUST-104393,2024-12-04,Paid Search,Delhi,Male,38,0,Basic,Annual,Wallet,No,0,212.0,1,0,17,11.0,2026-05-03,3604.0,,0
CUST-104394,2024-11-15,Paid Social,Mumbai,Female,50,0,Premium,Monthly,UPI,Yes,3,975.0,1,1,14,24.0,2026-01-09,13650.0,2026-01-09,1
CUST-104395,2025-09-20,Paid Social,Hyderabad,Male,69,1,Basic,Monthly,Credit Card,Yes,2,331.0,0,0,8,15.0,2026-05-14,2648.0,,0
CUST-104396,2024-12-06,Organic Search,Chennai,Male,26,0,Standard,Monthly,UPI,Yes,1,558.0,1,1,11,20.0,2025-11-01,6138.0,2025-11-01,1
CUST-104397,2025-03-09,Referral,Delhi,Female,23,0,Premium,Monthly,Debit Card,No,3,957.0,1,1,14,16.0,2026-05-31,13398.0,,0
CUST-104398,2024-06-12,Organic Search,Mumbai,Female,29,0,Standard,Monthly,Net Banking,No,2,637.0,1,1,23,33.0,2026-05-13,14651.0,,0
CUST-104399,2025-02-10,Referral,Mumbai,Male,26,0,Basic,Two-Year,Net Banking,Yes,1,269.0,1,1,15,16.0,2026-05-22,4035.0,,0
CUST-104400,2025-11-12,Referral,Ahmedabad,Female,61,1,Basic,Monthly,Credit Card,Yes,3,425.0,1,1,6,33.0,2026-05-12,2550.0,,0
CUST-104401,2024-07-12,Referral,Mumbai,Male,63,1,Basic,Monthly,Debit Card,Yes,2,313.0,1,1,22,11.0,2026-05-26,6886.0,,0
CUST-104402,2026-02-06,Organic Search,Ahmedabad,Female,47,0,Premium,Monthly,Credit Card,Yes,0,812.0,1,1,3,27.0,2026-05-22,2436.0,,0
CUST-104403,2024-12-14,Paid Social,Chennai,Male,24,0,Premium,Monthly,Debit Card,Yes,1,850.0,1,0,17,14.0,2026-05-14,14450.0,,0
CUST-104404,2025-11-17,Paid Social,Mumbai,Male,62,1,Basic,Monthly,Net Banking,Yes,2,308.0,1,1,1,16.0,2025-12-17,308.0,2025-12-17,1
CUST-104405,2024-09-10,Paid Search,Hyderabad,Female,65,1,Premium,Two-Year,Debit Card,Yes,1,896.0,1,0,20,1.0,2026-05-16,17920.0,,0
CUST-104406,2024-09-08,Affiliate,Bengaluru,Male,39,0,Basic,Annual,UPI,Yes,2,290.0,1,1,20,12.0,2026-05-19,5800.0,,0
CUST-104407,2026-02-25,Paid Social,Chennai,Female,52,0,Basic,Monthly,UPI,Yes,0,201.0,1,1,0,6.0,2026-02-25,201.0,2026-02-25,1
CUST-104408,2026-04-29,Affiliate,Surat,Male,49,0,Basic,Monthly,Net Banking,Yes,3,407.0,1,1,1,13.0,2026-05-22,407.0,,0
CUST-104409,2024-12-12,Organic Search,Delhi,Female,45,0,Premium,Monthly,UPI,Yes,2,898.0,1,0,17,22.0,2026-05-09,15266.0,,0
CUST-104410,2026-05-03,Paid Social,Ahmedabad,Male,36,0,Basic,Monthly,Credit Card,No,0,194.0,0,0,0,9.0,2026-05-05,194.0,,0
CUST-104411,2026-01-17,Organic Search,Hyderabad,Female,32,0,Basic,Monthly,Debit Card,Yes,1,275.0,1,0,4,17.0,2026-05-24,1100.0,,0
CUST-104412,2024-12-06,Referral,Ahmedabad,Female,32,0,Basic,Monthly,Net Banking,Yes,1,243.0,1,1,17,21.0,2026-05-31,4131.0,,0
CUST-104413,2026-01-08,Organic Search,Mumbai,Female,36,0,Basic,Monthly,Net Banking,No,2,326.0,0,0,4,0.0,2026-05-06,1304.0,,0
CUST-104414,2026-05-18,Organic Search,Ahmedabad,Male,57,0,Standard,Monthly,UPI,Yes,1,549.0,1,1,0,15.0,2026-05-22,549.0,,0
CUST-104415,2025-01-07,Referral,Kolkata,Female,60,1,Basic,Annual,Debit Card,Yes,3,401.0,1,1,16,38.0,2026-05-16,6416.0,,0
CUST-104416,2025-04-20,Paid Search,Ahmedabad,Female,23,0,Premium,Monthly,Net Banking,No,0,821.0,0,0,13,20.0,2026-05-09,10673.0,,0
CUST-104417,2024-12-28,Organic Search,Bengaluru,Male,20,0,Premium,Two-Year,UPI,Yes,0,794.0,1,1,17,21.0,2026-05-25,13498.0,,0
CUST-104418,2024-07-01,Organic Search,Delhi,Female,42,0,Basic,Monthly,Credit Card,Yes,0,158.0,1,0,22,16.0,2026-05-02,3476.0,,0
CUST-104419,2026-04-13,Paid Search,Pune,Female,57,0,Premium,Annual,Debit Card,No,2,929.0,1,1,1,30.0,2026-05-30,929.0,,0
CUST-104420,2025-07-25,Paid Social,Mumbai,Female,47,0,Premium,Annual,UPI,Yes,3,996.0,0,0,10,26.0,2026-05-20,9960.0,,0
CUST-104421,2024-10-11,Organic Search,Kolkata,Male,61,1,Premium,Annual,UPI,No,1,869.0,1,1,19,18.0,2026-05-30,16511.0,,0
CUST-104422,2025-06-19,Paid Search,Hyderabad,Male,55,0,Basic,Annual,UPI,Yes,3,387.0,1,1,11,25.0,2026-05-22,4257.0,,0
CUST-104423,2025-12-21,Organic Search,Delhi,Female,54,0,Premium,Monthly,Debit Card,Yes,1,865.0,1,1,5,24.0,2026-05-19,4325.0,,0
CUST-104424,2026-02-16,Paid Search,Delhi,Female,46,0,Standard,Monthly,UPI,Yes,1,556.0,1,1,2,27.0,2026-04-17,1112.0,2026-04-17,1
CUST-104425,2025-12-21,Paid Social,Chennai,Male,20,0,Basic,Two-Year,Credit Card,Yes,2,310.0,1,0,5,10.0,2026-05-09,1550.0,,0
CUST-104426,2025-02-15,Organic Search,Hyderabad,Female,27,0,Standard,Monthly,Credit Card,No,0,502.0,1,1,15,18.0,2026-05-09,7530.0,,0
CUST-104427,2026-04-05,Organic Search,Delhi,Male,56,0,Basic,Annual,UPI,No,3,377.0,1,1,1,30.0,2026-05-06,377.0,,0
CUST-104428,2025-12-11,Organic Search,Delhi,Male,34,0,Standard,Two-Year,Credit Card,Yes,3,691.0,1,1,5,19.0,2026-05-29,3455.0,,0
CUST-104429,2025-04-22,Organic Search,Ahmedabad,Female,55,0,Standard,Monthly,UPI,No,3,668.0,0,0,13,18.0,2026-05-16,8684.0,,0
CUST-104430,2025-12-26,Paid Social,Ahmedabad,Female,35,0,Standard,Two-Year,UPI,Yes,3,674.0,1,0,5,33.0,2026-05-23,3370.0,,0
CUST-104431,2026-05-25,Affiliate,Ahmedabad,Female,18,0,Basic,Monthly,UPI,No,3,382.0,1,1,0,22.0,2026-05-07,382.0,,0
CUST-104432,2024-06-26,Affiliate,Ahmedabad,Female,53,0,Premium,Monthly,Credit Card,Yes,1,849.0,1,0,23,10.0,2026-05-28,19527.0,,0
CUST-104433,2025-08-18,Paid Social,Mumbai,Male,64,1,Basic,Annual,Credit Card,No,0,180.0,1,1,5,5.0,2026-01-15,900.0,2026-01-15,1
CUST-104434,2025-10-04,Paid Search,Kolkata,Male,41,0,Premium,Annual,UPI,No,2,930.0,1,1,7,20.0,2026-05-05,6510.0,,0
CUST-104435,2026-02-27,Paid Search,Chennai,Male,24,0,Standard,Monthly,UPI,Yes,1,541.0,1,0,3,13.0,2026-05-08,1623.0,,0
CUST-104436,2025-05-16,Affiliate,Chennai,Female,39,0,Basic,Monthly,UPI,No,3,383.0,1,1,12,31.0,2026-05-22,4596.0,,0
CUST-104437,2025-02-06,Organic Search,Pune,Male,67,1,Standard,Annual,UPI,Yes,3,689.0,1,1,15,18.0,2026-05-14,10335.0,,0
CUST-104438,2024-10-26,Paid Social,Pune,Female,34,0,Premium,Annual,UPI,No,3,1002.0,1,1,19,29.0,2026-05-23,19038.0,,0
CUST-104439,2025-03-29,Paid Social,Ahmedabad,Male,21,0,Premium,Annual,UPI,No,3,1015.0,0,0,14,22.0,2026-05-02,14210.0,,0
CUST-104440,2025-03-31,Organic Search,Hyderabad,Male,57,0,Basic,Monthly,Credit Card,Yes,3,400.0,0,0,14,17.0,2026-05-28,5600.0,,0
CUST-104441,2026-01-27,Paid Social,Mumbai,Male,30,0,Basic,Monthly,Wallet,Yes,1,250.0,1,1,4,13.0,2026-05-27,1000.0,2026-05-27,1
CUST-104442,2026-02-15,Affiliate,Bengaluru,Female,19,0,Basic,Monthly,UPI,No,2,316.0,1,1,3,26.0,2026-05-06,948.0,,0
CUST-104443,2025-06-04,Affiliate,Jaipur,Male,53,0,Standard,Monthly,Debit Card,Yes,1,565.0,1,1,11,23.0,2026-05-28,6215.0,,0
CUST-104444,2025-10-16,Organic Search,Kolkata,Female,35,0,Basic,Annual,UPI,Yes,2,320.0,0,0,7,22.0,2026-05-03,2240.0,,0
CUST-104445,2025-11-18,Paid Social,Mumbai,Female,25,0,Basic,Monthly,UPI,Yes,2,323.0,1,1,3,15.0,2026-02-16,969.0,2026-02-16,1
CUST-104446,2025-09-01,Paid Social,Hyderabad,Male,20,0,Basic,Monthly,Credit Card,Yes,0,219.0,1,1,8,21.0,2026-05-15,1752.0,,0
CUST-104447,2025-11-29,Paid Social,Ahmedabad,Female,27,0,Premium,Two-Year,UPI,No,2,922.0,0,0,6,21.0,2026-05-03,5532.0,,0
CUST-104448,2024-07-30,Paid Search,Ahmedabad,Male,25,0,Basic,Monthly,Debit Card,No,2,334.0,1,0,22,16.0,2026-05-28,7348.0,,0
CUST-104449,2025-05-04,Organic Search,Ahmedabad,Male,18,0,Standard,Annual,UPI,Yes,2,603.0,1,1,12,15.0,2026-05-31,7236.0,,0
CUST-104450,2025-09-30,Affiliate,Mumbai,Male,37,0,Basic,Monthly,Net Banking,Yes,0,208.0,1,1,8,11.0,2026-05-28,1664.0,2026-05-28,1
CUST-104451,2025-06-13,Email,Hyderabad,Female,60,1,Standard,Monthly,Credit Card,Yes,1,535.0,1,1,11,9.0,2026-05-09,5885.0,,0
CUST-104452,2025-12-05,Paid Search,Delhi,Female,38,0,Standard,Annual,Debit Card,No,0,517.0,1,0,5,10.0,2026-05-08,2585.0,,0
CUST-104453,2025-01-17,Paid Search,Ahmedabad,Male,19,0,Premium,Two-Year,UPI,No,0,798.0,1,1,16,36.0,2026-05-18,12768.0,,0
CUST-104454,2026-04-24,Paid Search,Surat,Female,63,1,Standard,Annual,UPI,Yes,2,600.0,0,0,1,7.0,2026-05-06,600.0,,0
CUST-104455,2024-08-30,Paid Social,Bengaluru,Female,50,0,Basic,Monthly,Debit Card,Yes,3,376.0,1,1,21,28.0,2026-05-06,7896.0,,0
CUST-104456,2026-01-03,Organic Search,Delhi,Female,68,1,Basic,Monthly,Credit Card,No,1,267.0,1,1,4,21.0,2026-05-13,1068.0,,0
CUST-104457,2025-11-12,Paid Search,Bengaluru,Female,48,0,Basic,Annual,Debit Card,Yes,1,242.0,1,1,6,8.0,2026-05-12,1452.0,,0
CUST-104458,2024-07-29,Organic Search,Bengaluru,Female,42,0,Basic,Annual,Credit Card,Yes,1,247.0,1,1,22,25.0,2026-05-29,5434.0,,0
CUST-104459,2024-11-27,Affiliate,Bengaluru,Female,44,0,Premium,Monthly,Debit Card,Yes,3,974.0,1,1,18,36.0,2026-05-20,17532.0,,0
CUST-104460,2026-04-19,Paid Social,Pune,Male,18,0,Standard,Monthly,Debit Card,Yes,3,693.0,1,1,1,21.0,2026-05-14,693.0,,0
CUST-104461,2025-10-11,Paid Social,Kolkata,Female,37,0,Premium,Monthly,UPI,No,3,950.0,1,0,7,25.0,2026-05-25,6650.0,,0
CUST-104462,2025-12-30,Paid Social,Delhi,Male,40,0,Basic,Monthly,Net Banking,No,0,207.0,1,1,2,12.0,2026-02-28,414.0,2026-02-28,1
CUST-104463,2026-02-06,Email,Bengaluru,Female,33,0,Premium,Two-Year,Debit Card,Yes,3,977.0,1,0,3,26.0,2026-05-16,2931.0,,0
CUST-104464,2024-06-03,Organic Search,Ahmedabad,Female,61,1,Premium,Monthly,UPI,No,0,816.0,1,0,23,0.0,2026-05-20,18768.0,,0
CUST-104465,2026-02-10,Organic Search,Kolkata,Male,67,1,Standard,Monthly,UPI,No,1,566.0,1,0,3,15.0,2026-05-03,1698.0,,0
CUST-104466,2025-11-02,Organic Search,Delhi,Male,42,0,Basic,Two-Year,Debit Card,Yes,1,281.0,1,0,6,19.0,2026-05-18,1686.0,,0
CUST-104467,2024-11-26,Paid Search,Mumbai,Female,58,0,Premium,Two-Year,Debit Card,No,2,927.0,0,0,18,18.0,2026-05-14,16686.0,,0
CUST-104468,2025-01-08,Email,Surat,Female,29,0,Premium,Two-Year,Wallet,Yes,1,842.0,1,0,16,28.0,2026-05-08,13472.0,,0
CUST-104469,2025-03-15,Organic Search,Pune,Female,65,1,Basic,Annual,Debit Card,Yes,2,327.0,1,1,14,21.0,2026-05-03,4578.0,,0
CUST-104470,2025-08-16,Affiliate,Ahmedabad,Female,54,0,Premium,Two-Year,UPI,No,3,988.0,1,1,9,22.0,2026-05-22,8892.0,,0
CUST-104471,2024-12-13,Paid Social,Mumbai,Male,56,0,Premium,Monthly,UPI,No,0,790.0,1,1,3,12.0,2025-03-13,2370.0,2025-03-13,1
CUST-104472,2024-12-24,Paid Search,Delhi,Male,48,0,Basic,Two-Year,Credit Card,Yes,3,372.0,1,1,17,21.0,2026-05-31,6324.0,,0
CUST-104473,2025-06-30,Organic Search,Surat,Female,61,1,Basic,Monthly,Credit Card,Yes,1,224.0,1,1,10,17.0,2026-04-26,2240.0,2026-04-26,1
CUST-104474,2025-11-15,Paid Search,Delhi,Male,45,0,Basic,Monthly,Wallet,No,2,331.0,1,1,6,17.0,2026-05-27,1986.0,,0
CUST-104475,2025-04-10,Paid Search,Mumbai,Female,68,1,Standard,Monthly,Debit Card,No,1,558.0,1,0,13,18.0,2026-05-11,7254.0,,0
CUST-104476,2024-10-15,Paid Search,Bengaluru,Male,52,0,Premium,Monthly,Wallet,Yes,0,792.0,1,1,19,20.0,2026-05-14,15048.0,,0
CUST-104477,2024-08-21,Organic Search,Delhi,Male,41,0,Premium,Annual,Debit Card,No,0,785.0,1,0,21,27.0,2026-05-08,16485.0,,0
CUST-104478,2026-01-30,Affiliate,Ahmedabad,Female,28,0,Basic,Two-Year,Debit Card,No,0,193.0,1,1,4,14.0,2026-05-20,772.0,,0
CUST-104479,2025-05-23,Email,Kolkata,Female,65,1,Standard,Monthly,Credit Card,No,1,567.0,1,1,12,10.0,2026-05-05,6804.0,,0
CUST-104480,2024-07-24,Paid Social,Ahmedabad,Female,20,0,Standard,Annual,Credit Card,Yes,0,503.0,1,1,7,18.0,2025-02-19,3521.0,2025-02-19,1
CUST-104481,2025-02-28,Paid Search,Kolkata,Male,20,0,Standard,Annual,Credit Card,No,1,555.0,1,1,15,21.0,2026-05-20,8325.0,,0
CUST-104482,2024-06-18,Referral,Chennai,Female,19,0,Standard,Monthly,Net Banking,Yes,1,542.0,1,1,23,25.0,2026-05-13,12466.0,,0
CUST-104483,2024-10-25,Organic Search,Ahmedabad,Male,23,0,Standard,Annual,UPI,No,3,675.0,1,0,19,13.0,2026-05-21,12825.0,,0
CUST-104484,2024-09-05,Affiliate,Hyderabad,Female,30,0,Basic,Monthly,Wallet,Yes,2,307.0,1,0,20,16.0,2026-05-18,6140.0,,0
CUST-104485,2026-04-08,Paid Social,Chennai,Female,43,0,Basic,Monthly,Credit Card,No,3,377.0,1,0,1,27.0,2026-05-16,377.0,,0
CUST-104486,2025-03-08,Referral,Pune,Male,32,0,Premium,Monthly,Credit Card,No,0,809.0,0,0,14,21.0,2026-05-16,11326.0,,0
CUST-104487,2024-10-05,Organic Search,Bengaluru,Female,41,0,Basic,Two-Year,UPI,No,2,312.0,1,1,19,30.0,2026-05-18,5928.0,,0
CUST-104488,2025-09-22,Paid Social,Ahmedabad,Female,41,0,Basic,Monthly,UPI,Yes,1,285.0,1,1,3,14.0,2025-12-21,855.0,2025-12-21,1
CUST-104489,2026-05-27,Paid Search,Ahmedabad,Male,40,0,Premium,Monthly,Credit Card,No,3,971.0,1,1,0,6.0,2026-05-27,971.0,2026-05-27,1
CUST-104490,2025-05-17,Paid Search,Hyderabad,Female,21,0,Premium,Annual,UPI,Yes,3,954.0,1,1,12,25.0,2026-05-07,11448.0,,0
CUST-104491,2024-10-12,Affiliate,Ahmedabad,Male,45,0,Standard,Annual,UPI,Yes,0,496.0,1,1,19,21.0,2026-05-04,9424.0,,0
CUST-104492,2025-05-13,Email,Mumbai,Female,33,0,Basic,Two-Year,UPI,No,2,311.0,1,1,12,17.0,2026-05-25,3732.0,,0
CUST-104493,2025-08-29,Organic Search,Bengaluru,Male,45,0,Standard,Monthly,UPI,No,2,671.0,1,1,9,21.0,2026-05-26,6039.0,2026-05-26,1
CUST-104494,2026-02-22,Paid Social,Mumbai,Male,21,0,Standard,Annual,Wallet,No,1,553.0,1,0,3,17.0,2026-05-23,1659.0,,0
CUST-104495,2024-09-11,Paid Social,Chennai,Female,63,1,Basic,Annual,Credit Card,Yes,1,237.0,0,0,20,8.0,2026-05-23,4740.0,,0
CUST-104496,2025-07-13,Paid Social,Chennai,Male,55,0,Basic,Monthly,Credit Card,Yes,0,200.0,0,0,10,21.0,2026-05-22,2000.0,,0
CUST-104497,2024-07-01,Paid Search,Chennai,Female,35,0,Basic,Annual,Wallet,Yes,1,257.0,1,0,22,8.0,2026-05-10,5654.0,,0
CUST-104498,2025-06-06,Affiliate,Ahmedabad,Male,36,0,Standard,Monthly,UPI,Yes,2,602.0,1,1,6,25.0,2025-12-03,3612.0,2025-12-03,1
CUST-104499,2024-06-11,Referral,Delhi,Male,34,0,Premium,Annual,Wallet,No,2,924.0,1,1,23,15.0,2026-05-22,21252.0,,0
CUST-104500,2025-04-02,Organic Search,Chennai,Male,69,1,Standard,Monthly,Wallet,Yes,3,687.0,1,1,13,22.0,2026-04-27,8931.0,2026-04-27,1
CUST-104501,2025-05-27,Paid Social,Delhi,Male,54,0,Basic,Monthly,Debit Card,Yes,3,380.0,0,0,12,21.0,2026-05-08,4560.0,,0
CUST-104502,2026-05-15,Paid Search,Hyderabad,Male,41,0,Basic,Two-Year,Credit Card,Yes,2,315.0,1,1,0,22.0,2026-05-04,315.0,,0
CUST-104503,2024-10-19,Paid Social,Pune,Male,51,0,Standard,Two-Year,Net Banking,Yes,1,553.0,0,0,19,27.0,2026-05-28,10507.0,,0
CUST-104504,2024-11-25,Organic Search,Delhi,Male,21,0,Standard,Monthly,UPI,Yes,1,550.0,1,1,18,24.0,2026-05-31,9900.0,,0
CUST-104505,2025-07-28,Paid Social,Mumbai,Male,61,1,Basic,Annual,UPI,No,2,300.0,0,0,10,13.0,2026-05-18,3000.0,,0
CUST-104506,2024-09-22,Paid Social,Pune,Male,48,0,Premium,Two-Year,UPI,Yes,1,881.0,1,1,20,20.0,2026-05-30,17620.0,,0
CUST-104507,2024-07-13,Organic Search,Mumbai,Male,34,0,Premium,Monthly,UPI,Yes,0,836.0,1,1,22,21.0,2026-05-04,18392.0,,0
CUST-104508,2025-05-25,Referral,Kolkata,Male,54,0,Premium,Annual,UPI,Yes,1,844.0,1,1,12,23.0,2026-05-05,10128.0,,0
CUST-104509,2024-11-22,Paid Social,Bengaluru,Male,18,0,Basic,Monthly,Net Banking,No,2,310.0,1,0,18,21.0,2026-05-12,5580.0,,0
CUST-104510,2025-10-08,Paid Search,Ahmedabad,Male,43,0,Premium,Annual,UPI,Yes,0,783.0,1,1,7,18.0,2026-05-25,5481.0,,0
CUST-104511,2024-08-07,Paid Search,Hyderabad,Male,67,1,Standard,Monthly,Credit Card,Yes,0,512.0,1,1,21,22.0,2026-05-20,10752.0,,0
CUST-104512,2024-06-16,Affiliate,Delhi,Male,57,0,Standard,Annual,UPI,No,1,544.0,1,1,23,24.0,2026-05-13,12512.0,,0
CUST-104513,2024-11-09,Organic Search,Mumbai,Male,20,0,Basic,Monthly,UPI,Yes,1,269.0,1,0,18,19.0,2026-05-09,4842.0,,0
CUST-104514,2026-02-15,Organic Search,Surat,Female,48,0,Basic,Monthly,Net Banking,Yes,3,385.0,1,1,3,22.0,2026-05-16,1155.0,2026-05-16,1
CUST-104515,2025-07-08,Paid Social,Hyderabad,Male,53,0,Basic,Annual,Net Banking,No,1,257.0,1,0,10,29.0,2026-05-19,2570.0,,0
CUST-104516,2024-12-24,Paid Social,Pune,Male,45,0,Premium,Monthly,Debit Card,Yes,0,819.0,1,1,17,14.0,2026-05-21,13923.0,,0
CUST-104517,2025-08-09,Paid Social,Chennai,Female,34,0,Standard,Two-Year,Debit Card,No,0,494.0,1,0,9,10.0,2026-05-26,4446.0,,0
CUST-104518,2025-09-14,Referral,Bengaluru,Male,53,0,Premium,Monthly,Net Banking,Yes,2,919.0,1,0,8,17.0,2026-05-22,7352.0,,0
CUST-104519,2025-04-19,Organic Search,Bengaluru,Male,40,0,Standard,Monthly,UPI,Yes,2,601.0,1,0,13,20.0,2026-05-06,7813.0,,0
CUST-104520,2024-10-05,Organic Search,Mumbai,Female,67,1,Basic,Annual,Credit Card,Yes,0,162.0,1,1,19,15.0,2026-05-15,3078.0,,0
CUST-104521,2025-02-25,Paid Social,Mumbai,Female,61,1,Standard,Monthly,UPI,Yes,2,635.0,1,0,15,12.0,2026-05-16,9525.0,,0
CUST-104522,2026-02-26,Referral,Delhi,Female,65,1,Basic,Annual,UPI,Yes,3,370.0,1,1,3,23.0,2026-05-17,1110.0,,0
CUST-104523,2025-10-25,Affiliate,Bengaluru,Female,39,0,Premium,Monthly,Wallet,Yes,3,996.0,0,0,7,27.0,2026-05-15,6972.0,,0
CUST-104524,2025-02-17,Referral,Hyderabad,Female,53,0,Basic,Annual,Debit Card,Yes,3,374.0,1,1,15,14.0,2026-05-03,5610.0,,0
CUST-104525,2026-03-17,Paid Search,Bengaluru,Female,25,0,Basic,Annual,Credit Card,Yes,3,377.0,1,1,2,24.0,2026-05-31,754.0,,0
CUST-104526,2024-10-15,Referral,Pune,Male,57,0,Standard,Monthly,UPI,Yes,3,682.0,1,1,19,15.0,2026-05-08,12958.0,,0
CUST-104527,2024-09-30,Referral,Chennai,Female,57,0,Premium,Monthly,Debit Card,Yes,1,851.0,1,1,0,11.0,2024-09-30,851.0,2024-09-30,1
CUST-104528,2024-06-15,Organic Search,Surat,Female,58,0,Standard,Monthly,Wallet,Yes,2,595.0,1,1,23,8.0,2026-05-14,13685.0,,0
CUST-104529,2024-08-06,Paid Search,Delhi,Male,19,0,Basic,Two-Year,Wallet,No,3,366.0,1,1,21,24.0,2026-05-12,7686.0,,0
CUST-104530,2025-01-12,Referral,Kolkata,Male,41,0,Standard,Monthly,Debit Card,No,3,665.0,1,1,16,11.0,2026-05-28,10640.0,,0
CUST-104531,2024-07-10,Paid Social,Chennai,Female,32,0,Basic,Monthly,Debit Card,Yes,1,258.0,1,1,22,20.0,2026-05-07,5676.0,,0
CUST-104532,2025-03-04,Paid Search,Ahmedabad,Male,65,1,Standard,Monthly,UPI,Yes,1,576.0,1,1,14,17.0,2026-05-04,8064.0,,0
CUST-104533,2024-07-21,Paid Social,Delhi,Female,45,0,Standard,Annual,UPI,Yes,1,548.0,1,1,22,22.0,2026-05-08,12056.0,,0
CUST-104534,2024-06-26,Paid Search,Mumbai,Male,49,0,Basic,Monthly,UPI,Yes,3,378.0,1,1,23,8.0,2026-05-18,8694.0,,0
CUST-104535,2025-07-30,Organic Search,Pune,Female,40,0,Basic,Monthly,Credit Card,Yes,3,383.0,1,1,9,11.0,2026-04-26,3447.0,2026-04-26,1
CUST-104536,2025-07-10,Paid Search,Bengaluru,Male,23,0,Basic,Two-Year,Wallet,No,3,367.0,1,1,10,21.0,2026-05-20,3670.0,,0
CUST-104537,2026-01-01,Affiliate,Bengaluru,Female,50,0,Basic,Two-Year,Net Banking,No,3,385.0,1,1,4,23.0,2026-05-03,1540.0,,0
CUST-104538,2025-04-28,Organic Search,Hyderabad,Male,49,0,Standard,Two-Year,UPI,Yes,0,516.0,1,1,13,24.0,2026-05-12,6708.0,,0
CUST-104539,2026-02-20,Paid Social,Delhi,Male,37,0,Basic,Annual,UPI,Yes,1,265.0,1,1,3,18.0,2026-05-21,795.0,,0
CUST-104540,2025-05-26,Organic Search,Delhi,Male,50,0,Basic,Monthly,UPI,Yes,1,258.0,1,1,3,13.0,2025-08-24,774.0,2025-08-24,1
CUST-104541,2024-12-16,Organic Search,Kolkata,Male,38,0,Standard,Monthly,Credit Card,No,3,666.0,0,0,17,28.0,2026-05-06,11322.0,,0
CUST-104542,2024-09-06,Email,Surat,Male,52,0,Standard,Monthly,Net Banking,No,0,497.0,1,1,7,11.0,2025-04-04,3479.0,2025-04-04,1
CUST-104543,2025-05-24,Paid Search,Chennai,Female,36,0,Premium,Annual,Net Banking,Yes,3,968.0,1,0,12,12.0,2026-05-18,11616.0,,0
CUST-104544,2025-03-07,Paid Social,Mumbai,Male,58,0,Premium,Monthly,Net Banking,Yes,3,970.0,1,1,14,23.0,2026-05-03,13580.0,,0
CUST-104545,2025-06-10,Paid Social,Ahmedabad,Female,64,1,Standard,Monthly,Credit Card,No,0,497.0,1,1,11,14.0,2026-05-31,5467.0,,0
CUST-104546,2026-05-07,Email,Mumbai,Female,43,0,Basic,Annual,Debit Card,Yes,1,256.0,0,0,0,23.0,2026-05-16,256.0,,0
CUST-104547,2024-07-09,Organic Search,Delhi,Male,18,0,Standard,Annual,Wallet,No,2,634.0,1,1,22,13.0,2026-05-31,13948.0,,0
CUST-104548,2025-02-16,Referral,Mumbai,Female,53,0,Standard,Monthly,Debit Card,Yes,2,610.0,1,1,15,20.0,2026-05-10,9150.0,,0
CUST-104549,2024-09-08,Paid Social,Kolkata,Female,66,1,Standard,Two-Year,UPI,Yes,1,565.0,0,0,20,12.0,2026-05-11,11300.0,,0
CUST-104550,2025-12-31,Organic Search,Pune,Female,54,0,Premium,Monthly,UPI,Yes,1,852.0,1,1,5,20.0,2026-05-18,4260.0,,0
CUST-104551,2025-06-27,Referral,Delhi,Female,36,0,Standard,Annual,UPI,No,0,485.0,1,1,11,12.0,2026-05-31,5335.0,,0
CUST-104552,2024-08-30,Organic Search,Mumbai,Female,47,0,Basic,Two-Year,UPI,Yes,0,208.0,1,1,21,18.0,2026-05-09,4368.0,,0
CUST-104553,2026-01-02,Referral,Delhi,Female,36,0,Standard,Monthly,Credit Card,Yes,2,625.0,1,0,4,29.0,2026-05-03,2500.0,,0
CUST-104554,2024-08-29,Organic Search,Bengaluru,Male,58,0,Basic,Two-Year,Debit Card,Yes,0,190.0,1,0,21,18.0,2026-05-08,3990.0,,0
CUST-104555,2025-12-15,Referral,Hyderabad,Male,55,0,Premium,Annual,UPI,No,3,932.0,1,1,5,21.0,2026-05-02,4660.0,,0
CUST-104556,2026-05-30,Referral,Ahmedabad,Female,50,0,Basic,Two-Year,UPI,Yes,0,216.0,1,1,0,28.0,2026-05-19,216.0,,0
CUST-104557,2025-06-09,Referral,Chennai,Male,38,0,Standard,Monthly,UPI,No,3,691.0,1,1,11,22.0,2026-05-24,7601.0,,0
CUST-104558,2025-09-16,Organic Search,Ahmedabad,Female,26,0,Standard,Monthly,Net Banking,No,1,576.0,1,1,8,18.0,2026-05-31,4608.0,,0
CUST-104559,2024-06-18,Referral,Mumbai,Male,50,0,Basic,Monthly,UPI,Yes,0,217.0,1,1,23,23.0,2026-05-07,4991.0,,0
CUST-104560,2025-09-28,Email,Surat,Male,35,0,Standard,Annual,UPI,No,0,499.0,1,1,8,16.0,2026-05-02,3992.0,,0
CUST-104561,2024-09-19,Organic Search,Mumbai,Female,64,1,Basic,Monthly,Debit Card,Yes,0,193.0,1,1,20,15.0,2026-05-06,3860.0,,0
CUST-104562,2025-04-07,Paid Social,Ahmedabad,Male,21,0,Basic,Monthly,Credit Card,No,3,352.0,1,1,13,20.0,2026-05-29,4576.0,,0
CUST-104563,2025-06-10,Affiliate,Pune,Male,62,1,Basic,Two-Year,UPI,Yes,1,261.0,0,0,11,20.0,2026-05-28,2871.0,,0
CUST-104564,2025-12-07,Organic Search,Delhi,Female,58,0,Premium,Monthly,Debit Card,No,1,852.0,1,1,5,33.0,2026-05-29,4260.0,,0
CUST-104565,2025-12-24,Paid Search,Ahmedabad,Female,44,0,Premium,Monthly,Credit Card,No,0,787.0,1,0,5,20.0,2026-05-07,3935.0,,0
CUST-104566,2026-04-08,Referral,Ahmedabad,Female,69,1,Basic,Annual,Credit Card,Yes,1,239.0,1,0,1,26.0,2026-05-13,239.0,,0
CUST-104567,2025-12-01,Organic Search,Ahmedabad,Male,55,0,Premium,Monthly,Debit Card,Yes,0,784.0,0,0,5,7.0,2026-05-06,3920.0,,0
CUST-104568,2024-07-30,Paid Search,Bengaluru,Female,20,0,Premium,Monthly,UPI,Yes,0,779.0,1,1,22,12.0,2026-05-05,17138.0,,0
CUST-104569,2025-10-12,Paid Search,Mumbai,Female,38,0,Basic,Monthly,UPI,Yes,2,334.0,1,1,7,25.0,2026-05-20,2338.0,,0
CUST-104570,2024-10-04,Paid Social,Chennai,Female,61,1,Premium,Monthly,Credit Card,Yes,2,936.0,0,0,19,4.0,2026-05-03,17784.0,,0
CUST-104571,2026-04-22,Affiliate,Kolkata,Male,58,0,Basic,Monthly,UPI,No,2,308.0,1,0,1,12.0,2026-05-11,308.0,,0
CUST-104572,2026-02-22,Organic Search,Mumbai,Male,26,0,Premium,Annual,UPI,Yes,0,817.0,1,0,3,24.0,2026-05-03,2451.0,,0
CUST-104573,2025-01-12,Paid Social,Delhi,Male,26,0,Standard,Monthly,UPI,Yes,2,621.0,1,0,16,25.0,2026-05-24,9936.0,,0
CUST-104574,2024-07-28,Affiliate,Mumbai,Female,66,1,Premium,Monthly,Credit Card,No,0,821.0,1,1,22,17.0,2026-05-15,18062.0,,0
CUST-104575,2026-03-22,Organic Search,Mumbai,Male,20,0,Basic,Two-Year,Net Banking,Yes,2,328.0,1,1,2,26.0,2026-05-14,656.0,,0
CUST-104576,2025-02-17,Affiliate,Mumbai,Male,67,1,Basic,Annual,Credit Card,No,2,328.0,1,1,15,37.0,2026-05-06,4920.0,,0
CUST-104577,2026-02-11,Organic Search,Chennai,Female,46,0,Premium,Annual,Wallet,Yes,0,803.0,1,1,3,16.0,2026-05-15,2409.0,,0
CUST-104578,2024-07-31,Paid Social,Delhi,Male,59,0,Standard,Two-Year,Credit Card,No,2,608.0,1,1,22,37.0,2026-05-21,13376.0,,0
CUST-104579,2024-12-02,Organic Search,Bengaluru,Male,29,0,Standard,Monthly,Credit Card,No,3,659.0,1,1,12,25.0,2025-11-27,7908.0,2025-11-27,1
CUST-104580,2025-03-25,Referral,Pune,Male,35,0,Standard,Annual,UPI,Yes,2,622.0,1,1,14,20.0,2026-05-28,8708.0,,0
CUST-104581,2024-09-02,Referral,Chennai,Female,55,0,Standard,Two-Year,UPI,Yes,3,678.0,1,1,20,34.0,2026-05-04,13560.0,,0
CUST-104582,2025-04-22,Affiliate,Delhi,Female,26,0,Basic,Annual,UPI,Yes,3,418.0,0,0,13,18.0,2026-05-04,5434.0,,0
CUST-104583,2026-04-05,Email,Mumbai,Female,23,0,Basic,Monthly,UPI,Yes,0,210.0,1,0,1,15.0,2026-05-02,210.0,,0
CUST-104584,2024-10-10,Referral,Surat,Female,49,0,Basic,Annual,Debit Card,No,3,366.0,1,1,19,22.0,2026-05-03,6954.0,,0
CUST-104585,2025-04-03,Referral,Delhi,Female,18,0,Basic,Monthly,UPI,No,0,198.0,1,1,13,28.0,2026-05-03,2574.0,,0
CUST-104586,2024-07-30,Paid Search,Pune,Male,66,1,Premium,Monthly,UPI,Yes,0,793.0,1,0,22,12.0,2026-05-03,17446.0,,0
CUST-104587,2025-09-23,Affiliate,Pune,Female,53,0,Basic,Annual,Debit Card,Yes,3,378.0,1,1,8,21.0,2026-05-05,3024.0,,0
CUST-104588,2025-04-01,Paid Search,Bengaluru,Female,55,0,Standard,Monthly,UPI,Yes,1,539.0,1,1,11,18.0,2026-02-25,5929.0,2026-02-25,1
CUST-104589,2025-06-07,Affiliate,Mumbai,Male,44,0,Basic,Monthly,Net Banking,Yes,2,333.0,1,1,11,7.0,2026-05-15,3663.0,,0
CUST-104590,2025-06-11,Organic Search,Mumbai,Female,50,0,Premium,Monthly,Net Banking,Yes,1,853.0,1,0,11,25.0,2026-05-10,9383.0,,0
CUST-104591,2025-09-23,Paid Search,Bengaluru,Male,67,1,Basic,Monthly,UPI,Yes,3,389.0,1,1,8,22.0,2026-05-24,3112.0,,0
CUST-104592,2025-11-20,Referral,Bengaluru,Female,18,0,Basic,Monthly,UPI,Yes,0,190.0,1,1,6,14.0,2026-05-11,1140.0,,0
CUST-104593,2026-05-08,Organic Search,Chennai,Female,30,0,Premium,Annual,Wallet,No,0,793.0,0,0,0,20.0,2026-05-09,793.0,,0
CUST-104594,2025-11-12,Organic Search,Hyderabad,Female,54,0,Basic,Annual,Net Banking,Yes,3,388.0,1,1,6,22.0,2026-05-19,2328.0,,0
CUST-104595,2026-02-07,Email,Jaipur,Female,24,0,Standard,Annual,Wallet,Yes,3,648.0,1,0,3,24.0,2026-05-12,1944.0,,0
CUST-104596,2024-07-21,Paid Social,Surat,Male,30,0,Basic,Monthly,UPI,Yes,1,274.0,1,0,22,10.0,2026-05-19,6028.0,,0
CUST-104597,2024-08-29,Organic Search,Hyderabad,Male,19,0,Standard,Monthly,Credit Card,No,2,641.0,1,1,14,16.0,2025-10-23,8974.0,2025-10-23,1
CUST-104598,2025-04-16,Paid Social,Ahmedabad,Female,20,0,Basic,Two-Year,UPI,No,0,221.0,1,0,13,16.0,2026-05-05,2873.0,,0
CUST-104599,2024-09-10,Paid Social,Delhi,Male,41,0,Basic,Monthly,UPI,No,2,308.0,0,0,20,13.0,2026-05-26,6160.0,,0
CUST-104600,2026-02-06,Paid Search,Pune,Male,52,0,Standard,Monthly,UPI,Yes,3,684.0,1,1,3,10.0,2026-05-06,2052.0,,0
CUST-104601,2026-02-16,Email,Pune,Female,23,0,Standard,Two-Year,Debit Card,Yes,0,492.0,1,1,3,28.0,2026-05-08,1476.0,,0
CUST-104602,2025-08-10,Email,Mumbai,Male,69,1,Premium,Monthly,Credit Card,No,3,957.0,1,1,9,10.0,2026-05-23,8613.0,,0
CUST-104603,2025-05-22,Paid Search,Pune,Male,58,0,Basic,Monthly,Net Banking,No,2,320.0,1,1,12,26.0,2026-05-27,3840.0,,0
CUST-104604,2026-02-14,Referral,Delhi,Male,52,0,Standard,Monthly,UPI,No,0,477.0,0,0,3,13.0,2026-05-14,1431.0,,0
CUST-104605,2025-07-20,Paid Social,Delhi,Male,21,0,Basic,Annual,Wallet,No,1,268.0,1,1,10,25.0,2026-05-03,2680.0,,0
CUST-104606,2026-04-25,Affiliate,Chennai,Female,44,0,Standard,Monthly,UPI,Yes,0,511.0,0,0,1,13.0,2026-05-18,511.0,,0
CUST-104607,2026-01-09,Organic Search,Delhi,Male,65,1,Premium,Annual,Wallet,Yes,0,818.0,1,1,1,16.0,2026-02-08,818.0,2026-02-08,1
CUST-104608,2025-01-30,Organic Search,Bengaluru,Male,30,0,Basic,Annual,Debit Card,No,0,207.0,1,1,16,21.0,2026-05-24,3312.0,,0
CUST-104609,2025-09-15,Email,Bengaluru,Female,46,0,Basic,Annual,UPI,No,3,373.0,1,1,8,23.0,2026-05-04,2984.0,,0
CUST-104610,2024-09-05,Affiliate,Bengaluru,Male,47,0,Standard,Monthly,Net Banking,Yes,2,616.0,1,1,20,22.0,2026-05-13,12320.0,,0
CUST-104611,2024-07-05,Paid Social,Mumbai,Female,54,0,Premium,Monthly,Credit Card,No,0,801.0,1,0,22,11.0,2026-05-19,17622.0,,0
CUST-104612,2024-08-01,Referral,Pune,Male,65,1,Standard,Annual,UPI,No,0,521.0,1,1,21,23.0,2026-05-19,10941.0,,0
CUST-104613,2026-05-21,Paid Social,Delhi,Male,24,0,Standard,Two-Year,UPI,Yes,1,581.0,1,1,0,14.0,2026-05-30,581.0,,0
CUST-104614,2024-09-01,Paid Social,Pune,Female,21,0,Standard,Monthly,Wallet,Yes,1,558.0,1,0,20,24.0,2026-05-06,11160.0,,0
CUST-104615,2024-10-29,Paid Social,Mumbai,Female,22,0,Basic,Monthly,Wallet,Yes,0,214.0,1,1,19,19.0,2026-05-17,4066.0,,0
CUST-104616,2025-10-11,Organic Search,Surat,Female,31,0,Premium,Annual,Credit Card,Yes,0,791.0,1,1,7,25.0,2026-05-07,5537.0,,0
CUST-104617,2024-10-05,Paid Search,Chennai,Male,36,0,Premium,Annual,UPI,No,2,926.0,1,1,19,17.0,2026-05-25,17594.0,,0
CUST-104618,2024-08-27,Paid Social,Delhi,Male,63,1,Premium,Two-Year,UPI,No,3,974.0,0,0,21,36.0,2026-05-29,20454.0,,0
CUST-104619,2025-10-21,Paid Search,Delhi,Male,45,0,Premium,Annual,UPI,Yes,1,863.0,1,1,7,24.0,2026-05-31,6041.0,,0
CUST-104620,2026-04-26,Organic Search,Delhi,Female,56,0,Premium,Monthly,Debit Card,No,1,847.0,1,1,0,31.0,2026-04-26,847.0,2026-04-26,1
CUST-104621,2024-09-02,Email,Hyderabad,Male,47,0,Basic,Annual,Credit Card,Yes,3,358.0,1,1,20,21.0,2026-05-13,7160.0,,0
CUST-104622,2025-09-24,Paid Search,Pune,Female,67,1,Premium,Two-Year,UPI,Yes,1,840.0,0,0,8,12.0,2026-05-04,6720.0,,0
CUST-104623,2025-06-25,Affiliate,Hyderabad,Female,35,0,Basic,Monthly,Net Banking,No,2,328.0,1,1,10,16.0,2026-04-21,3280.0,2026-04-21,1
CUST-104624,2026-04-28,Organic Search,Kolkata,Male,52,0,Basic,Monthly,Wallet,No,3,362.0,1,1,1,27.0,2026-05-10,362.0,,0
CUST-104625,2026-04-27,Paid Search,Bengaluru,Male,32,0,Basic,Monthly,UPI,Yes,3,374.0,1,0,1,28.0,2026-05-11,374.0,,0
CUST-104626,2025-07-16,Affiliate,Pune,Male,30,0,Basic,Monthly,Credit Card,Yes,3,392.0,1,1,10,18.0,2026-05-16,3920.0,,0
CUST-104627,2026-03-08,Paid Social,Bengaluru,Male,69,1,Basic,Two-Year,Credit Card,No,0,216.0,1,0,2,23.0,2026-05-28,432.0,,0
CUST-104628,2024-10-26,Organic Search,Pune,Female,19,0,Standard,Monthly,UPI,No,3,664.0,1,1,5,24.0,2025-03-25,3320.0,2025-03-25,1
CUST-104629,2025-08-05,Organic Search,Bengaluru,Female,32,0,Basic,Annual,Credit Card,No,2,283.0,1,1,9,28.0,2026-05-15,2547.0,,0
CUST-104630,2024-10-01,Paid Social,Chennai,Male,38,0,Basic,Monthly,UPI,No,0,187.0,0,0,19,6.0,2026-05-20,3553.0,,0
CUST-104631,2024-06-19,Paid Social,Ahmedabad,Male,25,0,Basic,Monthly,UPI,Yes,3,382.0,1,1,17,16.0,2025-11-11,6494.0,2025-11-11,1
CUST-104632,2025-12-12,Paid Social,Mumbai,Male,58,0,Standard,Annual,Net Banking,Yes,1,569.0,1,1,5,10.0,2026-05-28,2845.0,,0
CUST-104633,2025-07-18,Paid Social,Delhi,Male,36,0,Standard,Monthly,UPI,Yes,3,661.0,1,1,10,21.0,2026-05-23,6610.0,,0
CUST-104634,2024-06-01,Paid Search,Jaipur,Female,41,0,Standard,Annual,Debit Card,Yes,1,532.0,1,1,23,27.0,2026-05-11,12236.0,,0
CUST-104635,2026-01-10,Organic Search,Bengaluru,Female,33,0,Standard,Monthly,UPI,No,2,605.0,1,1,2,28.0,2026-03-11,1210.0,2026-03-11,1
CUST-104636,2026-03-01,Paid Social,Delhi,Female,64,1,Standard,Annual,Debit Card,Yes,1,551.0,0,0,2,11.0,2026-05-07,1102.0,,0
CUST-104637,2025-03-18,Referral,Delhi,Female,39,0,Basic,Two-Year,Debit Card,Yes,3,410.0,0,0,14,27.0,2026-05-22,5740.0,,0
CUST-104638,2024-06-22,Organic Search,Bengaluru,Male,58,0,Standard,Monthly,Net Banking,No,1,561.0,1,1,23,21.0,2026-05-11,12903.0,,0
CUST-104639,2025-01-02,Organic Search,Kolkata,Female,50,0,Standard,Monthly,UPI,Yes,0,509.0,1,0,16,3.0,2026-05-02,8144.0,,0
CUST-104640,2025-08-15,Organic Search,Surat,Female,67,1,Basic,Annual,Credit Card,Yes,3,396.0,1,1,9,25.0,2026-05-28,3564.0,,0
CUST-104641,2024-07-10,Organic Search,Chennai,Male,49,0,Premium,Monthly,Wallet,No,0,792.0,1,1,22,1.0,2026-05-20,17424.0,,0
CUST-104642,2025-03-11,Paid Social,Chennai,Male,69,1,Basic,Monthly,UPI,No,3,381.0,1,1,14,20.0,2026-05-31,5334.0,,0
CUST-104643,2024-11-08,Organic Search,Mumbai,Female,54,0,Premium,Two-Year,UPI,Yes,1,863.0,1,1,18,15.0,2026-05-27,15534.0,,0
CUST-104644,2025-08-20,Paid Social,Mumbai,Female,21,0,Basic,Monthly,UPI,Yes,2,328.0,1,1,9,24.0,2026-05-07,2952.0,,0
CUST-104645,2024-10-29,Email,Pune,Male,26,0,Standard,Annual,Wallet,Yes,1,557.0,1,0,19,25.0,2026-05-07,10583.0,,0
CUST-104646,2025-12-23,Affiliate,Pune,Female,59,0,Basic,Monthly,UPI,Yes,0,215.0,1,0,5,25.0,2026-05-04,1075.0,,0
CUST-104647,2025-01-08,Organic Search,Mumbai,Female,20,0,Premium,Annual,UPI,Yes,3,996.0,1,0,16,23.0,2026-05-13,15936.0,,0
CUST-104648,2024-08-21,Paid Social,Hyderabad,Female,27,0,Premium,Annual,Wallet,Yes,0,795.0,1,0,21,19.0,2026-05-03,16695.0,,0
CUST-104649,2024-12-15,Paid Social,Mumbai,Male,59,0,Basic,Monthly,UPI,No,0,210.0,1,0,17,8.0,2026-05-10,3570.0,,0
CUST-104650,2026-04-21,Affiliate,Mumbai,Male,36,0,Basic,Annual,UPI,No,1,265.0,1,0,1,12.0,2026-05-28,265.0,,0
CUST-104651,2026-01-03,Affiliate,Delhi,Female,29,0,Standard,Monthly,Credit Card,Yes,1,599.0,1,1,2,15.0,2026-03-04,1198.0,2026-03-04,1
CUST-104652,2025-08-09,Organic Search,Chennai,Male,28,0,Basic,Monthly,UPI,Yes,2,332.0,1,1,9,20.0,2026-05-18,2988.0,,0
CUST-104653,2024-10-30,Organic Search,Hyderabad,Male,34,0,Basic,Annual,Credit Card,Yes,1,265.0,1,1,19,34.0,2026-05-20,5035.0,,0
CUST-104654,2025-03-06,Paid Social,Bengaluru,Female,61,1,Premium,Two-Year,UPI,No,1,850.0,1,1,14,20.0,2026-05-29,11900.0,,0
CUST-104655,2025-05-06,Affiliate,Chennai,Male,41,0,Standard,Annual,Credit Card,No,2,603.0,1,1,12,31.0,2026-05-28,7236.0,,0
CUST-104656,2026-05-15,Affiliate,Chennai,Male,67,1,Basic,Annual,Debit Card,No,3,387.0,1,1,0,27.0,2026-05-03,387.0,,0
CUST-104657,2025-01-23,Organic Search,Delhi,Female,55,0,Standard,Monthly,UPI,Yes,0,473.0,1,1,16,22.0,2026-05-03,7568.0,,0
CUST-104658,2026-01-13,Paid Search,Chennai,Male,31,0,Basic,Annual,Credit Card,No,0,223.0,1,1,4,18.0,2026-05-02,892.0,,0
CUST-104659,2024-12-26,Organic Search,Mumbai,Female,26,0,Premium,Annual,Wallet,Yes,3,948.0,1,1,14,23.0,2026-02-19,13272.0,2026-02-19,1
CUST-104660,2024-09-27,Referral,Bengaluru,Male,67,1,Basic,Monthly,UPI,Yes,3,364.0,1,1,20,24.0,2026-05-18,7280.0,,0
CUST-104661,2025-12-15,Affiliate,Ahmedabad,Male,64,1,Basic,Monthly,Wallet,Yes,3,394.0,1,0,5,12.0,2026-05-20,1970.0,,0
CUST-104662,2024-08-04,Paid Social,Delhi,Male,24,0,Basic,Monthly,Wallet,Yes,1,258.0,1,0,21,10.0,2026-05-04,5418.0,,0
CUST-104663,2025-12-12,Organic Search,Bengaluru,Male,34,0,Premium,Monthly,UPI,Yes,1,862.0,1,0,5,15.0,2026-05-26,4310.0,,0
CUST-104664,2026-04-04,Paid Search,Ahmedabad,Male,56,0,Basic,Annual,Credit Card,Yes,0,189.0,1,1,1,18.0,2026-05-18,189.0,,0
CUST-104665,2024-09-16,Paid Social,Bengaluru,Female,69,1,Standard,Monthly,Net Banking,Yes,0,497.0,1,1,8,1.0,2025-05-14,3976.0,2025-05-14,1
CUST-104666,2025-08-01,Affiliate,Pune,Female,64,1,Standard,Annual,Debit Card,Yes,2,629.0,1,1,9,14.0,2026-05-09,5661.0,,0
CUST-104667,2024-09-29,Paid Social,Pune,Male,32,0,Premium,Two-Year,Debit Card,Yes,0,787.0,0,0,20,21.0,2026-05-29,15740.0,,0
CUST-104668,2025-05-04,Affiliate,Ahmedabad,Male,64,1,Basic,Two-Year,UPI,Yes,0,195.0,1,1,12,23.0,2026-05-24,2340.0,,0
CUST-104669,2025-05-03,Paid Social,Ahmedabad,Female,55,0,Premium,Annual,Wallet,No,1,859.0,1,0,12,4.0,2026-05-21,10308.0,,0
CUST-104670,2024-07-27,Organic Search,Delhi,Male,42,0,Premium,Two-Year,UPI,Yes,0,795.0,1,0,22,18.0,2026-05-02,17490.0,,0
CUST-104671,2024-10-14,Paid Social,Chennai,Male,37,0,Basic,Monthly,Debit Card,Yes,0,210.0,1,0,19,38.0,2026-05-02,3990.0,,0
CUST-104672,2025-06-30,Organic Search,Kolkata,Male,60,1,Basic,Annual,Net Banking,No,0,206.0,1,1,11,25.0,2026-05-25,2266.0,,0
CUST-104673,2026-02-03,Paid Social,Delhi,Male,61,1,Premium,Annual,UPI,Yes,2,917.0,1,1,1,13.0,2026-03-05,917.0,2026-03-05,1
CUST-104674,2024-12-15,Paid Search,Hyderabad,Male,65,1,Basic,Two-Year,Credit Card,Yes,2,293.0,1,1,17,23.0,2026-05-05,4981.0,,0
CUST-104675,2026-02-02,Organic Search,Bengaluru,Male,42,0,Premium,Annual,Debit Card,Yes,1,877.0,1,1,3,21.0,2026-05-13,2631.0,,0
CUST-104676,2024-10-19,Organic Search,Surat,Female,31,0,Premium,Monthly,Wallet,Yes,1,845.0,1,1,19,17.0,2026-05-16,16055.0,,0
CUST-104677,2024-06-18,Organic Search,Ahmedabad,Male,63,1,Basic,Annual,Credit Card,Yes,0,226.0,1,1,23,24.0,2026-05-25,5198.0,,0
CUST-104678,2025-03-13,Organic Search,Bengaluru,Male,33,0,Basic,Annual,Debit Card,No,3,366.0,1,1,14,32.0,2026-05-22,5124.0,,0
CUST-104679,2024-06-02,Affiliate,Pune,Male,57,0,Basic,Monthly,UPI,No,3,383.0,1,1,22,18.0,2026-03-24,8426.0,2026-03-24,1
CUST-104680,2024-06-27,Email,Delhi,Male,44,0,Standard,Annual,UPI,Yes,1,569.0,1,0,23,23.0,2026-05-15,13087.0,,0
CUST-104681,2025-01-09,Organic Search,Ahmedabad,Female,48,0,Standard,Annual,UPI,Yes,2,616.0,1,1,16,16.0,2026-05-27,9856.0,,0
CUST-104682,2025-08-10,Referral,Ahmedabad,Female,28,0,Standard,Annual,Credit Card,Yes,3,684.0,0,0,9,23.0,2026-05-17,6156.0,,0
CUST-104683,2026-05-03,Referral,Bengaluru,Female,30,0,Standard,Two-Year,Credit Card,No,2,615.0,1,1,0,33.0,2026-05-27,615.0,,0
CUST-104684,2025-08-27,Email,Hyderabad,Male,51,0,Premium,Annual,UPI,No,2,947.0,1,1,9,15.0,2026-05-29,8523.0,,0
CUST-104685,2025-10-05,Paid Social,Hyderabad,Male,31,0,Basic,Two-Year,UPI,Yes,2,322.0,1,1,7,27.0,2026-05-27,2254.0,,0
CUST-104686,2025-10-20,Paid Social,Mumbai,Male,52,0,Basic,Monthly,UPI,No,3,377.0,1,0,7,10.0,2026-05-09,2639.0,,0
CUST-104687,2025-06-17,Paid Social,Kolkata,Female,69,1,Basic,Monthly,Net Banking,Yes,3,383.0,1,0,11,14.0,2026-05-16,4213.0,,0
CUST-104688,2024-06-17,Affiliate,Delhi,Female,22,0,Basic,Monthly,UPI,No,0,216.0,1,1,23,11.0,2026-05-07,4968.0,,0
CUST-104689,2025-02-04,Referral,Surat,Male,66,1,Basic,Monthly,Credit Card,Yes,2,325.0,1,1,15,15.0,2026-05-11,4875.0,,0
CUST-104690,2024-10-06,Paid Social,Ahmedabad,Male,26,0,Premium,Annual,Net Banking,Yes,3,982.0,1,1,19,14.0,2026-05-30,18658.0,,0
CUST-104691,2025-07-14,Organic Search,Chennai,Male,25,0,Basic,Annual,Net Banking,No,0,177.0,1,0,10,7.0,2026-05-23,1770.0,,0
CUST-104692,2025-12-16,Referral,Kolkata,Male,61,1,Basic,Monthly,Debit Card,No,3,396.0,1,1,5,8.0,2026-05-21,1980.0,,0
CUST-104693,2025-04-07,Affiliate,Chennai,Male,28,0,Standard,Monthly,UPI,No,1,564.0,1,0,13,9.0,2026-05-02,7332.0,,0
CUST-104694,2025-07-24,Paid Social,Chennai,Female,51,0,Standard,Two-Year,UPI,Yes,3,672.0,1,0,10,16.0,2026-05-14,6720.0,,0
CUST-104695,2025-09-09,Paid Search,Delhi,Female,23,0,Standard,Monthly,UPI,Yes,2,624.0,1,0,8,18.0,2026-05-17,4992.0,,0
CUST-104696,2024-06-07,Paid Social,Hyderabad,Male,22,0,Basic,Monthly,Debit Card,No,1,280.0,1,0,23,24.0,2026-05-03,6440.0,,0
CUST-104697,2025-11-29,Paid Social,Bengaluru,Male,28,0,Basic,Annual,UPI,Yes,0,210.0,1,1,6,19.0,2026-05-14,1260.0,,0
CUST-104698,2025-11-15,Paid Search,Delhi,Male,45,0,Basic,Annual,UPI,No,3,409.0,1,1,6,26.0,2026-05-09,2454.0,,0
CUST-104699,2026-05-05,Referral,Surat,Male,33,0,Basic,Monthly,UPI,No,3,392.0,1,1,0,17.0,2026-05-05,392.0,2026-05-05,1
CUST-104700,2025-03-31,Email,Delhi,Female,29,0,Basic,Monthly,Credit Card,Yes,3,350.0,0,0,14,26.0,2026-05-15,4900.0,,0
CUST-104701,2026-05-10,Paid Social,Delhi,Male,61,1,Standard,Monthly,UPI,Yes,1,578.0,1,1,0,21.0,2026-05-19,578.0,,0
CUST-104702,2024-12-09,Paid Social,Kolkata,Female,27,0,Premium,Monthly,UPI,No,2,893.0,1,0,17,12.0,2026-05-08,15181.0,,0
CUST-104703,2025-03-24,Paid Social,Mumbai,Female,22,0,Basic,Monthly,UPI,Yes,3,399.0,1,1,14,28.0,2026-05-21,5586.0,,0
CUST-104704,2025-12-02,Organic Search,Mumbai,Male,23,0,Basic,Monthly,Credit Card,Yes,3,392.0,1,0,5,18.0,2026-05-03,1960.0,,0
CUST-104705,2025-05-29,Paid Social,Delhi,Female,63,1,Premium,Monthly,UPI,Yes,3,1004.0,1,1,12,19.0,2026-05-22,12048.0,,0
CUST-104706,2025-02-18,Organic Search,Hyderabad,Female,42,0,Standard,Monthly,Credit Card,Yes,2,626.0,0,0,15,21.0,2026-05-06,9390.0,,0
CUST-104707,2025-07-26,Paid Social,Kolkata,Female,68,1,Standard,Annual,Debit Card,No,1,563.0,1,1,10,8.0,2026-05-29,5630.0,,0
CUST-104708,2025-04-27,Organic Search,Ahmedabad,Male,59,0,Premium,Monthly,Credit Card,Yes,0,818.0,1,1,13,11.0,2026-05-16,10634.0,,0
CUST-104709,2024-08-08,Paid Social,Pune,Female,32,0,Standard,Monthly,UPI,No,1,541.0,1,1,21,16.0,2026-05-17,11361.0,,0
CUST-104710,2026-02-18,Referral,Bengaluru,Male,59,0,Standard,Monthly,Debit Card,No,2,620.0,1,1,3,15.0,2026-05-03,1860.0,,0
CUST-104711,2025-12-07,Organic Search,Pune,Male,41,0,Basic,Monthly,Credit Card,No,0,196.0,0,0,5,16.0,2026-05-20,980.0,,0
CUST-104712,2024-09-18,Paid Search,Pune,Female,47,0,Premium,Annual,UPI,No,2,913.0,0,0,20,15.0,2026-05-19,18260.0,,0
CUST-104713,2024-11-05,Affiliate,Jaipur,Male,45,0,Standard,Monthly,UPI,Yes,3,670.0,1,1,18,18.0,2026-05-30,12060.0,,0
CUST-104714,2025-07-18,Paid Search,Delhi,Male,57,0,Basic,Two-Year,Wallet,Yes,2,321.0,1,1,10,28.0,2026-05-29,3210.0,,0
CUST-104715,2025-04-25,Organic Search,Delhi,Male,28,0,Standard,Annual,UPI,No,3,690.0,1,1,13,23.0,2026-05-15,8970.0,,0
CUST-104716,2024-08-15,Paid Social,Pune,Male,21,0,Basic,Monthly,Credit Card,Yes,1,281.0,0,0,21,20.0,2026-05-28,5901.0,,0
CUST-104717,2025-02-17,Paid Search,Delhi,Male,56,0,Standard,Two-Year,UPI,Yes,3,675.0,1,1,15,28.0,2026-05-21,10125.0,,0
CUST-104718,2026-05-14,Paid Search,Bengaluru,Male,67,1,Basic,Monthly,Debit Card,No,3,373.0,1,1,0,33.0,2026-05-03,373.0,,0
CUST-104719,2024-12-24,Organic Search,Ahmedabad,Female,48,0,Standard,Monthly,UPI,No,0,457.0,1,1,17,12.0,2026-05-23,7769.0,,0
CUST-104720,2025-01-14,Paid Social,Mumbai,Female,24,0,Standard,Monthly,Debit Card,Yes,1,581.0,1,0,16,6.0,2026-05-03,9296.0,,0
CUST-104721,2026-01-19,Paid Search,Jaipur,Male,23,0,Standard,Annual,UPI,No,2,599.0,0,0,4,8.0,2026-05-19,2396.0,,0
CUST-104722,2026-03-26,Organic Search,Ahmedabad,Female,46,0,Standard,Annual,UPI,No,3,686.0,1,1,1,19.0,2026-04-25,686.0,2026-04-25,1
CUST-104723,2024-10-16,Paid Search,Pune,Female,64,1,Basic,Annual,Debit Card,No,2,323.0,1,1,19,29.0,2026-05-04,6137.0,,0
CUST-104724,2025-02-23,Organic Search,Hyderabad,Female,49,0,Basic,Two-Year,UPI,No,2,334.0,1,1,15,26.0,2026-05-21,5010.0,,0
CUST-104725,2026-02-07,Paid Social,Ahmedabad,Female,33,0,Standard,Two-Year,UPI,Yes,1,546.0,1,0,3,18.0,2026-05-09,1638.0,,0
CUST-104726,2026-02-07,Affiliate,Mumbai,Female,50,0,Standard,Monthly,Net Banking,No,2,628.0,1,0,3,32.0,2026-05-27,1884.0,,0
CUST-104727,2025-03-21,Organic Search,Delhi,Male,26,0,Premium,Two-Year,Wallet,No,3,1003.0,1,1,14,15.0,2026-05-11,14042.0,,0
CUST-104728,2025-12-10,Paid Search,Bengaluru,Female,42,0,Basic,Monthly,UPI,Yes,0,202.0,1,1,5,22.0,2026-05-21,1010.0,,0
CUST-104729,2025-01-09,Paid Social,Delhi,Female,69,1,Standard,Two-Year,Debit Card,No,3,666.0,0,0,16,19.0,2026-05-06,10656.0,,0
CUST-104730,2024-11-17,Paid Social,Pune,Female,50,0,Premium,Monthly,UPI,Yes,0,777.0,1,1,18,27.0,2026-05-18,13986.0,,0
CUST-104731,2026-04-20,Affiliate,Mumbai,Male,23,0,Standard,Monthly,Credit Card,No,2,641.0,1,1,1,16.0,2026-05-18,641.0,,0
CUST-104732,2025-09-15,Paid Social,Ahmedabad,Female,28,0,Basic,Monthly,Debit Card,No,1,252.0,1,0,8,23.0,2026-05-12,2016.0,,0
CUST-104733,2025-12-22,Organic Search,Ahmedabad,Female,21,0,Basic,Monthly,Debit Card,Yes,0,195.0,1,1,5,15.0,2026-05-15,975.0,,0
CUST-104734,2024-11-18,Affiliate,Delhi,Male,38,0,Premium,Annual,UPI,Yes,0,837.0,0,0,18,34.0,2026-05-15,15066.0,,0
CUST-104735,2024-06-15,Referral,Delhi,Female,30,0,Basic,Monthly,UPI,Yes,1,273.0,1,1,23,20.0,2026-05-05,6279.0,,0
CUST-104736,2024-06-14,Referral,Jaipur,Female,68,1,Basic,Monthly,Credit Card,Yes,0,216.0,1,1,23,17.0,2026-05-09,4968.0,,0
CUST-104737,2025-10-22,Organic Search,Ahmedabad,Male,34,0,Standard,Two-Year,Debit Card,Yes,0,524.0,1,1,7,20.0,2026-05-30,3668.0,,0
CUST-104738,2025-01-06,Organic Search,Bengaluru,Male,19,0,Basic,Annual,Credit Card,Yes,1,236.0,1,1,16,24.0,2026-05-03,3776.0,,0
CUST-104739,2025-06-13,Paid Search,Bengaluru,Female,40,0,Standard,Annual,UPI,Yes,1,582.0,1,1,1,31.0,2025-07-13,582.0,2025-07-13,1
CUST-104740,2025-10-31,Organic Search,Hyderabad,Female,56,0,Premium,Two-Year,UPI,No,1,884.0,1,1,7,30.0,2026-05-15,6188.0,,0
CUST-104741,2025-12-12,Organic Search,Pune,Male,53,0,Premium,Monthly,Debit Card,Yes,3,972.0,1,1,5,9.0,2026-05-29,4860.0,,0
CUST-104742,2024-10-09,Referral,Ahmedabad,Female,68,1,Standard,Monthly,UPI,Yes,0,510.0,1,1,19,15.0,2026-05-20,9690.0,,0
CUST-104743,2025-07-24,Paid Social,Pune,Male,37,0,Premium,Monthly,Net Banking,Yes,1,874.0,1,1,7,11.0,2026-02-19,6118.0,2026-02-19,1
CUST-104744,2025-09-01,Organic Search,Delhi,Female,45,0,Premium,Monthly,Credit Card,Yes,1,848.0,1,1,8,24.0,2026-05-31,6784.0,,0
CUST-104745,2025-07-19,Organic Search,Chennai,Female,47,0,Premium,Monthly,Net Banking,Yes,1,873.0,1,1,10,14.0,2026-05-15,8730.0,,0
CUST-104746,2025-12-10,Paid Social,Mumbai,Female,19,0,Premium,Annual,UPI,No,2,909.0,1,1,5,34.0,2026-05-13,4545.0,,0
CUST-104747,2025-02-18,Paid Search,Hyderabad,Male,18,0,Premium,Monthly,UPI,Yes,0,838.0,1,1,15,10.0,2026-05-03,12570.0,,0
CUST-104748,2025-01-13,Affiliate,Pune,Male,59,0,Basic,Annual,Wallet,No,0,201.0,1,1,16,6.0,2026-05-11,3216.0,,0
CUST-104749,2025-01-18,Organic Search,Pune,Female,38,0,Basic,Annual,Credit Card,Yes,0,208.0,1,0,16,18.0,2026-05-08,3328.0,,0
CUST-104750,2024-08-14,Organic Search,Mumbai,Male,53,0,Basic,Monthly,UPI,Yes,2,295.0,1,1,21,26.0,2026-05-07,6195.0,,0
CUST-104751,2024-07-01,Paid Search,Pune,Male,67,1,Standard,Monthly,Wallet,No,1,565.0,0,0,22,9.0,2026-05-17,12430.0,,0
CUST-104752,2025-08-09,Paid Social,Hyderabad,Male,30,0,Premium,Monthly,UPI,Yes,3,997.0,1,1,9,29.0,2026-05-20,8973.0,,0
CUST-104753,2026-05-29,Paid Social,Bengaluru,Male,58,0,Premium,Annual,Debit Card,Yes,0,786.0,1,0,0,10.0,2026-05-11,786.0,,0
CUST-104754,2024-09-04,Email,Delhi,Female,29,0,Premium,Monthly,UPI,Yes,0,791.0,0,0,20,12.0,2026-05-29,15820.0,,0
CUST-104755,2024-12-01,Paid Search,Mumbai,Male,56,0,Premium,Annual,Net Banking,No,2,908.0,1,1,17,22.0,2026-05-15,15436.0,,0
CUST-104756,2024-06-02,Paid Social,Mumbai,Male,26,0,Standard,Monthly,Wallet,Yes,3,662.0,1,0,23,16.0,2026-05-26,15226.0,,0
CUST-104757,2024-11-25,Email,Hyderabad,Male,33,0,Standard,Annual,UPI,Yes,0,480.0,1,1,18,31.0,2026-05-26,8640.0,,0
CUST-104758,2024-09-04,Organic Search,Delhi,Male,42,0,Standard,Monthly,UPI,No,1,574.0,1,1,20,10.0,2026-05-05,11480.0,,0
CUST-104759,2026-05-28,Email,Hyderabad,Male,43,0,Basic,Monthly,Credit Card,No,1,240.0,1,0,0,4.0,2026-05-18,240.0,,0
CUST-104760,2024-12-12,Paid Search,Hyderabad,Female,19,0,Standard,Monthly,UPI,No,0,472.0,1,0,17,10.0,2026-05-15,8024.0,,0
CUST-104761,2026-04-11,Paid Search,Pune,Female,61,1,Standard,Annual,Credit Card,Yes,1,551.0,1,1,1,11.0,2026-05-28,551.0,,0
CUST-104762,2025-10-07,Email,Pune,Female,18,0,Basic,Monthly,Debit Card,No,2,320.0,1,1,1,6.0,2025-11-06,320.0,2025-11-06,1
CUST-104763,2025-01-11,Paid Search,Pune,Male,63,1,Standard,Annual,UPI,Yes,1,568.0,1,0,16,21.0,2026-05-23,9088.0,,0
CUST-104764,2025-01-29,Paid Social,Bengaluru,Male,28,0,Standard,Monthly,Wallet,Yes,2,606.0,1,1,16,11.0,2026-05-18,9696.0,,0
CUST-104765,2024-08-08,Paid Social,Mumbai,Male,54,0,Standard,Two-Year,Debit Card,Yes,1,550.0,0,0,21,18.0,2026-05-04,11550.0,,0
CUST-104766,2026-04-01,Paid Search,Chennai,Female,54,0,Premium,Two-Year,UPI,No,2,927.0,1,0,1,18.0,2026-05-18,927.0,,0
CUST-104767,2026-01-07,Paid Search,Surat,Female,41,0,Basic,Monthly,Credit Card,Yes,3,393.0,1,1,4,32.0,2026-05-13,1572.0,,0
CUST-104768,2025-11-24,Organic Search,Bengaluru,Female,45,0,Premium,Monthly,Net Banking,Yes,0,818.0,1,1,6,6.0,2026-05-11,4908.0,,0
CUST-104769,2024-06-16,Referral,Jaipur,Male,21,0,Basic,Annual,Credit Card,Yes,0,206.0,1,1,23,20.0,2026-05-26,4738.0,,0
CUST-104770,2026-05-21,Paid Search,Surat,Female,64,1,Basic,Monthly,Wallet,No,0,174.0,1,0,0,11.0,2026-05-23,174.0,,0
CUST-104771,2024-11-28,Paid Social,Bengaluru,Female,24,0,Standard,Monthly,UPI,No,3,666.0,1,1,18,16.0,2026-05-16,11988.0,,0
CUST-104772,2025-09-29,Organic Search,Hyderabad,Male,52,0,Premium,Monthly,UPI,Yes,2,938.0,1,0,8,16.0,2026-05-20,7504.0,,0
CUST-104773,2025-07-24,Paid Social,Pune,Female,18,0,Premium,Annual,Credit Card,Yes,3,1006.0,1,1,10,26.0,2026-05-07,10060.0,,0
CUST-104774,2024-06-16,Organic Search,Mumbai,Female,56,0,Basic,Monthly,UPI,Yes,1,258.0,1,1,23,9.0,2026-05-19,5934.0,,0
CUST-104775,2025-03-16,Organic Search,Ahmedabad,Male,36,0,Standard,Two-Year,UPI,Yes,3,676.0,1,1,14,25.0,2026-05-18,9464.0,,0
CUST-104776,2024-09-17,Paid Social,Bengaluru,Female,43,0,Premium,Monthly,Credit Card,No,1,844.0,1,1,20,16.0,2026-05-26,16880.0,,0
CUST-104777,2024-10-04,Organic Search,Chennai,Female,19,0,Premium,Monthly,UPI,Yes,3,1000.0,1,1,19,29.0,2026-05-10,19000.0,,0
CUST-104778,2024-12-14,Paid Social,Delhi,Female,29,0,Basic,Monthly,UPI,Yes,2,303.0,0,0,17,21.0,2026-05-10,5151.0,,0
CUST-104779,2024-06-05,Paid Search,Chennai,Male,40,0,Basic,Two-Year,UPI,Yes,3,408.0,1,1,23,35.0,2026-05-18,9384.0,,0
CUST-104780,2025-10-26,Paid Social,Pune,Male,55,0,Standard,Two-Year,UPI,Yes,3,678.0,1,0,7,30.0,2026-05-11,4746.0,,0
CUST-104781,2025-11-25,Email,Hyderabad,Female,49,0,Premium,Monthly,UPI,No,0,786.0,1,1,4,13.0,2026-03-25,3144.0,2026-03-25,1
CUST-104782,2025-09-14,Affiliate,Mumbai,Male,31,0,Basic,Annual,UPI,No,3,352.0,0,0,8,32.0,2026-05-02,2816.0,,0
CUST-104783,2025-04-29,Paid Search,Bengaluru,Male,48,0,Standard,Monthly,Wallet,No,0,495.0,0,0,13,12.0,2026-05-19,6435.0,,0
CUST-104784,2024-10-28,Email,Mumbai,Male,29,0,Premium,Monthly,UPI,Yes,2,917.0,1,1,19,28.0,2026-05-31,17423.0,,0
CUST-104785,2025-08-23,Affiliate,Mumbai,Male,46,0,Standard,Monthly,UPI,No,2,614.0,1,1,9,18.0,2026-05-27,5526.0,,0
CUST-104786,2025-10-22,Paid Social,Ahmedabad,Female,46,0,Standard,Annual,Wallet,Yes,0,499.0,1,1,7,19.0,2026-05-12,3493.0,,0
CUST-104787,2024-11-03,Referral,Ahmedabad,Female,29,0,Premium,Monthly,Debit Card,Yes,2,940.0,0,0,18,6.0,2026-05-08,16920.0,,0
CUST-104788,2024-12-21,Organic Search,Mumbai,Male,28,0,Basic,Annual,UPI,No,0,208.0,1,1,17,19.0,2026-05-15,3536.0,,0
CUST-104789,2026-02-16,Referral,Pune,Female,44,0,Basic,Monthly,Net Banking,Yes,2,322.0,0,0,3,23.0,2026-05-11,966.0,,0
CUST-104790,2025-10-01,Paid Search,Bengaluru,Male,48,0,Basic,Two-Year,Net Banking,Yes,1,276.0,1,1,7,24.0,2026-05-31,1932.0,,0
CUST-104791,2025-05-27,Organic Search,Mumbai,Male,68,1,Standard,Two-Year,Debit Card,Yes,0,485.0,1,0,12,5.0,2026-05-12,5820.0,,0
CUST-104792,2025-01-13,Paid Social,Kolkata,Male,43,0,Basic,Monthly,Credit Card,No,3,390.0,0,0,16,17.0,2026-05-12,6240.0,,0
CUST-104793,2024-11-08,Email,Bengaluru,Male,41,0,Basic,Annual,Credit Card,Yes,1,269.0,1,0,18,13.0,2026-05-03,4842.0,,0
CUST-104794,2024-11-01,Paid Social,Jaipur,Male,42,0,Basic,Annual,Wallet,No,2,341.0,1,0,18,18.0,2026-05-20,6138.0,,0
CUST-104795,2026-03-09,Organic Search,Pune,Female,63,1,Standard,Two-Year,Credit Card,Yes,2,598.0,1,1,2,6.0,2026-05-07,1196.0,,0
CUST-104796,2025-05-27,Organic Search,Ahmedabad,Male,33,0,Premium,Monthly,Net Banking,Yes,3,966.0,1,1,12,17.0,2026-05-24,11592.0,,0
CUST-104797,2025-07-15,Paid Social,Jaipur,Female,37,0,Standard,Monthly,UPI,Yes,2,607.0,1,1,2,20.0,2025-09-13,1214.0,2025-09-13,1
CUST-104798,2026-05-16,Affiliate,Kolkata,Male,37,0,Standard,Monthly,Debit Card,No,2,626.0,0,0,0,15.0,2026-05-05,626.0,,0
CUST-104799,2025-10-21,Referral,Pune,Female,50,0,Premium,Annual,Wallet,No,1,862.0,1,1,7,31.0,2026-05-15,6034.0,,0
CUST-104800,2025-09-15,Paid Social,Bengaluru,Female,54,0,Standard,Monthly,UPI,Yes,1,568.0,1,0,8,11.0,2026-05-09,4544.0,,0
CUST-104801,2024-11-12,Organic Search,Bengaluru,Male,43,0,Standard,Monthly,UPI,No,0,467.0,1,0,18,14.0,2026-05-16,8406.0,,0
CUST-104802,2025-02-12,Organic Search,Bengaluru,Female,31,0,Basic,Annual,Net Banking,Yes,3,401.0,1,1,15,12.0,2026-05-09,6015.0,,0
CUST-104803,2024-07-18,Paid Social,Hyderabad,Female,53,0,Basic,Two-Year,Debit Card,No,3,383.0,1,1,22,17.0,2026-05-07,8426.0,,0
CUST-104804,2025-06-13,Affiliate,Bengaluru,Male,32,0,Basic,Monthly,Debit Card,Yes,0,207.0,0,0,11,20.0,2026-05-09,2277.0,,0
CUST-104805,2024-12-17,Referral,Mumbai,Female,64,1,Standard,Monthly,Wallet,Yes,3,685.0,1,1,14,18.0,2026-02-10,9590.0,2026-02-10,1
CUST-104806,2025-04-16,Paid Social,Ahmedabad,Female,50,0,Premium,Monthly,UPI,No,2,910.0,1,1,13,18.0,2026-05-02,11830.0,,0
CUST-104807,2025-04-06,Paid Search,Ahmedabad,Male,40,0,Basic,Monthly,Debit Card,Yes,0,207.0,1,1,6,13.0,2025-10-03,1242.0,2025-10-03,1
CUST-104808,2024-06-23,Paid Social,Mumbai,Female,30,0,Basic,Monthly,Debit Card,No,0,200.0,1,0,23,20.0,2026-05-03,4600.0,,0
CUST-104809,2025-06-02,Paid Search,Delhi,Male,57,0,Premium,Monthly,UPI,Yes,2,920.0,1,1,6,12.0,2025-11-29,5520.0,2025-11-29,1
CUST-104810,2025-10-05,Paid Search,Kolkata,Female,49,0,Premium,Monthly,UPI,Yes,3,986.0,1,1,7,18.0,2026-05-08,6902.0,,0
CUST-104811,2026-01-08,Referral,Mumbai,Female,63,1,Standard,Two-Year,Debit Card,Yes,0,497.0,1,1,4,20.0,2026-05-16,1988.0,,0
CUST-104812,2024-10-28,Paid Search,Delhi,Female,54,0,Basic,Monthly,Debit Card,Yes,3,359.0,1,1,19,19.0,2026-05-29,6821.0,,0
CUST-104813,2025-03-15,Email,Mumbai,Female,59,0,Standard,Monthly,Debit Card,Yes,1,556.0,1,1,3,4.0,2025-06-13,1668.0,2025-06-13,1
CUST-104814,2025-06-25,Paid Social,Bengaluru,Female,22,0,Basic,Monthly,Credit Card,Yes,3,403.0,1,0,11,22.0,2026-05-19,4433.0,,0
CUST-104815,2026-01-25,Organic Search,Pune,Male,19,0,Standard,Annual,Debit Card,No,1,551.0,1,1,3,6.0,2026-04-25,1653.0,2026-04-25,1
CUST-104816,2024-07-22,Organic Search,Bengaluru,Male,52,0,Standard,Monthly,UPI,Yes,1,560.0,1,0,22,17.0,2026-05-13,12320.0,,0
CUST-104817,2025-05-26,Paid Search,Jaipur,Female,18,0,Premium,Monthly,UPI,Yes,1,872.0,1,1,12,25.0,2026-05-03,10464.0,,0
CUST-104818,2025-12-29,Paid Search,Surat,Male,64,1,Basic,Monthly,Credit Card,No,2,351.0,1,0,5,12.0,2026-05-22,1755.0,,0
CUST-104819,2024-07-01,Paid Search,Chennai,Female,63,1,Premium,Monthly,Debit Card,Yes,1,855.0,1,0,22,24.0,2026-05-02,18810.0,,0
CUST-104820,2024-06-13,Referral,Chennai,Male,48,0,Basic,Monthly,Net Banking,No,1,241.0,1,1,23,24.0,2026-05-14,5543.0,,0
CUST-104821,2024-08-03,Paid Social,Delhi,Male,55,0,Basic,Annual,Credit Card,Yes,1,269.0,0,0,21,24.0,2026-05-05,5649.0,,0
CUST-104822,2025-01-21,Paid Search,Bengaluru,Male,39,0,Premium,Monthly,Debit Card,No,1,847.0,1,1,11,6.0,2025-12-17,9317.0,2025-12-17,1
CUST-104823,2024-08-25,Referral,Delhi,Male,67,1,Standard,Annual,Wallet,No,2,623.0,1,1,11,19.0,2025-07-21,6853.0,2025-07-21,1
CUST-104824,2025-03-07,Paid Social,Chennai,Male,19,0,Standard,Monthly,Credit Card,Yes,1,568.0,1,0,14,20.0,2026-05-10,7952.0,,0
CUST-104825,2025-01-04,Paid Social,Mumbai,Male,33,0,Basic,Annual,Credit Card,Yes,1,252.0,1,1,16,15.0,2026-05-14,4032.0,,0
CUST-104826,2025-12-16,Organic Search,Mumbai,Female,54,0,Basic,Two-Year,Wallet,Yes,3,375.0,1,0,5,11.0,2026-05-07,1875.0,,0
CUST-104827,2025-03-02,Paid Social,Ahmedabad,Female,58,0,Basic,Monthly,UPI,Yes,2,331.0,1,1,14,27.0,2026-05-13,4634.0,,0
CUST-104828,2026-05-11,Referral,Pune,Female,30,0,Standard,Annual,Debit Card,Yes,3,695.0,0,0,0,29.0,2026-05-07,695.0,,0
CUST-104829,2024-09-23,Affiliate,Hyderabad,Male,59,0,Basic,Monthly,Credit Card,No,1,260.0,1,0,20,26.0,2026-05-18,5200.0,,0
CUST-104830,2024-10-18,Paid Search,Ahmedabad,Male,41,0,Premium,Annual,Credit Card,No,3,982.0,1,0,19,9.0,2026-05-30,18658.0,,0
CUST-104831,2026-01-06,Paid Social,Bengaluru,Female,62,1,Standard,Monthly,Net Banking,Yes,3,662.0,1,0,4,17.0,2026-05-25,2648.0,,0
CUST-104832,2024-09-10,Referral,Delhi,Male,31,0,Premium,Two-Year,UPI,No,0,801.0,1,1,20,14.0,2026-05-16,16020.0,,0
CUST-104833,2025-03-01,Referral,Chennai,Male,53,0,Premium,Monthly,UPI,Yes,2,913.0,1,1,14,13.0,2026-05-28,12782.0,,0
CUST-104834,2025-08-28,Paid Social,Ahmedabad,Female,28,0,Standard,Monthly,UPI,Yes,3,680.0,0,0,9,20.0,2026-05-18,6120.0,,0
CUST-104835,2026-03-13,Affiliate,Ahmedabad,Male,25,0,Standard,Monthly,Net Banking,Yes,3,700.0,1,1,2,24.0,2026-05-31,1400.0,,0
CUST-104836,2024-11-06,Organic Search,Pune,Female,54,0,Premium,Monthly,UPI,Yes,1,842.0,1,1,6,15.0,2025-05-05,5052.0,2025-05-05,1
CUST-104837,2024-12-19,Organic Search,Pune,Male,53,0,Basic,Annual,Debit Card,Yes,1,277.0,1,0,17,30.0,2026-05-16,4709.0,,0
CUST-104838,2024-06-18,Organic Search,Chennai,Male,33,0,Basic,Annual,UPI,Yes,1,262.0,1,1,23,5.0,2026-05-25,6026.0,,0
CUST-104839,2025-03-23,Organic Search,Pune,Male,49,0,Standard,Monthly,Credit Card,Yes,1,559.0,1,1,14,20.0,2026-05-09,7826.0,,0
CUST-104840,2024-11-16,Affiliate,Jaipur,Female,66,1,Basic,Annual,Credit Card,No,3,366.0,1,1,18,14.0,2026-05-15,6588.0,,0
CUST-104841,2024-12-29,Paid Social,Delhi,Female,35,0,Standard,Monthly,UPI,No,0,503.0,1,0,17,14.0,2026-05-04,8551.0,,0
CUST-104842,2024-11-18,Paid Social,Delhi,Female,44,0,Premium,Annual,UPI,No,1,892.0,1,0,18,21.0,2026-05-04,16056.0,,0
CUST-104843,2026-05-28,Paid Social,Surat,Male,28,0,Standard,Monthly,UPI,Yes,3,641.0,1,1,0,30.0,2026-05-20,641.0,,0
CUST-104844,2025-07-08,Paid Social,Ahmedabad,Female,44,0,Basic,Monthly,UPI,No,2,290.0,0,0,10,15.0,2026-05-19,2900.0,,0
CUST-104845,2025-05-31,Paid Social,Chennai,Female,64,1,Basic,Monthly,Credit Card,Yes,2,316.0,1,1,12,20.0,2026-05-16,3792.0,,0
CUST-104846,2025-04-25,Organic Search,Ahmedabad,Female,51,0,Basic,Monthly,Credit Card,Yes,1,264.0,1,1,8,2.0,2025-12-21,2112.0,2025-12-21,1
CUST-104847,2025-08-02,Paid Search,Bengaluru,Female,25,0,Basic,Annual,UPI,Yes,3,393.0,1,0,9,31.0,2026-05-12,3537.0,,0
CUST-104848,2025-01-30,Organic Search,Mumbai,Female,56,0,Standard,Two-Year,UPI,Yes,1,566.0,1,1,16,24.0,2026-05-12,9056.0,,0
CUST-104849,2024-09-18,Referral,Pune,Female,39,0,Standard,Monthly,Credit Card,Yes,2,594.0,1,0,20,20.0,2026-05-18,11880.0,,0
CUST-104850,2024-12-28,Organic Search,Chennai,Male,18,0,Standard,Monthly,Wallet,No,0,508.0,1,0,17,15.0,2026-05-16,8636.0,,0
CUST-104851,2025-01-20,Referral,Ahmedabad,Female,50,0,Standard,Monthly,Debit Card,No,0,496.0,1,1,16,12.0,2026-05-31,7936.0,,0
CUST-104852,2024-12-13,Affiliate,Mumbai,Male,33,0,Basic,Annual,Wallet,Yes,1,272.0,1,0,17,15.0,2026-05-29,4624.0,,0
CUST-104853,2024-09-15,Organic Search,Delhi,Female,68,1,Basic,Monthly,Credit Card,No,1,248.0,1,1,20,14.0,2026-05-19,4960.0,,0
CUST-104854,2026-02-19,Organic Search,Mumbai,Male,69,1,Standard,Annual,Net Banking,Yes,1,536.0,1,0,3,12.0,2026-05-03,1608.0,,0
CUST-104855,2025-04-12,Email,Delhi,Male,52,0,Basic,Annual,UPI,Yes,1,252.0,1,1,13,21.0,2026-05-20,3276.0,,0
CUST-104856,2025-05-02,Paid Social,Jaipur,Male,50,0,Basic,Monthly,Credit Card,Yes,0,206.0,1,0,12,22.0,2026-05-02,2472.0,,0
CUST-104857,2026-03-12,Paid Search,Ahmedabad,Female,33,0,Standard,Two-Year,UPI,Yes,1,565.0,1,1,2,16.0,2026-05-22,1130.0,,0
CUST-104858,2026-02-14,Organic Search,Delhi,Male,21,0,Basic,Monthly,Debit Card,Yes,0,199.0,1,1,3,17.0,2026-05-30,597.0,,0
CUST-104859,2024-11-27,Paid Social,Bengaluru,Female,21,0,Basic,Annual,Net Banking,Yes,2,310.0,1,1,18,20.0,2026-05-22,5580.0,,0
CUST-104860,2026-05-27,Paid Search,Mumbai,Female,42,0,Standard,Monthly,Debit Card,Yes,3,677.0,1,1,0,21.0,2026-05-20,677.0,,0
CUST-104861,2025-04-04,Affiliate,Mumbai,Male,34,0,Basic,Monthly,UPI,No,2,341.0,1,1,13,17.0,2026-05-27,4433.0,,0
CUST-104862,2025-05-28,Paid Social,Hyderabad,Male,67,1,Standard,Monthly,Debit Card,No,1,597.0,1,0,12,27.0,2026-05-20,7164.0,,0
CUST-104863,2026-04-12,Referral,Pune,Female,33,0,Basic,Annual,Debit Card,No,2,325.0,1,1,0,21.0,2026-04-12,325.0,2026-04-12,1
CUST-104864,2026-04-08,Paid Search,Chennai,Female,29,0,Premium,Monthly,UPI,Yes,3,994.0,1,1,1,28.0,2026-05-14,994.0,,0
CUST-104865,2026-04-16,Organic Search,Delhi,Male,60,1,Standard,Two-Year,UPI,Yes,0,488.0,1,0,1,16.0,2026-05-26,488.0,,0
CUST-104866,2024-10-06,Paid Social,Pune,Female,61,1,Basic,Monthly,Debit Card,Yes,0,219.0,0,0,19,24.0,2026-05-07,4161.0,,0
CUST-104867,2024-07-28,Organic Search,Kolkata,Male,37,0,Basic,Monthly,UPI,No,1,254.0,1,1,22,27.0,2026-05-26,5588.0,,0
CUST-104868,2025-01-12,Paid Social,Kolkata,Female,22,0,Premium,Annual,UPI,Yes,1,840.0,1,1,16,24.0,2026-05-07,13440.0,,0
CUST-104869,2024-12-24,Paid Search,Jaipur,Female,23,0,Standard,Monthly,Net Banking,No,0,516.0,1,1,17,21.0,2026-05-28,8772.0,,0
CUST-104870,2025-09-24,Paid Social,Mumbai,Male,45,0,Standard,Monthly,Wallet,No,1,560.0,1,0,8,18.0,2026-05-23,4480.0,,0
CUST-104871,2024-09-26,Organic Search,Surat,Male,63,1,Premium,Monthly,UPI,Yes,2,940.0,1,0,20,14.0,2026-05-21,18800.0,,0
CUST-104872,2024-11-21,Referral,Chennai,Female,38,0,Basic,Monthly,Wallet,No,3,391.0,1,1,18,23.0,2026-05-23,7038.0,,0
CUST-104873,2026-01-03,Paid Search,Chennai,Male,18,0,Standard,Monthly,Net Banking,Yes,1,540.0,1,1,4,35.0,2026-05-12,2160.0,,0
CUST-104874,2025-08-06,Paid Search,Pune,Male,37,0,Standard,Monthly,Credit Card,Yes,0,502.0,1,1,8,20.0,2026-04-03,4016.0,2026-04-03,1
CUST-104875,2026-01-01,Paid Search,Surat,Male,18,0,Premium,Annual,Debit Card,Yes,0,786.0,1,1,4,13.0,2026-05-23,3144.0,,0
CUST-104876,2026-03-18,Organic Search,Bengaluru,Female,40,0,Basic,Annual,Wallet,Yes,2,338.0,1,1,2,10.0,2026-05-28,676.0,,0
CUST-104877,2026-04-14,Referral,Hyderabad,Male,42,0,Premium,Monthly,Debit Card,Yes,3,980.0,1,1,1,19.0,2026-05-14,980.0,2026-05-14,1
CUST-104878,2026-05-11,Paid Social,Hyderabad,Male,56,0,Standard,Annual,UPI,Yes,3,669.0,0,0,0,14.0,2026-05-27,669.0,,0
CUST-104879,2025-10-05,Paid Social,Hyderabad,Female,21,0,Premium,Monthly,UPI,Yes,1,829.0,1,0,7,18.0,2026-05-05,5803.0,,0
CUST-104880,2025-06-25,Organic Search,Hyderabad,Female,42,0,Basic,Monthly,Credit Card,Yes,1,276.0,1,0,11,7.0,2026-05-13,3036.0,,0
CUST-104881,2025-09-12,Paid Search,Mumbai,Female,27,0,Standard,Monthly,UPI,No,2,614.0,1,0,8,8.0,2026-05-03,4912.0,,0
CUST-104882,2025-11-20,Paid Search,Delhi,Male,42,0,Basic,Monthly,UPI,Yes,0,195.0,1,1,4,17.0,2026-03-20,780.0,2026-03-20,1
CUST-104883,2026-02-27,Paid Social,Delhi,Male,69,1,Premium,Monthly,Credit Card,Yes,2,926.0,0,0,3,6.0,2026-05-27,2778.0,,0
CUST-104884,2025-08-14,Affiliate,Hyderabad,Male,56,0,Basic,Monthly,UPI,No,3,366.0,1,1,9,23.0,2026-05-11,3294.0,,0
CUST-104885,2025-07-30,Affiliate,Hyderabad,Male,61,1,Standard,Monthly,UPI,No,2,596.0,1,0,10,28.0,2026-05-20,5960.0,,0
CUST-104886,2025-04-03,Organic Search,Chennai,Male,20,0,Basic,Monthly,Net Banking,No,2,322.0,1,1,13,24.0,2026-05-05,4186.0,,0
CUST-104887,2026-01-15,Referral,Chennai,Male,57,0,Basic,Monthly,UPI,Yes,2,305.0,1,1,4,24.0,2026-05-15,1220.0,,0
CUST-104888,2025-02-15,Paid Social,Pune,Female,63,1,Basic,Monthly,Debit Card,Yes,0,198.0,1,1,15,17.0,2026-05-27,2970.0,,0
CUST-104889,2025-02-06,Email,Mumbai,Male,52,0,Standard,Monthly,Credit Card,No,2,606.0,1,1,10,8.0,2025-12-03,6060.0,2025-12-03,1
CUST-104890,2025-08-22,Organic Search,Pune,Male,58,0,Basic,Annual,Wallet,No,0,179.0,1,1,4,1.0,2025-12-20,716.0,2025-12-20,1
CUST-104891,2025-09-04,Paid Social,Kolkata,Female,20,0,Premium,Monthly,UPI,Yes,3,954.0,1,1,8,25.0,2026-05-11,7632.0,,0
CUST-104892,2025-02-07,Paid Social,Pune,Male,56,0,Standard,Monthly,UPI,No,2,621.0,0,0,15,24.0,2026-05-14,9315.0,,0
CUST-104893,2024-06-09,Organic Search,Kolkata,Female,61,1,Premium,Monthly,Debit Card,Yes,0,815.0,1,1,23,19.0,2026-05-02,18745.0,,0
CUST-104894,2025-11-29,Referral,Surat,Male,29,0,Standard,Annual,Credit Card,No,1,574.0,1,1,5,21.0,2026-04-28,2870.0,2026-04-28,1
CUST-104895,2024-08-04,Paid Social,Delhi,Female,42,0,Standard,Annual,Net Banking,Yes,0,499.0,1,1,21,12.0,2026-05-07,10479.0,,0
CUST-104896,2024-08-31,Organic Search,Hyderabad,Male,39,0,Standard,Annual,UPI,Yes,1,580.0,1,1,21,22.0,2026-05-07,12180.0,,0
CUST-104897,2024-08-20,Paid Search,Bengaluru,Male,23,0,Basic,Monthly,UPI,Yes,2,311.0,0,0,21,26.0,2026-05-20,6531.0,,0
CUST-104898,2025-11-06,Affiliate,Bengaluru,Female,24,0,Standard,Annual,UPI,Yes,3,691.0,1,1,6,20.0,2026-05-20,4146.0,,0
CUST-104899,2025-12-01,Referral,Mumbai,Male,33,0,Premium,Monthly,Debit Card,No,1,852.0,1,1,5,12.0,2026-05-13,4260.0,,0
CUST-104900,2025-06-08,Paid Search,Mumbai,Male,23,0,Basic,Annual,UPI,Yes,1,248.0,1,1,11,10.0,2026-05-07,2728.0,,0
CUST-104901,2024-08-07,Paid Social,Mumbai,Male,44,0,Basic,Annual,UPI,Yes,0,211.0,0,0,21,7.0,2026-05-24,4431.0,,0
CUST-104902,2024-07-30,Organic Search,Pune,Male,20,0,Standard,Monthly,Debit Card,No,2,625.0,1,1,22,17.0,2026-05-23,13750.0,,0
CUST-104903,2025-07-15,Affiliate,Mumbai,Male,18,0,Premium,Two-Year,UPI,Yes,1,868.0,1,1,10,21.0,2026-05-02,8680.0,,0
CUST-104904,2026-02-03,Referral,Delhi,Female,50,0,Basic,Monthly,UPI,Yes,2,297.0,1,1,3,31.0,2026-05-11,891.0,,0
CUST-104905,2025-10-30,Paid Search,Bengaluru,Male,31,0,Premium,Two-Year,UPI,Yes,2,934.0,1,0,7,17.0,2026-05-17,6538.0,,0
CUST-104906,2025-07-06,Affiliate,Delhi,Female,37,0,Basic,Monthly,Net Banking,Yes,0,209.0,1,1,2,7.0,2025-09-04,418.0,2025-09-04,1
CUST-104907,2025-06-02,Organic Search,Kolkata,Female,35,0,Standard,Monthly,Credit Card,Yes,3,673.0,1,1,11,24.0,2026-05-25,7403.0,,0
CUST-104908,2025-11-18,Referral,Bengaluru,Male,42,0,Premium,Annual,Credit Card,No,1,868.0,1,1,6,16.0,2026-05-22,5208.0,,0
CUST-104909,2024-11-02,Organic Search,Ahmedabad,Female,42,0,Basic,Monthly,Credit Card,No,0,215.0,1,1,18,25.0,2026-04-26,3870.0,2026-04-26,1
CUST-104910,2024-08-30,Organic Search,Surat,Male,24,0,Standard,Annual,Wallet,Yes,2,608.0,1,1,21,26.0,2026-05-18,12768.0,,0
CUST-104911,2025-02-14,Paid Social,Chennai,Male,18,0,Premium,Monthly,UPI,Yes,1,848.0,1,0,15,19.0,2026-05-07,12720.0,,0
CUST-104912,2024-09-22,Paid Social,Pune,Female,41,0,Basic,Monthly,UPI,No,2,315.0,1,1,9,8.0,2025-06-19,2835.0,2025-06-19,1
CUST-104913,2024-12-14,Email,Hyderabad,Female,47,0,Basic,Monthly,Net Banking,Yes,0,166.0,1,1,17,12.0,2026-05-13,2822.0,,0
CUST-104914,2026-03-03,Paid Social,Ahmedabad,Male,57,0,Premium,Two-Year,Credit Card,Yes,3,984.0,1,0,2,28.0,2026-05-21,1968.0,,0
CUST-104915,2025-05-17,Affiliate,Hyderabad,Female,28,0,Standard,Two-Year,Wallet,No,3,693.0,1,1,12,21.0,2026-05-07,8316.0,,0
CUST-104916,2025-05-07,Referral,Mumbai,Female,22,0,Premium,Monthly,Debit Card,No,1,868.0,1,0,12,1.0,2026-05-12,10416.0,,0
CUST-104917,2025-11-29,Paid Search,Bengaluru,Male,49,0,Premium,Monthly,Debit Card,No,0,806.0,0,0,6,26.0,2026-05-04,4836.0,,0
CUST-104918,2025-01-02,Email,Mumbai,Female,64,1,Standard,Monthly,Credit Card,Yes,2,634.0,1,1,5,18.0,2025-06-01,3170.0,2025-06-01,1
CUST-104919,2025-10-29,Paid Social,Hyderabad,Female,30,0,Standard,Monthly,UPI,Yes,0,497.0,1,1,3,17.0,2026-01-27,1491.0,2026-01-27,1
CUST-104920,2025-06-14,Paid Social,MUMBAI,Female,22,0,Standard,Two-Year,Wallet,No,1,535.0,0,0,11,19.0,2026-05-16,5885.0,,0
CUST-104921,2025-07-23,Organic Search,Mumbai,Female,38,0,Basic,Annual,Credit Card,Yes,1,261.0,1,0,10,18.0,2026-05-02,2610.0,,0
CUST-104922,2025-02-26,Paid Social,Ahmedabad,Male,47,0,Standard,Annual,UPI,No,0,519.0,1,0,15,24.0,2026-05-10,7785.0,,0
CUST-104923,2026-04-10,Affiliate,Hyderabad,Female,50,0,Premium,Monthly,UPI,Yes,0,804.0,1,1,1,12.0,2026-05-10,804.0,2026-05-10,1
CUST-104924,2026-05-11,Paid Social,Delhi,Male,23,0,Premium,Annual,UPI,No,3,973.0,1,0,0,18.0,2026-05-06,973.0,,0
CUST-104925,2024-08-31,Paid Social,Bengaluru,Female,52,0,Premium,Two-Year,UPI,Yes,2,931.0,1,1,21,39.0,2026-05-17,19551.0,,0
CUST-104926,2024-10-22,Organic Search,Delhi,Female,35,0,Premium,Two-Year,UPI,Yes,1,865.0,1,1,19,8.0,2026-05-26,16435.0,,0
CUST-104927,2025-11-28,Paid Social,Chennai,Female,19,0,Basic,Annual,UPI,No,0,196.0,1,1,6,18.0,2026-05-17,1176.0,,0
CUST-104928,2025-06-22,Referral,Mumbai,Male,65,1,Standard,Monthly,Net Banking,No,0,501.0,1,0,11,18.0,2026-05-06,5511.0,,0
CUST-104929,2025-12-14,Paid Social,Jaipur,Male,45,0,Basic,Two-Year,Credit Card,Yes,2,314.0,1,1,5,26.0,2026-05-08,1570.0,,0
CUST-104930,2025-01-29,Referral,Delhi,Female,33,0,Standard,Monthly,UPI,No,2,628.0,1,1,16,34.0,2026-05-14,10048.0,,0
CUST-104931,2025-09-15,Paid Search,Ahmedabad,Male,60,1,Premium,Monthly,UPI,No,0,786.0,1,1,8,16.0,2026-05-31,6288.0,,0
CUST-104932,2024-09-29,Referral,Mumbai,Male,59,0,Premium,Monthly,Debit Card,Yes,2,924.0,1,0,20,10.0,2026-05-20,18480.0,,0
CUST-104933,2026-05-03,Organic Search,Ahmedabad,Male,28,0,Premium,Annual,Debit Card,Yes,2,932.0,1,1,0,23.0,2026-05-28,932.0,,0
CUST-104934,2025-10-10,Paid Search,Bengaluru,Female,67,1,Basic,Annual,UPI,No,0,203.0,1,1,7,16.0,2026-05-22,1421.0,,0
CUST-104935,2025-09-14,Organic Search,Mumbai,Male,45,0,Standard,Two-Year,Wallet,Yes,0,503.0,1,0,8,24.0,2026-05-02,4024.0,,0
CUST-104936,2024-09-08,Paid Social,Kolkata,Female,31,0,Basic,Two-Year,UPI,No,0,200.0,0,0,20,22.0,2026-05-10,4000.0,,0
CUST-104937,2026-03-13,Referral,Bengaluru,Male,41,0,Standard,Annual,UPI,No,0,507.0,1,0,2,15.0,2026-05-29,1014.0,,0
CUST-104938,2024-12-18,Paid Search,Mumbai,Female,27,0,Basic,Two-Year,UPI,Yes,0,194.0,1,1,17,14.0,2026-05-19,3298.0,,0
CUST-104939,2024-08-29,Organic Search,Bengaluru,Male,62,1,Premium,Monthly,Wallet,No,3,977.0,0,0,21,21.0,2026-05-14,20517.0,,0
CUST-104940,2025-05-22,Affiliate,Mumbai,Male,31,0,Standard,Monthly,Net Banking,No,3,665.0,1,0,12,21.0,2026-05-06,7980.0,,0
CUST-104941,2026-05-06,Organic Search,Mumbai,Male,40,0,Standard,Monthly,Debit Card,Yes,3,675.0,1,1,0,11.0,2026-05-21,675.0,,0
CUST-104942,2025-04-05,Paid Search,Delhi,Male,21,0,Premium,Annual,Credit Card,No,3,949.0,1,1,13,13.0,2026-05-03,12337.0,,0
CUST-104943,2024-06-06,Email,Ahmedabad,Female,67,1,Basic,Two-Year,UPI,No,1,259.0,1,1,23,23.0,2026-05-04,5957.0,,0
CUST-104944,2026-03-26,Paid Search,Mumbai,Female,33,0,Standard,Annual,UPI,Yes,1,568.0,1,0,2,11.0,2026-05-05,1136.0,,0
CUST-104945,2025-09-20,Affiliate,Jaipur,Female,51,0,Premium,Two-Year,UPI,Yes,2,918.0,1,0,8,12.0,2026-05-21,7344.0,,0
CUST-104946,2025-09-18,Paid Search,Pune,Female,36,0,Premium,Monthly,Net Banking,Yes,3,993.0,1,0,8,23.0,2026-05-18,7944.0,,0
CUST-104947,2025-07-11,Referral,Jaipur,Female,47,0,Basic,Annual,Debit Card,Yes,2,339.0,1,1,10,13.0,2026-05-20,3390.0,,0
CUST-104948,2024-07-21,Paid Search,Mumbai,Female,47,0,Standard,Monthly,Credit Card,Yes,2,619.0,1,0,22,16.0,2026-05-05,13618.0,,0
CUST-104949,2025-10-24,Referral,Kolkata,Female,33,0,Basic,Annual,Wallet,No,3,364.0,0,0,7,28.0,2026-05-29,2548.0,,0
CUST-104950,2024-09-13,Organic Search,Delhi,Male,40,0,Basic,Annual,UPI,Yes,3,395.0,1,0,20,15.0,2026-05-14,7900.0,,0
CUST-104951,2024-10-30,Referral,Mumbai,Male,49,0,Basic,Monthly,UPI,Yes,2,332.0,1,1,19,25.0,2026-05-31,6308.0,,0
CUST-104952,2025-08-02,Organic Search,Chennai,Female,29,0,Standard,Monthly,UPI,Yes,3,686.0,1,1,9,28.0,2026-05-26,6174.0,,0
CUST-104953,2025-06-13,Email,Ahmedabad,Female,24,0,Basic,Monthly,Wallet,No,2,311.0,1,1,3,11.0,2025-09-11,933.0,2025-09-11,1
CUST-104954,2024-11-12,Organic Search,Delhi,Female,27,0,Standard,Two-Year,UPI,No,2,625.0,1,1,18,32.0,2026-05-31,11250.0,,0
CUST-104955,2024-07-19,Organic Search,Chennai,Male,39,0,Basic,Annual,UPI,No,3,374.0,1,1,22,18.0,2026-05-29,8228.0,,0
CUST-104956,2024-10-21,Affiliate,Pune,Female,29,0,Basic,Monthly,UPI,No,2,308.0,1,0,19,22.0,2026-05-02,5852.0,,0
CUST-104957,2024-07-03,Organic Search,Bengaluru,Male,32,0,Standard,Two-Year,Wallet,Yes,2,624.0,1,0,22,14.0,2026-05-30,13728.0,,0
CUST-104958,2026-05-21,Paid Social,Delhi,Male,53,0,Basic,Monthly,UPI,No,3,364.0,1,1,0,14.0,2026-05-21,364.0,2026-05-21,1
CUST-104959,2024-07-28,Referral,Ahmedabad,Female,52,0,Basic,Monthly,Debit Card,No,2,330.0,1,0,22,30.0,2026-05-04,7260.0,,0
CUST-104960,2025-10-31,Organic Search,Surat,Female,67,1,Basic,Annual,Net Banking,No,1,263.0,1,1,6,31.0,2026-04-29,1578.0,2026-04-29,1
CUST-104961,2025-03-01,Organic Search,Mumbai,Male,57,0,Basic,Monthly,Debit Card,No,1,257.0,1,1,9,26.0,2025-11-26,2313.0,2025-11-26,1
CUST-104962,2025-01-07,Paid Social,Mumbai,Male,40,0,Standard,Monthly,UPI,Yes,1,558.0,1,0,16,11.0,2026-05-30,8928.0,,0
CUST-104963,2024-06-03,Organic Search,Mumbai,Female,66,1,Premium,Annual,UPI,Yes,3,963.0,1,1,23,16.0,2026-05-15,22149.0,,0
CUST-104964,2024-06-21,Organic Search,Kolkata,Male,65,1,Standard,Monthly,UPI,Yes,3,664.0,1,1,22,10.0,2026-04-12,14608.0,2026-04-12,1
CUST-104965,2026-05-28,Organic Search,Hyderabad,Male,29,0,Basic,Monthly,Net Banking,Yes,1,285.0,1,1,0,18.0,2026-05-07,285.0,,0
CUST-104966,2026-01-01,Paid Social,Bengaluru,Female,26,0,Basic,Monthly,Net Banking,Yes,1,257.0,1,1,3,4.0,2026-04-01,771.0,2026-04-01,1
CUST-104967,2024-12-23,Paid Social,Jaipur,Female,64,1,Premium,Two-Year,UPI,No,2,898.0,0,0,17,16.0,2026-05-07,15266.0,,0
CUST-104968,2025-07-26,Organic Search,Ahmedabad,Male,64,1,Basic,Monthly,UPI,Yes,1,273.0,1,1,10,21.0,2026-05-28,2730.0,,0
CUST-104969,2026-03-16,Paid Search,Kolkata,Male,61,1,Basic,Two-Year,UPI,Yes,2,304.0,1,1,0,14.0,2026-03-16,304.0,2026-03-16,1
CUST-104970,2025-01-13,Paid Search,Ahmedabad,Female,41,0,Basic,Annual,Credit Card,No,0,208.0,0,0,16,16.0,2026-05-12,3328.0,,0
CUST-104971,2026-05-02,Organic Search,Delhi,Male,62,1,Standard,Monthly,UPI,Yes,2,641.0,1,1,0,15.0,2026-05-02,641.0,2026-05-02,1
CUST-104972,2025-06-20,Paid Social,Ahmedabad,Male,57,0,Standard,Monthly,Wallet,Yes,0,496.0,1,1,11,19.0,2026-05-05,5456.0,,0
CUST-104973,2025-04-28,Affiliate,Surat,Male,56,0,Basic,Monthly,UPI,No,1,276.0,1,1,2,17.0,2025-06-27,552.0,2025-06-27,1
CUST-104974,2026-03-16,Paid Search,Jaipur,Male,49,0,Basic,Annual,UPI,Yes,2,330.0,1,1,2,17.0,2026-05-10,660.0,,0
CUST-104975,2025-04-30,Paid Social,Pune,Female,31,0,Standard,Monthly,Credit Card,Yes,1,583.0,1,1,13,7.0,2026-05-23,7579.0,,0
CUST-104976,2024-07-17,Paid Social,Mumbai,Male,56,0,Basic,Annual,Wallet,Yes,3,388.0,1,0,22,35.0,2026-05-17,8536.0,,0
CUST-104977,2024-09-16,Organic Search,Mumbai,Female,63,1,Standard,Annual,UPI,Yes,0,491.0,1,0,20,11.0,2026-05-02,9820.0,,0
CUST-104978,2025-11-16,Affiliate,Bengaluru,Male,63,1,Premium,Monthly,Net Banking,Yes,1,828.0,1,0,6,8.0,2026-05-29,4968.0,,0
CUST-104979,2025-09-04,Affiliate,Delhi,Female,49,0,Basic,Two-Year,Credit Card,Yes,3,367.0,1,1,8,32.0,2026-05-18,2936.0,,0
CUST-104980,2026-02-19,Affiliate,Ahmedabad,Female,20,0,Basic,Monthly,Credit Card,No,1,251.0,1,0,3,14.0,2026-05-22,753.0,,0
CUST-104981,2024-10-22,Organic Search,Pune,Female,56,0,Standard,Annual,Credit Card,Yes,0,514.0,1,1,19,24.0,2026-05-27,9766.0,,0
CUST-104982,2025-06-15,Paid Social,Pune,Female,31,0,Standard,Monthly,Net Banking,Yes,2,637.0,1,1,11,20.0,2026-05-18,7007.0,,0
CUST-104983,2025-03-01,Organic Search,Kolkata,Male,28,0,Standard,Monthly,Credit Card,Yes,3,663.0,0,0,14,22.0,2026-05-25,9282.0,,0
CUST-104984,2026-05-02,Paid Social,Bengaluru,Male,22,0,Basic,Annual,UPI,No,3,397.0,1,0,0,25.0,2026-05-13,397.0,,0
CUST-104985,2026-01-04,Paid Social,Delhi,Female,26,0,Basic,Monthly,Debit Card,Yes,3,367.0,1,1,4,20.0,2026-05-25,1468.0,,0
CUST-104986,2024-11-16,Paid Search,Bengaluru,Female,43,0,Standard,Two-Year,UPI,No,1,546.0,1,1,18,13.0,2026-05-21,9828.0,,0
CUST-104987,2025-11-24,Organic Search,Mumbai,Female,32,0,Basic,Annual,UPI,No,3,358.0,1,0,6,19.0,2026-05-27,2148.0,,0
CUST-104988,2025-11-08,Affiliate,Pune,Male,37,0,Basic,Annual,UPI,Yes,0,204.0,1,1,6,2.0,2026-05-17,1224.0,,0
CUST-104989,2025-03-12,Organic Search,Chennai,Male,44,0,Basic,Monthly,Credit Card,No,0,190.0,1,1,1,20.0,2025-04-11,190.0,2025-04-11,1
CUST-104990,2025-04-06,Organic Search,Mumbai,Male,45,0,Standard,Two-Year,Net Banking,Yes,3,699.0,1,1,5,18.0,2025-09-03,3495.0,2025-09-03,1
CUST-104991,2024-11-20,Affiliate,Delhi,Female,39,0,Basic,Two-Year,Credit Card,No,0,185.0,0,0,18,8.0,2026-05-08,3330.0,,0
CUST-104992,2025-03-04,Referral,Kolkata,Male,41,0,Standard,Monthly,Credit Card,No,2,630.0,1,1,14,24.0,2026-05-11,8820.0,,0
CUST-104993,2024-08-13,Paid Social,Bengaluru,Male,64,1,Standard,Monthly,UPI,Yes,2,601.0,1,1,21,19.0,2026-05-27,12621.0,,0
CUST-104994,2025-09-07,Paid Search,Bengaluru,Female,32,0,Premium,Two-Year,Wallet,Yes,0,814.0,1,1,8,25.0,2026-05-16,6512.0,,0
CUST-104995,2025-06-01,Organic Search,Hyderabad,Male,18,0,Standard,Monthly,UPI,Yes,0,501.0,1,1,11,1.0,2026-05-17,5511.0,,0
CUST-104996,2025-08-19,Organic Search,Bengaluru,Female,59,0,Standard,Monthly,UPI,Yes,0,503.0,1,1,4,14.0,2025-12-17,2012.0,2025-12-17,1
CUST-104997,2026-05-03,Paid Social,Ahmedabad,Male,22,0,Basic,Two-Year,Net Banking,Yes,3,374.0,1,1,0,18.0,2026-05-21,374.0,,0
CUST-104998,2025-02-23,Paid Social,Chennai,Female,58,0,Standard,Monthly,Net Banking,No,0,493.0,1,1,15,20.0,2026-05-07,7395.0,,0
CUST-104999,2024-09-01,Paid Search,Jaipur,Male,34,0,Standard,Two-Year,UPI,Yes,2,626.0,1,1,20,23.0,2026-05-13,12520.0,,0
CUST-105000,2025-03-01,Organic Search,Ahmedabad,Female,61,1,Premium,Monthly,Credit Card,Yes,3,1006.0,1,1,14,34.0,2026-05-13,14084.0,,0
CUST-105001,2025-02-12,Paid Search,Ahmedabad,Female,26,0,Premium,Monthly,Net Banking,Yes,3,963.0,1,1,15,33.0,2026-05-21,14445.0,,0
CUST-105002,2025-05-16,Referral,Hyderabad,Male,26,0,Basic,Monthly,UPI,No,1,254.0,1,1,12,23.0,2026-05-09,3048.0,,0
CUST-105003,2026-02-06,Organic Search,Pune,Male,39,0,Premium,Monthly,Wallet,Yes,3,970.0,1,1,0,23.0,2026-02-06,970.0,2026-02-06,1
CUST-105004,2026-05-25,Organic Search,Delhi,Female,39,0,Standard,Two-Year,UPI,Yes,1,536.0,1,1,0,9.0,2026-05-25,536.0,2026-05-25,1
CUST-105005,2025-09-05,Paid Social,Bengaluru,Female,55,0,Standard,Annual,Credit Card,No,3,656.0,1,1,5,26.0,2026-02-02,3280.0,2026-02-02,1
CUST-105006,2026-01-04,Referral,Hyderabad,Male,51,0,Standard,Two-Year,UPI,Yes,1,548.0,1,1,4,35.0,2026-05-08,2192.0,,0
CUST-105007,2024-12-28,Paid Search,Bengaluru,Female,69,1,Basic,Monthly,UPI,Yes,0,193.0,1,1,17,25.0,2026-05-28,3281.0,,0
CUST-105008,2025-02-23,Referral,Mumbai,Male,53,0,Premium,Two-Year,UPI,No,2,940.0,1,1,6,18.0,2025-08-22,5640.0,2025-08-22,1
CUST-105009,2026-03-02,Paid Social,Ahmedabad,Male,28,0,Basic,Annual,UPI,No,3,394.0,1,1,2,21.0,2026-05-10,788.0,,0
CUST-105010,2025-02-20,Organic Search,Delhi,Male,22,0,Standard,Monthly,Wallet,Yes,2,607.0,1,1,15,32.0,2026-05-07,9105.0,,0
CUST-105011,2025-02-26,Paid Search,Jaipur,Male,31,0,Basic,Monthly,Credit Card,Yes,0,211.0,1,1,15,9.0,2026-05-19,3165.0,,0
CUST-105012,2026-03-16,Organic Search,Bengaluru,Male,69,1,Basic,Monthly,UPI,Yes,3,367.0,1,1,2,23.0,2026-05-14,734.0,,0
CUST-105013,2026-01-06,Referral,Delhi,Male,57,0,Standard,Monthly,Credit Card,No,3,678.0,1,1,4,18.0,2026-05-04,2712.0,,0
CUST-105014,2025-12-21,Organic Search,Kolkata,Male,56,0,Standard,Two-Year,UPI,Yes,3,684.0,1,1,5,20.0,2026-05-31,3420.0,,0
CUST-105015,2025-11-11,Paid Social,Delhi,Male,32,0,Premium,Two-Year,Debit Card,No,2,951.0,1,1,6,24.0,2026-05-13,5706.0,,0
CUST-105016,2025-09-20,Paid Search,Bengaluru,Female,42,0,Standard,Monthly,Credit Card,Yes,1,563.0,1,1,8,21.0,2026-05-07,4504.0,,0
CUST-105017,2025-07-07,Paid Social,Ahmedabad,Female,54,0,Standard,Monthly,UPI,Yes,0,477.0,1,1,9,11.0,2026-04-03,4293.0,2026-04-03,1
CUST-105018,2025-11-03,Paid Search,Hyderabad,Male,67,1,Premium,Monthly,Debit Card,Yes,3,990.0,1,1,6,28.0,2026-05-24,5940.0,,0
CUST-105019,2024-06-26,Paid Social,Hyderabad,Male,48,0,Standard,Annual,UPI,Yes,1,576.0,1,1,23,24.0,2026-05-12,13248.0,,0
CUST-105020,2024-07-12,Affiliate,Chennai,Female,19,0,Standard,Annual,Net Banking,No,2,632.0,1,1,22,26.0,2026-05-15,13904.0,,0
CUST-105021,2026-02-25,Affiliate,Delhi,Male,62,1,Premium,Annual,Credit Card,Yes,2,904.0,1,0,3,22.0,2026-05-31,2712.0,,0
CUST-105022,2024-08-07,Affiliate,Delhi,Female,66,1,Standard,Annual,UPI,No,3,681.0,1,1,21,34.0,2026-05-30,14301.0,,0
CUST-105023,2025-09-17,Paid Search,Mumbai,Male,19,0,Standard,Two-Year,UPI,Yes,1,559.0,1,0,8,12.0,2026-05-08,4472.0,,0
CUST-105024,2025-01-17,Paid Search,Surat,Male,38,0,Standard,Monthly,UPI,Yes,3,706.0,1,0,16,22.0,2026-05-18,11296.0,,0
CUST-105025,2025-11-27,Paid Search,Ahmedabad,Male,68,1,Standard,Monthly,Wallet,Yes,2,628.0,1,1,6,15.0,2026-05-02,3768.0,,0
CUST-105026,2025-05-11,Paid Social,Pune,Female,67,1,Standard,Annual,Net Banking,Yes,0,525.0,1,0,12,19.0,2026-05-07,6300.0,,0
CUST-105027,2025-01-07,Paid Social,Hyderabad,Male,68,1,Standard,Two-Year,Wallet,No,0,488.0,1,0,16,24.0,2026-05-12,7808.0,,0
CUST-105028,2025-11-01,Paid Search,Mumbai,Male,68,1,Standard,Annual,Debit Card,Yes,2,616.0,1,0,6,11.0,2026-05-19,3696.0,,0
CUST-105029,2026-05-16,Organic Search,Delhi,Male,19,0,Basic,Two-Year,Wallet,Yes,1,251.0,1,1,0,19.0,2026-05-06,251.0,,0
CUST-105030,2025-12-23,Organic Search,Ahmedabad,Female,25,0,Basic,Two-Year,UPI,Yes,0,214.0,1,1,5,14.0,2026-05-25,1070.0,,0
CUST-105031,2024-11-14,Affiliate,Bengaluru,Male,43,0,Standard,Monthly,Debit Card,Yes,2,636.0,1,1,18,29.0,2026-05-06,11448.0,,0
CUST-105032,2026-03-08,Organic Search,Surat,Female,49,0,Basic,Annual,UPI,Yes,3,385.0,1,1,2,34.0,2026-05-18,770.0,,0
CUST-105033,2026-05-30,Paid Search,Delhi,Male,38,0,Basic,Two-Year,Net Banking,No,0,200.0,1,1,0,9.0,2026-05-30,200.0,2026-05-30,1
CUST-105034,2024-12-15,Paid Search,Surat,Male,31,0,Basic,Monthly,Wallet,No,3,385.0,1,0,17,25.0,2026-05-02,6545.0,,0
CUST-105035,2025-09-17,Organic Search,Ahmedabad,Male,31,0,Basic,Annual,Debit Card,No,2,298.0,0,0,8,44.0,2026-05-12,2384.0,,0
CUST-105036,2025-11-28,Affiliate,Delhi,Female,49,0,Premium,Monthly,Net Banking,Yes,3,973.0,1,0,6,20.0,2026-05-24,5838.0,,0
CUST-105037,2025-08-28,Organic Search,Kolkata,Male,68,1,Standard,Annual,Net Banking,Yes,2,614.0,1,1,4,21.0,2025-12-26,2456.0,2025-12-26,1
CUST-105038,2026-05-27,Affiliate,Kolkata,Male,60,1,Standard,Monthly,UPI,No,1,559.0,1,1,0,18.0,2026-05-27,559.0,2026-05-27,1
CUST-105039,2024-12-02,Referral,Delhi,Female,27,0,Basic,Monthly,Credit Card,Yes,3,369.0,1,1,17,30.0,2026-05-15,6273.0,,0
CUST-105040,2024-10-30,Organic Search,Pune,Male,25,0,Basic,Annual,Debit Card,No,2,306.0,1,1,19,31.0,2026-05-17,5814.0,,0
CUST-105041,2026-03-08,Organic Search,Kolkata,Male,31,0,Basic,Annual,Debit Card,No,3,355.0,1,1,2,35.0,2026-05-21,710.0,,0
CUST-105042,2024-07-21,Paid Social,Hyderabad,Male,56,0,Basic,Monthly,Credit Card,No,1,265.0,1,0,22,7.0,2026-05-20,5830.0,,0
CUST-105043,2024-06-23,Paid Social,Pune,Female,18,0,Basic,Monthly,UPI,Yes,2,298.0,1,0,23,24.0,2026-05-14,6854.0,,0
CUST-105044,2026-03-16,Organic Search,Mumbai,Male,54,0,Standard,Two-Year,UPI,No,2,634.0,1,1,2,21.0,2026-05-11,1268.0,,0
CUST-105045,2026-02-09,Email,Ahmedabad,Female,48,0,Basic,Two-Year,Wallet,Yes,2,324.0,1,1,3,20.0,2026-05-26,972.0,,0
CUST-105046,2024-09-07,Organic Search,Pune,Female,52,0,Standard,Annual,Debit Card,Yes,3,692.0,1,1,20,22.0,2026-05-12,13840.0,,0
CUST-105047,2026-01-24,Affiliate,Bengaluru,Male,62,1,Standard,Monthly,Debit Card,No,2,606.0,1,0,4,22.0,2026-05-22,2424.0,,0
CUST-105048,2025-11-07,Organic Search,Mumbai,Male,48,0,Basic,Annual,UPI,Yes,3,407.0,1,1,6,20.0,2026-05-18,2442.0,,0
CUST-105049,2026-03-23,Email,Delhi,Female,50,0,Premium,Annual,UPI,Yes,1,892.0,1,1,2,28.0,2026-05-28,1784.0,,0
CUST-105050,2025-03-10,Organic Search,Delhi,Female,42,0,Standard,Monthly,Credit Card,Yes,0,499.0,1,1,12,15.0,2026-03-05,5988.0,2026-03-05,1
CUST-105051,2025-01-23,Paid Social,Bengaluru,Female,51,0,Basic,Monthly,UPI,Yes,3,385.0,1,1,16,28.0,2026-05-04,6160.0,,0
CUST-105052,2025-02-15,Paid Search,Delhi,Male,37,0,Standard,Monthly,UPI,Yes,2,619.0,1,1,15,25.0,2026-05-05,9285.0,,0
CUST-105053,2025-09-22,Organic Search,Delhi,Female,21,0,Standard,Monthly,UPI,Yes,1,574.0,1,1,8,12.0,2026-05-04,4592.0,,0
CUST-105054,2026-04-17,Affiliate,Ahmedabad,Female,19,0,Standard,Annual,UPI,Yes,0,511.0,1,1,1,10.0,2026-05-18,511.0,,0
CUST-105055,2026-04-17,Paid Social,Kolkata,Female,55,0,Premium,Monthly,UPI,Yes,0,772.0,1,0,1,19.0,2026-05-28,772.0,,0
CUST-105056,2025-02-11,Paid Search,Pune,Male,51,0,Basic,Monthly,Debit Card,Yes,1,247.0,1,1,15,9.0,2026-05-22,3705.0,,0
CUST-105057,2024-07-20,Paid Search,Mumbai,Female,39,0,Basic,Monthly,Credit Card,No,1,265.0,1,1,22,19.0,2026-05-18,5830.0,,0
CUST-105058,2025-03-25,Paid Search,Delhi,Female,56,0,Premium,Annual,Credit Card,Yes,2,931.0,1,1,14,18.0,2026-05-28,13034.0,,0
CUST-105059,2025-04-23,Organic Search,Delhi,Female,42,0,Standard,Annual,Wallet,Yes,1,561.0,1,1,2,16.0,2025-06-22,1122.0,2025-06-22,1
CUST-105060,2024-06-12,Organic Search,Pune,Female,31,0,Premium,Monthly,Credit Card,No,0,774.0,1,1,0,18.0,2024-06-12,774.0,2024-06-12,1
CUST-105061,2026-05-14,Organic Search,Pune,Female,48,0,Standard,Monthly,Net Banking,No,3,687.0,1,1,0,30.0,2026-05-14,687.0,2026-05-14,1
CUST-105062,2024-10-12,Paid Social,Pune,Male,37,0,Standard,Monthly,UPI,Yes,1,586.0,1,0,19,18.0,2026-05-31,11134.0,,0
CUST-105063,2025-07-27,Organic Search,Hyderabad,Male,68,1,Standard,Annual,UPI,Yes,1,525.0,1,0,10,9.0,2026-05-07,5250.0,,0
CUST-105064,2025-02-19,Email,Ahmedabad,Male,55,0,Basic,Monthly,UPI,Yes,3,393.0,1,0,15,22.0,2026-05-14,5895.0,,0
CUST-105065,2025-11-02,Paid Search,Delhi,Female,56,0,Basic,Monthly,Wallet,Yes,1,286.0,1,1,2,23.0,2026-01-01,572.0,2026-01-01,1
CUST-105066,2025-09-29,Paid Search,Ahmedabad,Male,53,0,Basic,Monthly,Wallet,Yes,1,273.0,1,1,4,14.0,2026-01-27,1092.0,2026-01-27,1
CUST-105067,2026-03-27,Paid Social,Bengaluru,Female,53,0,Basic,Monthly,Credit Card,Yes,1,258.0,1,0,2,14.0,2026-05-22,516.0,,0
CUST-105068,2024-07-17,Paid Social,Delhi,Female,58,0,Standard,Monthly,Net Banking,No,3,692.0,1,0,22,17.0,2026-05-06,15224.0,,0
CUST-105069,2024-12-21,Paid Search,Hyderabad,Female,40,0,Standard,Annual,UPI,Yes,2,618.0,1,1,17,29.0,2026-05-20,10506.0,,0
CUST-105070,2025-02-10,Paid Social,Mumbai,Female,60,1,Premium,Monthly,Credit Card,Yes,1,867.0,1,1,15,10.0,2026-05-06,13005.0,2026-05-06,1
CUST-105071,2026-03-17,Paid Social,Pune,Female,19,0,Basic,Annual,UPI,Yes,1,260.0,1,1,2,15.0,2026-05-13,520.0,,0
CUST-105072,2025-02-22,Paid Social,Delhi,Male,52,0,Standard,Monthly,Credit Card,Yes,1,561.0,0,0,15,9.0,2026-05-02,8415.0,,0
CUST-105073,2025-06-08,Paid Search,Delhi,Male,46,0,Basic,Annual,UPI,Yes,2,308.0,1,1,11,27.0,2026-05-22,3388.0,,0
CUST-105074,2025-12-29,Email,Hyderabad,Male,18,0,Standard,Monthly,Credit Card,Yes,0,492.0,1,0,5,8.0,2026-05-15,2460.0,,0
CUST-105075,2026-04-01,Organic Search,Ahmedabad,Female,52,0,Basic,Annual,Credit Card,Yes,3,403.0,0,0,1,17.0,2026-05-04,403.0,,0
CUST-105076,2024-12-18,Paid Social,Delhi,Male,18,0,Standard,Monthly,Credit Card,No,1,550.0,1,0,17,12.0,2026-05-30,9350.0,,0
CUST-105077,2025-09-26,Organic Search,Delhi,Male,54,0,Standard,Monthly,UPI,No,2,590.0,1,1,8,21.0,2026-05-06,4720.0,,0
CUST-105078,2026-03-13,Paid Social,Hyderabad,Female,45,0,Basic,Annual,Credit Card,No,3,432.0,1,1,2,19.0,2026-05-23,864.0,,0
CUST-105079,2024-12-14,Referral,Mumbai,Male,49,0,Standard,Monthly,UPI,Yes,1,552.0,1,1,17,19.0,2026-05-05,9384.0,,0
CUST-105080,2026-04-20,Organic Search,Jaipur,Female,49,0,Basic,Monthly,UPI,Yes,2,315.0,1,1,1,6.0,2026-05-13,315.0,,0
CUST-105081,2025-03-15,Paid Search,Surat,Male,33,0,Basic,Monthly,Credit Card,No,2,313.0,1,1,10,25.0,2026-01-09,3130.0,2026-01-09,1
CUST-105082,2024-11-09,Paid Social,Chennai,Female,50,0,Premium,Two-Year,UPI,Yes,2,919.0,1,1,18,24.0,2026-05-09,16542.0,,0
CUST-105083,2026-01-02,Organic Search,Delhi,Male,29,0,Basic,Two-Year,Credit Card,No,1,248.0,1,1,4,20.0,2026-05-26,992.0,,0
CUST-105084,2025-03-03,Email,Pune,Female,57,0,Basic,Annual,UPI,Yes,2,341.0,1,1,14,4.0,2026-05-29,4774.0,,0
CUST-105085,2025-03-30,Paid Social,Ahmedabad,Female,22,0,Premium,Monthly,Credit Card,Yes,2,916.0,1,1,14,18.0,2026-05-16,12824.0,,0
CUST-105086,2025-11-17,Referral,Kolkata,Male,25,0,Basic,Monthly,Credit Card,Yes,1,243.0,0,0,6,12.0,2026-05-14,1458.0,,0
CUST-105087,2024-11-09,Paid Social,Bengaluru,Male,54,0,Basic,Annual,UPI,Yes,3,336.0,1,1,18,19.0,2026-05-25,6048.0,,0
CUST-105088,2024-12-13,Email,Mumbai,Female,20,0,Standard,Monthly,UPI,No,0,515.0,1,1,17,15.0,2026-05-15,8755.0,,0
CUST-105089,2025-11-04,Paid Social,Delhi,Male,68,1,Standard,Monthly,Credit Card,No,3,672.0,1,1,4,28.0,2026-03-04,2688.0,2026-03-04,1
CUST-105090,2026-01-24,Paid Social,Chennai,Female,19,0,Standard,Annual,Net Banking,No,1,565.0,1,1,2,32.0,2026-03-25,1130.0,2026-03-25,1
CUST-105091,2024-10-10,Referral,Kolkata,Male,45,0,Standard,Monthly,UPI,No,3,665.0,1,1,19,32.0,2026-05-21,12635.0,,0
CUST-105092,2026-05-11,Paid Social,Bengaluru,Female,69,1,Premium,Annual,UPI,No,0,800.0,0,0,0,13.0,2026-05-04,800.0,,0
CUST-105093,2024-07-07,Paid Social,Bengaluru,Male,53,0,Basic,Annual,Net Banking,No,1,259.0,1,1,22,30.0,2026-05-19,5698.0,,0
CUST-105094,2025-09-04,Email,Hyderabad,Female,50,0,Standard,Annual,UPI,No,0,513.0,1,1,8,28.0,2026-05-07,4104.0,,0
CUST-105095,2025-04-02,Paid Search,Chennai,Female,54,0,Premium,Annual,UPI,No,3,981.0,1,0,13,24.0,2026-05-27,12753.0,,0
CUST-105096,2024-09-26,Referral,Hyderabad,Male,54,0,Basic,Monthly,UPI,Yes,2,302.0,1,1,20,9.0,2026-05-24,6040.0,,0
CUST-105097,2025-12-23,Paid Search,Delhi,Male,26,0,Premium,Annual,Wallet,No,1,895.0,1,1,5,13.0,2026-05-09,4475.0,,0
CUST-105098,2024-06-02,Affiliate,Pune,Female,34,0,Premium,Annual,Credit Card,Yes,2,926.0,1,1,23,6.0,2026-05-09,21298.0,,0
CUST-105099,2024-12-22,Affiliate,Kolkata,Female,27,0,Premium,Annual,UPI,Yes,0,785.0,1,1,17,14.0,2026-05-11,13345.0,,0
CUST-105100,2025-03-26,Paid Search,Mumbai,Female,29,0,Basic,Two-Year,Credit Card,Yes,2,322.0,1,1,14,22.0,2026-05-20,4508.0,,0
CUST-105101,2025-10-18,Paid Social,Delhi,Female,28,0,Standard,Two-Year,UPI,No,2,625.0,1,1,5,9.0,2026-03-17,3125.0,2026-03-17,1
CUST-105102,2024-11-13,Organic Search,Ahmedabad,Female,51,0,Premium,Annual,UPI,No,3,986.0,0,0,18,29.0,2026-05-02,17748.0,,0
CUST-105103,2024-07-09,Paid Search,Delhi,Female,66,1,Basic,Two-Year,Wallet,Yes,2,324.0,1,1,22,23.0,2026-05-20,7128.0,,0
CUST-105104,2025-12-17,Affiliate,Chennai,Female,47,0,Standard,Monthly,Credit Card,Yes,1,563.0,1,1,5,4.0,2026-05-28,2815.0,,0
CUST-105105,2024-07-31,Paid Social,Mumbai,Male,18,0,Basic,Two-Year,Debit Card,No,3,393.0,1,0,22,24.0,2026-05-04,8646.0,,0
CUST-105106,2025-05-09,Organic Search,Bengaluru,Male,53,0,Basic,Two-Year,Net Banking,No,3,390.0,1,1,12,11.0,2026-05-15,4680.0,,0
CUST-105107,2025-09-30,Paid Social,Ahmedabad,Female,46,0,Premium,Monthly,UPI,Yes,3,990.0,1,0,8,34.0,2026-05-29,7920.0,,0
CUST-105108,2025-09-04,Paid Search,Kolkata,Female,58,0,Premium,Annual,UPI,No,2,892.0,1,1,8,12.0,2026-05-29,7136.0,,0
CUST-105109,2024-08-16,Affiliate,Chennai,Male,37,0,Basic,Monthly,UPI,No,3,353.0,0,0,21,13.0,2026-05-26,7413.0,,0
CUST-105110,2025-08-16,Organic Search,Bengaluru,Male,40,0,Basic,Annual,Debit Card,Yes,2,307.0,1,1,9,18.0,2026-05-09,2763.0,,0
CUST-105111,2024-06-10,Paid Search,Hyderabad,Female,52,0,Standard,Monthly,UPI,Yes,2,615.0,1,0,23,19.0,2026-05-19,14145.0,,0
CUST-105112,2024-06-27,Referral,Ahmedabad,Female,54,0,Basic,Monthly,Credit Card,Yes,3,368.0,0,0,23,20.0,2026-05-25,8464.0,,0
CUST-105113,2024-11-20,Email,Chennai,Male,29,0,Standard,Monthly,UPI,No,2,604.0,0,0,18,9.0,2026-05-18,10872.0,,0
CUST-105114,2025-10-30,Organic Search,Hyderabad,Female,48,0,Standard,Monthly,UPI,No,2,623.0,1,1,7,19.0,2026-05-13,4361.0,,0
CUST-105115,2024-11-02,Email,Ahmedabad,Male,67,1,Basic,Two-Year,Credit Card,No,0,186.0,0,0,18,13.0,2026-05-04,3348.0,,0
CUST-105116,2026-01-23,Paid Search,Surat,Male,21,0,Standard,Monthly,UPI,No,0,463.0,1,0,4,10.0,2026-05-07,1852.0,,0
CUST-105117,2024-09-09,Referral,Ahmedabad,Female,35,0,Basic,Monthly,Net Banking,Yes,0,179.0,1,1,20,27.0,2026-05-13,3580.0,,0
CUST-105118,2025-05-10,Organic Search,Pune,Male,45,0,Basic,Two-Year,Wallet,Yes,1,250.0,1,1,12,17.0,2026-05-28,3000.0,,0
CUST-105119,2025-05-17,Paid Search,Mumbai,Female,66,1,Premium,Monthly,Wallet,Yes,0,795.0,1,1,12,12.0,2026-05-14,9540.0,,0
CUST-105120,2025-07-30,Paid Search,Hyderabad,Male,68,1,Basic,Monthly,Credit Card,Yes,2,332.0,1,1,10,21.0,2026-05-06,3320.0,,0
CUST-105121,2025-03-05,Paid Social,Ahmedabad,Female,48,0,Basic,Monthly,UPI,No,1,266.0,1,0,14,20.0,2026-05-10,3724.0,,0
CUST-105122,2024-09-13,Paid Social,Ahmedabad,Male,46,0,Standard,Two-Year,Credit Card,No,0,469.0,1,1,20,19.0,2026-05-20,9380.0,,0
CUST-105123,2025-11-13,Paid Search,Bengaluru,Female,39,0,Basic,Two-Year,UPI,Yes,3,401.0,1,0,6,7.0,2026-05-30,2406.0,,0
CUST-105124,2025-09-24,Paid Search,Surat,Female,41,0,Standard,Annual,Wallet,Yes,1,556.0,0,0,8,17.0,2026-05-02,4448.0,,0
CUST-105125,2025-09-22,Organic Search,Mumbai,Male,56,0,Premium,Monthly,Debit Card,Yes,2,920.0,1,1,3,17.0,2025-12-21,2760.0,2025-12-21,1
CUST-105126,2026-04-16,Paid Social,Pune,Female,46,0,Basic,Monthly,UPI,Yes,0,201.0,0,0,1,4.0,2026-05-16,201.0,,0
CUST-105127,2026-03-09,Organic Search,Bengaluru,Male,46,0,Basic,Annual,Debit Card,Yes,2,306.0,0,0,2,11.0,2026-05-26,612.0,,0
CUST-105128,2025-11-02,Affiliate,Chennai,Male,61,1,Basic,Monthly,UPI,Yes,3,387.0,1,1,6,30.0,2026-05-11,2322.0,,0
CUST-105129,2025-04-13,Email,Mumbai,Female,25,0,Standard,Monthly,Debit Card,Yes,0,470.0,1,1,13,18.0,2026-05-12,6110.0,,0
CUST-105130,2024-06-11,Paid Social,Bengaluru,Female,67,1,Basic,Monthly,Credit Card,Yes,0,219.0,1,0,23,10.0,2026-05-06,5037.0,,0
CUST-105131,2024-11-06,Organic Search,Jaipur,Female,54,0,Premium,Two-Year,Net Banking,No,2,922.0,1,0,18,24.0,2026-05-27,16596.0,,0
CUST-105132,2025-01-12,Organic Search,Delhi,Female,48,0,Basic,Annual,Wallet,Yes,2,324.0,1,1,16,30.0,2026-05-31,5184.0,,0
CUST-105133,2025-01-02,Paid Social,Delhi,Male,48,0,Standard,Monthly,UPI,Yes,2,627.0,1,1,16,22.0,2026-05-09,10032.0,,0
CUST-105134,2026-04-27,Affiliate,Kolkata,Male,47,0,Premium,Two-Year,Credit Card,No,1,852.0,0,0,1,28.0,2026-05-24,852.0,,0
CUST-105135,2024-07-17,Paid Search,Delhi,Male,47,0,Standard,Monthly,UPI,Yes,1,578.0,1,1,22,20.0,2026-05-15,12716.0,,0
CUST-105136,2025-10-01,Organic Search,Delhi,Male,36,0,Standard,Annual,Net Banking,Yes,0,488.0,0,0,7,22.0,2026-05-25,3416.0,,0
CUST-105137,2025-05-20,Organic Search,Delhi,Female,56,0,Basic,Monthly,Credit Card,No,0,184.0,1,1,12,14.0,2026-05-22,2208.0,,0
CUST-105138,2025-01-23,Organic Search,Chennai,Male,31,0,Basic,Two-Year,Wallet,No,2,321.0,0,0,16,28.0,2026-05-06,5136.0,,0
CUST-105139,2025-11-18,Affiliate,Jaipur,Female,51,0,Basic,Monthly,Net Banking,Yes,2,298.0,0,0,6,29.0,2026-05-31,1788.0,,0
CUST-105140,2025-08-12,Paid Search,Pune,Male,45,0,Basic,Two-Year,UPI,No,2,311.0,1,1,9,23.0,2026-05-20,2799.0,,0
CUST-105141,2026-02-05,Paid Search,Pune,Male,37,0,Standard,Annual,UPI,Yes,0,503.0,1,0,3,8.0,2026-05-21,1509.0,,0
CUST-105142,2024-09-28,Paid Social,Delhi,Female,59,0,Standard,Monthly,Debit Card,No,3,690.0,0,0,20,21.0,2026-05-03,13800.0,,0
CUST-105143,2024-12-15,Email,Ahmedabad,Male,34,0,Standard,Monthly,UPI,Yes,2,618.0,1,1,17,20.0,2026-05-06,10506.0,,0
CUST-105144,2026-04-06,Paid Social,Mumbai,Female,52,0,Premium,Annual,UPI,No,0,785.0,1,1,1,21.0,2026-05-09,785.0,,0
CUST-105145,2026-02-25,Affiliate,Mumbai,Female,31,0,Standard,Monthly,Credit Card,Yes,3,674.0,1,1,3,19.0,2026-05-20,2022.0,,0
CUST-105146,2025-03-12,Affiliate,Ahmedabad,Female,28,0,Basic,Monthly,Credit Card,Yes,2,309.0,1,0,14,21.0,2026-05-06,4326.0,,0
CUST-105147,2025-03-23,Paid Social,Pune,Female,47,0,Basic,Annual,Credit Card,Yes,0,198.0,0,0,14,20.0,2026-05-25,2772.0,,0
CUST-105148,2024-10-19,Affiliate,Mumbai,Female,68,1,Standard,Monthly,UPI,Yes,1,550.0,1,1,9,14.0,2025-07-16,4950.0,2025-07-16,1
CUST-105149,2024-07-29,Paid Social,Ahmedabad,Male,33,0,Basic,Monthly,UPI,Yes,0,184.0,1,1,22,17.0,2026-05-06,4048.0,,0
CUST-105150,2024-07-25,Paid Search,Delhi,Female,23,0,Basic,Annual,UPI,Yes,0,182.0,1,1,22,19.0,2026-05-13,4004.0,,0
CUST-105151,2024-06-05,Organic Search,Mumbai,Male,24,0,Standard,Monthly,Debit Card,Yes,2,591.0,1,1,7,5.0,2025-01-01,4137.0,2025-01-01,1
CUST-105152,2024-06-26,Paid Social,Mumbai,Male,43,0,Standard,Monthly,Credit Card,Yes,0,515.0,0,0,23,13.0,2026-05-27,11845.0,,0
CUST-105153,2025-02-28,Organic Search,Mumbai,Female,58,0,Basic,Monthly,Credit Card,Yes,0,210.0,1,1,15,5.0,2026-05-26,3150.0,,0
CUST-105154,2025-09-14,Organic Search,Mumbai,Female,55,0,Basic,Two-Year,Wallet,No,1,241.0,1,1,8,29.0,2026-05-30,1928.0,,0
CUST-105155,2025-09-13,Organic Search,Bengaluru,Female,28,0,Basic,Monthly,Wallet,No,2,329.0,1,1,8,13.0,2026-05-03,2632.0,,0
CUST-105156,2025-10-10,Paid Social,Hyderabad,Female,61,1,Basic,Annual,UPI,Yes,1,260.0,1,0,7,14.0,2026-05-14,1820.0,,0
CUST-105157,2025-09-13,Paid Search,Kolkata,Female,26,0,Basic,Annual,Net Banking,No,0,180.0,0,0,8,22.0,2026-05-28,1440.0,,0
CUST-105158,2025-09-24,Paid Social,Hyderabad,Female,47,0,Standard,Annual,UPI,No,2,,1,0,8,3.0,2026-05-29,4824.0,,0
CUST-105159,2025-03-08,Paid Social,Pune,Male,62,1,Standard,Monthly,Debit Card,Yes,0,497.0,0,0,14,5.0,2026-05-27,6958.0,,0
CUST-105160,2025-01-15,Email,Kolkata,Male,60,1,Basic,Monthly,UPI,Yes,0,210.0,1,1,16,25.0,2026-05-14,3360.0,,0
CUST-105161,2025-04-07,Email,Bengaluru,Male,54,0,Premium,Monthly,UPI,Yes,2,928.0,1,1,13,19.0,2026-05-31,12064.0,,0
CUST-105162,2025-12-30,Organic Search,Pune,Female,35,0,Standard,Annual,Wallet,Yes,0,491.0,0,0,5,6.0,2026-05-24,2455.0,,0
CUST-105163,2025-06-30,Paid Social,Delhi,Male,57,0,Basic,Annual,Credit Card,Yes,3,386.0,1,0,11,17.0,2026-05-03,4246.0,,0
CUST-105164,2026-02-03,Paid Search,Delhi,Male,38,0,Premium,Monthly,UPI,Yes,3,977.0,1,1,2,13.0,2026-04-04,1954.0,2026-04-04,1
CUST-105165,2025-01-27,Referral,Delhi,Male,36,0,Standard,Annual,Net Banking,No,1,548.0,1,1,16,15.0,2026-05-03,8768.0,,0
CUST-105166,2025-08-14,Paid Social,Mumbai,Female,45,0,Standard,Monthly,UPI,Yes,2,633.0,0,0,9,15.0,2026-05-07,5697.0,,0
CUST-105167,2025-09-13,Referral,Chennai,Male,50,0,Basic,Monthly,UPI,Yes,0,201.0,1,1,8,28.0,2026-05-18,1608.0,,0
CUST-105168,2025-08-23,Organic Search,Ahmedabad,Male,28,0,Premium,Annual,UPI,Yes,3,987.0,1,1,9,16.0,2026-05-20,8883.0,,0
CUST-105169,2024-08-17,Paid Social,Pune,Male,66,1,Basic,Monthly,Debit Card,Yes,1,243.0,0,0,21,7.0,2026-05-13,5103.0,,0
CUST-105170,2024-10-19,Referral,Kolkata,Male,63,1,Basic,Two-Year,Debit Card,Yes,3,371.0,1,1,19,22.0,2026-05-28,7049.0,,0
CUST-105171,2025-08-28,Paid Search,Bengaluru,Male,32,0,Premium,Annual,Credit Card,Yes,0,811.0,1,1,9,17.0,2026-05-14,7299.0,,0
CUST-105172,2026-02-16,Affiliate,Ahmedabad,Female,30,0,Premium,Monthly,Credit Card,Yes,0,795.0,1,1,2,13.0,2026-04-17,1590.0,2026-04-17,1
CUST-105173,2025-05-19,Organic Search,Delhi,Male,21,0,Standard,Monthly,Credit Card,Yes,0,496.0,1,1,12,16.0,2026-05-28,5952.0,,0
CUST-105174,2024-08-01,Organic Search,Delhi,Male,39,0,Basic,Annual,UPI,Yes,2,303.0,1,0,21,32.0,2026-05-04,6363.0,,0
CUST-105175,2026-02-25,Organic Search,Surat,Female,26,0,Basic,Annual,UPI,Yes,1,262.0,1,1,3,12.0,2026-05-25,786.0,,0
CUST-105176,2026-01-06,Organic Search,Hyderabad,Female,66,1,Premium,Monthly,UPI,No,0,783.0,1,0,4,12.0,2026-05-07,3132.0,,0
CUST-105177,2026-01-12,Organic Search,Hyderabad,Male,64,1,Standard,Monthly,Debit Card,No,3,684.0,1,1,4,31.0,2026-05-29,2736.0,,0
CUST-105178,2025-04-02,Paid Search,Bengaluru,Male,61,1,Premium,Annual,Net Banking,Yes,1,844.0,1,1,13,30.0,2026-05-08,10972.0,,0
CUST-105179,2025-09-17,Paid Search,Hyderabad,Female,32,0,Basic,Monthly,UPI,No,3,376.0,1,1,8,25.0,2026-05-03,3008.0,,0
CUST-105180,2024-08-11,Paid Search,Hyderabad,Female,53,0,Premium,Monthly,UPI,No,1,883.0,1,1,21,6.0,2026-05-22,18543.0,,0
CUST-105181,2024-06-20,Paid Social,Ahmedabad,Male,43,0,Basic,Monthly,Debit Card,Yes,2,324.0,1,1,23,25.0,2026-05-26,7452.0,,0
CUST-105182,2024-07-15,Organic Search,Mumbai,Female,32,0,Basic,Monthly,UPI,No,3,374.0,1,1,15,27.0,2025-10-08,5610.0,2025-10-08,1
CUST-105183,2025-04-07,Referral,Ahmedabad,Male,45,0,Premium,Monthly,Credit Card,No,3,992.0,1,1,13,25.0,2026-05-21,12896.0,,0
CUST-105184,2026-05-22,Organic Search,Bengaluru,Male,26,0,Basic,Monthly,Credit Card,Yes,2,308.0,1,1,0,18.0,2026-05-22,308.0,2026-05-22,1
CUST-105185,2024-07-10,Affiliate,Kolkata,Male,67,1,Standard,Monthly,Credit Card,Yes,2,604.0,1,0,22,13.0,2026-05-16,13288.0,,0
CUST-105186,2025-07-20,Organic Search,Pune,Female,26,0,Standard,Monthly,UPI,No,3,674.0,1,1,10,28.0,2026-05-20,6740.0,,0
CUST-105187,2025-12-04,Paid Search,Bengaluru,Male,33,0,Premium,Two-Year,Wallet,Yes,3,995.0,1,0,5,26.0,2026-05-27,4975.0,,0
CUST-105188,2025-04-20,Affiliate,Jaipur,Male,29,0,Basic,Monthly,UPI,Yes,1,275.0,1,1,13,26.0,2026-05-20,3575.0,,0
CUST-105189,2024-07-09,Paid Search,Mumbai,Male,45,0,Basic,Monthly,UPI,Yes,3,372.0,1,1,22,22.0,2026-05-08,8184.0,,0
CUST-105190,2026-04-06,Paid Search,Ahmedabad,Male,52,0,Standard,Two-Year,UPI,Yes,0,495.0,0,0,1,20.0,2026-05-05,495.0,,0
CUST-105191,2026-03-18,Referral,Jaipur,Male,67,1,Premium,Two-Year,Debit Card,Yes,2,925.0,1,1,2,14.0,2026-05-04,1850.0,,0
CUST-105192,2025-05-04,Organic Search,Kolkata,Female,38,0,Premium,Annual,Debit Card,Yes,3,1015.0,0,0,12,33.0,2026-05-17,12180.0,,0
CUST-105193,2026-02-04,Referral,Hyderabad,Female,28,0,Basic,Monthly,Credit Card,No,0,195.0,1,1,2,28.0,2026-04-05,390.0,2026-04-05,1
CUST-105194,2026-02-08,Affiliate,Mumbai,Male,19,0,Standard,Annual,Credit Card,Yes,3,700.0,0,0,3,22.0,2026-05-18,2100.0,,0
CUST-105195,2025-09-18,Email,Surat,Male,49,0,Basic,Annual,Credit Card,No,3,383.0,1,0,8,9.0,2026-05-12,3064.0,,0
CUST-105196,2026-02-13,Paid Social,Hyderabad,Female,68,1,Basic,Annual,UPI,No,0,212.0,1,0,3,22.0,2026-05-15,636.0,,0
CUST-105197,2025-10-23,Paid Social,Pune,Male,21,0,Basic,Monthly,UPI,Yes,3,394.0,0,0,7,35.0,2026-05-25,2758.0,,0
CUST-105198,2025-11-29,Referral,Mumbai,Male,69,1,Basic,Monthly,UPI,No,2,322.0,0,0,6,15.0,2026-05-03,1932.0,,0
CUST-105199,2024-08-20,Paid Search,Bengaluru,Female,31,0,Basic,Monthly,Credit Card,Yes,1,259.0,1,1,7,16.0,2025-03-18,1813.0,2025-03-18,1
CUST-105200,2024-08-09,Organic Search,Chennai,Female,65,1,Basic,Annual,Debit Card,Yes,1,256.0,1,1,21,17.0,2026-05-02,5376.0,,0
CUST-105201,2024-09-23,Organic Search,Kolkata,Male,21,0,Basic,Monthly,Wallet,Yes,1,264.0,1,1,10,16.0,2025-07-20,2640.0,2025-07-20,1
CUST-105202,2026-04-27,Organic Search,Bengaluru,Male,64,1,Premium,Monthly, UPI ,Yes,1,877.0,1,1,0,23.0,2026-04-27,877.0,2026-04-27,1
CUST-105203,2025-03-28,Paid Social,Bengaluru,Male,35,0,Basic,Annual,Debit Card,No,1,279.0,1,1,11,23.0,2026-02-21,3069.0,2026-02-21,1
CUST-105204,2025-09-01,Organic Search,Hyderabad,Male,32,0,Premium,Two-Year,Wallet,Yes,1,877.0,1,1,5,12.0,2026-01-29,4385.0,2026-01-29,1
CUST-105205,2025-07-24,Organic Search,Bengaluru,Female,28,0,Premium,Two-Year,UPI,Yes,3,972.0,1,0,10,22.0,2026-05-14,9720.0,,0
CUST-105206,2025-03-25,Organic Search,Delhi,Female,24,0,Standard,Annual,Credit Card,No,0,490.0,1,1,14,19.0,2026-05-03,6860.0,,0
CUST-105207,2025-10-31,Email,Ahmedabad,Male,59,0,Standard,Monthly,Debit Card,No,3,667.0,1,1,7,17.0,2026-05-23,4669.0,,0
CUST-105208,2025-12-11,Organic Search,Ahmedabad,Male,21,0,Basic,Two-Year,Credit Card,No,1,261.0,1,1,5,23.0,2026-05-13,1305.0,,0
CUST-105209,2026-04-28,Organic Search,Hyderabad,Male,42,0,Basic,Monthly,Net Banking,Yes,1,273.0,1,1,1,18.0,2026-05-07,273.0,,0
CUST-105210,2024-07-24,Paid Social,Ahmedabad,Male,67,1,Standard,Monthly,Credit Card,Yes,1,551.0,1,1,17,23.0,2025-12-16,9367.0,2025-12-16,1
CUST-105211,2025-02-17,Organic Search,Ahmedabad,Female,39,0,Standard,Monthly,Wallet,Yes,0,496.0,0,0,15,19.0,2026-05-04,7440.0,,0
CUST-105212,2024-10-09,Email,Kolkata,Male,61,1,Standard,Annual,UPI,Yes,2,629.0,1,0,19,17.0,2026-05-14,11951.0,,0
CUST-105213,2025-07-04,Affiliate,Hyderabad,Female,54,0,Premium,Monthly,Net Banking,No,0,794.0,0,0,10,13.0,2026-05-06,7940.0,,0
CUST-105214,2025-10-07,Paid Social,Ahmedabad,Female,59,0,Standard,Monthly,UPI,No,3,676.0,0,0,7,13.0,2026-05-15,4732.0,,0
CUST-105215,2024-10-10,Paid Social,Delhi,Female,67,1,Basic,Monthly,UPI,No,3,396.0,1,1,19,35.0,2026-05-29,7524.0,,0
CUST-105216,2025-09-02,Paid Social,Hyderabad,Female,23,0,Basic,Annual,UPI,Yes,1,259.0,1,1,8,24.0,2026-05-10,2072.0,,0
CUST-105217,2024-07-08,Organic Search,Delhi,Female,33,0,Premium,Annual,Credit Card,Yes,1,848.0,1,1,22,10.0,2026-05-02,18656.0,,0
CUST-105218,2025-06-18,Paid Social,Bengaluru,Female,34,0,Premium,Monthly,UPI,Yes,1,860.0,0,0,11,15.0,2026-05-16,9460.0,,0
CUST-105219,2026-05-12,Organic Search,Bengaluru,Male,21,0,Standard,Monthly,UPI,Yes,3,686.0,1,1,0,10.0,2026-05-22,686.0,,0
CUST-105220,2025-10-05,Organic Search,Mumbai,Male,23,0,Standard,Annual,Debit Card,No,3,717.0,1,1,4,20.0,2026-02-02,2868.0,2026-02-02,1
CUST-105221,2025-12-23,Paid Search,Hyderabad,Male,23,0,Standard,Monthly,Credit Card,No,0,522.0,1,1,5,14.0,2026-05-31,2610.0,,0
CUST-105222,2026-04-24,Organic Search,Ahmedabad,Female,67,1,Basic,Monthly,UPI,No,0,247.0,1,1,1,22.0,2026-05-25,247.0,,0
CUST-105223,2025-06-15,Organic Search,Bengaluru,Female,62,1,Premium,Annual,Credit Card,No,0,783.0,1,1,11,24.0,2026-05-19,8613.0,,0
CUST-105224,2024-09-03,Paid Social,Mumbai,Male,48,0,Standard,Annual,Net Banking,Yes,1,580.0,0,0,20,8.0,2026-05-02,11600.0,,0
CUST-105225,2025-07-31,Paid Social,Ahmedabad,Female,61,1,Standard,Annual,Debit Card,Yes,1,582.0,1,1,10,20.0,2026-05-20,5820.0,,0
CUST-105226,2025-02-05,Organic Search,Mumbai,Female,35,0,Standard,Monthly,Credit Card,No,1,559.0,1,1,15,20.0,2026-05-28,8385.0,,0
CUST-105227,2026-04-29,Organic Search,Kolkata,Female,42,0,Standard,Two-Year,Net Banking,Yes,1,553.0,1,1,1,20.0,2026-05-05,553.0,,0
CUST-105228,2024-12-31,Organic Search,Mumbai,Male,63,1,Basic,Monthly,Net Banking,Yes,2,330.0,1,0,17,9.0,2026-05-12,5610.0,,0
CUST-105229,2025-06-20,Organic Search,Mumbai,Male,25,0,Standard,Two-Year,UPI,Yes,3,674.0,1,1,11,18.0,2026-05-09,7414.0,,0
CUST-105230,2026-04-13,Affiliate,Mumbai,Male,25,0,Basic,Monthly,UPI,No,3,362.0,0,0,1,20.0,2026-05-04,362.0,,0
CUST-105231,2025-11-29,Affiliate,Hyderabad,Male,45,0,Basic,Monthly,UPI,No,0,178.0,1,0,6,18.0,2026-05-03,1068.0,,0
CUST-105232,2024-10-15,Paid Social,Bengaluru,Female,31,0,Basic,Monthly,Debit Card,Yes,3,357.0,1,1,19,17.0,2026-05-02,6783.0,,0
CUST-105233,2026-02-25,Paid Social,Jaipur,Male,52,0,Basic,Monthly,Wallet,No,2,322.0,1,1,0,12.0,2026-02-25,322.0,2026-02-25,1
CUST-105234,2025-02-24,Referral,Pune,Male,51,0,Premium,Monthly,UPI,Yes,3,989.0,1,0,15,20.0,2026-05-09,14835.0,,0
CUST-105235,2025-10-31,Paid Search,Bengaluru,Male,35,0,Basic,Two-Year,Credit Card,Yes,3,364.0,1,1,7,12.0,2026-05-05,2548.0,,0
CUST-105236,2026-03-23,Organic Search,Pune,Female,24,0,Basic,Two-Year,UPI,Yes,0,206.0,0,0,2,14.0,2026-05-16,412.0,,0
CUST-105237,2026-05-15,Organic Search,Ahmedabad,Male,22,0,Standard,Monthly,Credit Card,Yes,3,686.0,1,0,0,24.0,2026-05-04,686.0,,0
CUST-105238,2025-10-02,Paid Social,Jaipur,Female,41,0,Premium,Two-Year,Net Banking,No,3,984.0,1,0,7,15.0,2026-05-02,6888.0,,0
CUST-105239,2025-11-21,Paid Search,Jaipur,Male,34,0,Standard,Two-Year,Net Banking,Yes,3,689.0,1,1,6,20.0,2026-05-17,4134.0,,0
CUST-105240,2024-06-23,Organic Search,Mumbai,Female,19,0,Premium,Two-Year,Wallet,Yes,3,982.0,1,1,23,20.0,2026-05-23,22586.0,,0
CUST-105241,2026-04-24,Paid Social,Pune,Male,53,0,Standard,Monthly,Credit Card,No,0,519.0,0,0,1,16.0,2026-05-03,519.0,,0
CUST-105242,2026-05-01,Paid Social,Mumbai,Male,67,1,Standard,Monthly,Debit Card,Yes,1,568.0,1,1,0,5.0,2026-05-01,568.0,2026-05-01,1
CUST-105243,2024-11-04,Organic Search,Bengaluru,Female,68,1,Basic,Two-Year,Net Banking,Yes,2,300.0,1,1,18,18.0,2026-05-07,5400.0,,0
CUST-105244,2024-07-14,Paid Social,Chennai,Female,24,0,Basic,Annual,Debit Card,Yes,1,287.0,1,1,22,29.0,2026-05-26,6314.0,,0
CUST-105245,2026-04-21,Paid Search,Jaipur,Female,27,0,Standard,Monthly,Wallet,Yes,2,605.0,0,0,1,25.0,2026-05-25,605.0,,0
CUST-105246,2025-06-16,Paid Search,Delhi,Female,40,0,Standard,Monthly,UPI,Yes,2,619.0,0,0,11,25.0,2026-05-24,6809.0,,0
CUST-105247,2024-10-08,Organic Search,Hyderabad,Male,65,1,Standard,Monthly,UPI,No,3,717.0,1,0,19,28.0,2026-05-08,13623.0,,0
CUST-105248,2024-11-24,Organic Search,Hyderabad,Female,47,0,Standard,Monthly,UPI,Yes,0,506.0,1,0,18,8.0,2026-05-25,9108.0,,0
CUST-105249,2025-09-26,Affiliate,Mumbai,Male,41,0,Standard,Monthly,Net Banking,Yes,2,607.0,1,1,8,28.0,2026-05-24,4856.0,2026-05-24,1
CUST-105250,2025-09-04,Paid Social,Pune,Female,66,1,Standard,Annual,UPI,Yes,3,684.0,1,1,8,8.0,2026-05-21,5472.0,,0
CUST-105251,2025-08-20,Organic Search,Pune,Female,52,0,Basic,Monthly,Net Banking,No,3,387.0,1,0,9,17.0,2026-05-11,3483.0,,0
CUST-105252,2024-12-24,Organic Search,Hyderabad,Female,69,1,Basic,Monthly,Credit Card,No,0,202.0,1,1,4,20.0,2025-04-23,808.0,2025-04-23,1
CUST-105253,2025-12-08,Affiliate,Surat,Female,62,1,Standard,Monthly,Debit Card,No,1,551.0,1,1,5,18.0,2026-05-23,2755.0,,0
CUST-105254,2026-01-18,Referral,Ahmedabad,Female,69,1,Basic,Monthly,Debit Card,No,2,300.0,1,1,3,21.0,2026-04-18,900.0,2026-04-18,1
CUST-105255,2024-06-30,Affiliate,Mumbai,Male,46,0,Premium,Monthly,Credit Card,Yes,2,902.0,1,0,23,12.0,2026-05-30,20746.0,,0
CUST-105256,2025-07-18,Paid Search,Mumbai,Male,37,0,Basic,Monthly,UPI,Yes,3,367.0,0,0,10,2.0,2026-05-06,3670.0,,0
CUST-105257,2025-10-22,Paid Social,Mumbai,Female,21,0,Basic,Two-Year,Debit Card,Yes,3,398.0,1,1,7,26.0,2026-05-25,2786.0,,0
CUST-105258,2025-01-15,Paid Social,Bengaluru,Female,55,0,Standard,Monthly,Wallet,Yes,3,661.0,1,1,16,28.0,2026-05-04,10576.0,,0
CUST-105259,2025-10-23,Organic Search,Kolkata,Male,31,0,Basic,Monthly,UPI,Yes,0,201.0,1,1,7,16.0,2026-05-18,1407.0,,0
CUST-105260,2026-02-22,Paid Search,Bengaluru,Female,18,0,Standard,Monthly,UPI,No,2,640.0,1,1,3,21.0,2026-05-19,1920.0,,0
CUST-105261,2026-03-16,Paid Search,Pune,Male,59,0,Basic,Annual,Net Banking,Yes,0,209.0,1,1,2,20.0,2026-05-21,418.0,,0
CUST-105262,2025-12-19,Organic Search,Delhi,Female,40,0,Basic,Monthly,UPI,No,0,220.0,1,1,4,10.0,2026-04-18,880.0,2026-04-18,1
CUST-105263,2025-10-29,Affiliate,Delhi,Female,46,0,Standard,Annual,UPI,Yes,1,550.0,0,0,7,16.0,2026-05-31,3850.0,,0
CUST-105264,2025-05-26,Paid Social,Chennai,Male,58,0,Basic,Monthly,Net Banking,No,2,328.0,0,0,12,9.0,2026-05-31,3936.0,,0
CUST-105265,2024-08-09,Organic Search,Pune,Male,35,0,Standard,Monthly,Debit Card,Yes,3,696.0,1,1,21,30.0,2026-05-14,14616.0,,0
CUST-105266,2025-05-25,Paid Social,Delhi,Female,60,1,Basic,Monthly,UPI,No,2,333.0,1,1,4,2.0,2025-09-22,1332.0,2025-09-22,1
CUST-105267,2025-12-24,Affiliate,Jaipur,Male,48,0,Standard,Annual, UPI ,No,1,572.0,1,1,5,16.0,2026-05-25,2860.0,,0
CUST-105268,2025-05-08,Affiliate,Bengaluru,Female,47,0,Basic,Annual,Debit Card,Yes,0,181.0,1,1,12,30.0,2026-05-22,2172.0,,0
CUST-105269,2026-04-08,Paid Search,Mumbai,Male,31,0,Basic,Annual,UPI,Yes,1,269.0,1,1,1,22.0,2026-05-30,269.0,,0
CUST-105270,2025-06-29,Email,Bengaluru,Male,59,0,Standard,Monthly,Credit Card,No,2,626.0,0,0,11,9.0,2026-05-11,6886.0,,0
CUST-105271,2024-06-06,Affiliate,Pune,Male,30,0,Standard,Monthly,Net Banking,No,3,677.0,1,1,23,26.0,2026-05-25,15571.0,,0
CUST-105272,2026-02-16,Affiliate,Delhi,Female,50,0,Premium,Annual,Debit Card,No,0,790.0,1,1,3,22.0,2026-05-31,2370.0,,0
CUST-105273,2025-04-20,Affiliate,Chennai,Female,61,1,Premium,Monthly,Credit Card,Yes,0,806.0,1,1,0,16.0,2025-04-20,806.0,2025-04-20,1
CUST-105274,2024-07-24,Paid Social,Bengaluru,Female,24,0,Standard,Annual,Credit Card,No,2,604.0,1,0,22,24.0,2026-05-16,13288.0,,0
CUST-105275,2025-10-15,Referral,Bengaluru,Female,38,0,Basic,Monthly,UPI,No,3,373.0,1,0,7,13.0,2026-05-23,2611.0,,0
CUST-105276,2025-03-11,Paid Search,Kolkata,Female,53,0,Standard,Monthly,Debit Card,Yes,0,513.0,1,1,14,11.0,2026-05-21,7182.0,,0
CUST-105277,2025-12-24,Referral,Bengaluru,Male,32,0,Standard,Annual,UPI,No,3,695.0,1,1,5,25.0,2026-05-10,3475.0,,0
CUST-105278,2025-11-29,Organic Search,Delhi,Male,19,0,Premium,Monthly,Net Banking,Yes,3,986.0,1,1,2,19.0,2026-01-28,1972.0,2026-01-28,1
CUST-105279,2026-04-23,Referral,Ahmedabad,Female,39,0,Standard,Two-Year,UPI,Yes,2,612.0,1,1,1,19.0,2026-05-23,612.0,2026-05-23,1
CUST-105280,2026-05-04,Email,Delhi,Male,43,0,Basic,Annual,UPI,Yes,2,302.0,1,0,0,13.0,2026-05-07,302.0,,0
CUST-105281,2025-12-03,Paid Social,Delhi,Female,65,1,Premium,Monthly,UPI,No,1,847.0,1,0,5,23.0,2026-05-08,4235.0,,0
CUST-105282,2024-09-20,Email,Mumbai,Female,59,0,Standard,Monthly,Net Banking,Yes,2,638.0,1,1,20,22.0,2026-05-20,12760.0,,0
CUST-105283,2026-01-19,Paid Social,Pune,Female,27,0,Basic,Monthly,Credit Card,Yes,1,262.0,1,0,4,21.0,2026-05-28,1048.0,,0
CUST-105284,2024-07-02,Organic Search,Mumbai,Female,32,0,Standard,Monthly,UPI,No,3,677.0,1,1,22,8.0,2026-05-20,14894.0,,0
CUST-105285,2025-05-01,Organic Search,Mumbai,Female,27,0,Standard,Monthly,Credit Card,Yes,1,561.0,1,1,12,25.0,2026-05-26,6732.0,,0
CUST-105286,2026-01-08,Referral,Bengaluru,Female,65,1,Standard,Monthly,Credit Card,Yes,2,629.0,1,1,4,12.0,2026-05-22,2516.0,,0
CUST-105287,2026-03-20,Paid Search,Mumbai,Female,36,0,Premium,Annual,Net Banking,No,0,784.0,1,1,2,15.0,2026-05-02,1568.0,,0
CUST-105288,2026-05-09,Paid Social,Pune,Male,64,1,Basic,Monthly,UPI,Yes,2,312.0,0,0,0,18.0,2026-05-27,312.0,,0
CUST-105289,2024-09-01,Paid Search,Hyderabad,Male,21,0,Basic,Monthly,UPI,Yes,2,329.0,1,1,16,35.0,2025-12-25,5264.0,2025-12-25,1
CUST-105290,2025-11-04,Paid Social,Delhi,Male,47,0,Basic,Monthly,Net Banking,Yes,1,263.0,0,0,6,29.0,2026-05-28,1578.0,,0
CUST-105291,2024-07-31,Paid Social,Ahmedabad,Female,21,0,Premium,Annual,Credit Card,Yes,0,816.0,1,0,22,15.0,2026-05-25,17952.0,,0
CUST-105292,2025-07-09,Affiliate,Bengaluru,Female,46,0,Basic,Monthly,Credit Card,No,3,390.0,0,0,10,23.0,2026-05-20,3900.0,,0
CUST-105293,2025-02-10,Paid Search,Ahmedabad,Female,18,0,Standard,Two-Year,UPI,Yes,3,667.0,0,0,15,19.0,2026-05-04,10005.0,,0
CUST-105294,2024-11-18,Referral,Bengaluru,Male,26,0,Standard,Two-Year,Net Banking,Yes,1,509.0,1,1,18,20.0,2026-05-17,9162.0,,0
CUST-105295,2025-11-28,Paid Search,Hyderabad,Female,25,0,Premium,Two-Year,Wallet,No,2,922.0,1,1,6,21.0,2026-05-16,5532.0,,0
CUST-105296,2026-04-30,Email,Pune,Male,54,0,Basic,Annual,Credit Card,No,2,303.0,1,1,1,24.0,2026-05-27,303.0,,0
CUST-105297,2025-02-08,Organic Search,Bengaluru,Female,51,0,Basic,Annual,UPI,No,0,207.0,1,1,15,14.0,2026-05-04,3105.0,,0
CUST-105298,2025-11-09,Organic Search,Jaipur,Male,47,0,Premium,Monthly,UPI,No,0,823.0,1,1,6,19.0,2026-05-07,4938.0,,0
CUST-105299,2025-12-10,Organic Search,Ahmedabad,Female,28,0,Standard,Annual,UPI,No,2,604.0,1,1,5,23.0,2026-05-09,3020.0,2026-05-09,1
CUST-105300,2025-10-20,Paid Search,Kolkata,Female,31,0,Basic,Monthly,Credit Card,Yes,2,329.0,1,1,7,13.0,2026-05-14,2303.0,,0
CUST-105301,2025-01-29,Paid Search,Chennai,Male,37,0,Basic,Monthly,Credit Card,Yes,1,272.0,1,0,16,17.0,2026-05-25,4352.0,,0
CUST-105302,2026-03-05,Referral,Delhi,Male,68,1,Premium,Two-Year,Credit Card,Yes,2,924.0,1,1,2,18.0,2026-05-21,1848.0,,0
CUST-105303,2025-10-28,Paid Social,Mumbai,Male,54,0,Premium,Monthly,UPI,Yes,0,804.0,1,0,7,27.0,2026-05-14,5628.0,,0
CUST-105304,2026-03-01,Organic Search,Mumbai,Male,19,0,Standard,Monthly,UPI,No,2,588.0,1,1,2,28.0,2026-05-02,1176.0,,0
CUST-105305,2024-11-27,Paid Search,Jaipur,Male,19,0,Basic,Monthly,Wallet,No,1,260.0,1,1,18,24.0,2026-05-14,4680.0,,0
CUST-105306,2024-07-29,Email,Mumbai,Male,36,0,Standard,Monthly,UPI,Yes,3,679.0,1,1,22,20.0,2026-05-29,14938.0,,0
CUST-105307,2025-10-15,Paid Social,Kolkata,Male,28,0,Basic,Annual,Wallet,Yes,1,275.0,1,0,7,28.0,2026-05-29,1925.0,,0
CUST-105308,2024-06-15,Organic Search,Bengaluru,Male,39,0,Premium,Two-Year,Credit Card,No,0,813.0,1,1,23,15.0,2026-05-04,18699.0,,0
CUST-105309,2024-10-23,Paid Social,Bengaluru,Female,69,1,Basic,Monthly,UPI,Yes,2,311.0,1,1,2,13.0,2024-12-22,622.0,2024-12-22,1
CUST-105310,2024-11-10,Paid Social,Pune,Male,28,0,Basic,Monthly,Credit Card,No,0,171.0,1,1,18,32.0,2026-05-10,3078.0,,0
CUST-105311,2024-10-20,Organic Search,Mumbai,Male,49,0,Basic,Monthly,Wallet,No,1,235.0,1,1,19,23.0,2026-05-19,4465.0,,0
CUST-105312,2026-03-26,Paid Social,Delhi,Female,43,0,Basic,Annual,Net Banking,No,2,340.0,1,0,2,14.0,2026-05-03,680.0,,0
CUST-105313,2026-02-28,Paid Search,Jaipur,Male,52,0,Basic,Monthly,UPI,Yes,0,198.0,1,1,0,12.0,2026-02-28,198.0,2026-02-28,1
CUST-105314,2025-06-25,Paid Social,Mumbai,Female,46,0,Standard,Annual,UPI,No,0,477.0,1,1,11,22.0,2026-05-08,5247.0,,0
CUST-105315,2025-10-06,Paid Social,Jaipur,Female,44,0,Standard,Annual,Credit Card,Yes,3,659.0,1,1,7,21.0,2026-05-18,4613.0,,0
CUST-105316,2025-09-16,Organic Search,Surat,Female,32,0,Standard,Monthly,UPI,No,1,562.0,1,1,8,17.0,2026-05-07,4496.0,,0
CUST-105317,2026-02-26,Affiliate,Ahmedabad,Male,68,1,Basic,Monthly,UPI,Yes,1,261.0,1,1,3,29.0,2026-05-31,783.0,,0
CUST-105318,2025-02-08,Paid Social,Bengaluru,Female,31,0,Basic,Monthly,Wallet,No,1,284.0,0,0,15,8.0,2026-05-22,4260.0,,0
CUST-105319,2025-10-27,Paid Social,Mumbai,Female,25,0,Standard,Annual,Debit Card,Yes,1,558.0,1,1,7,16.0,2026-05-09,3906.0,,0
CUST-105320,2025-04-06,Organic Search,Pune,Female,22,0,Standard,Annual,Net Banking,Yes,3,685.0,1,1,5,43.0,2025-09-03,3425.0,2025-09-03,1
CUST-105321,2025-06-07,Paid Search,Surat,Male,21,0,Basic,Two-Year,Credit Card,Yes,1,258.0,1,1,11,23.0,2026-05-29,2838.0,,0
CUST-105322,2025-01-05,Affiliate,Kolkata,Female,36,0,Premium,Monthly,UPI,Yes,0,811.0,1,1,16,19.0,2026-05-29,12976.0,,0
CUST-105323,2025-12-02,Organic Search,Jaipur,Female,60,1,Basic,Two-Year,UPI,No,3,405.0,1,1,5,34.0,2026-05-08,2025.0,,0
CUST-105324,2026-04-17,Organic Search,Mumbai,Female,26,0,Basic,Monthly,Debit Card,Yes,0,213.0,1,1,0,19.0,2026-04-17,213.0,2026-04-17,1
CUST-105325,2026-05-18,Organic Search,Bengaluru,Male,18,0,Basic,Monthly,Credit Card,Yes,2,349.0,1,1,0,28.0,2026-05-11,349.0,,0
CUST-105326,2025-03-28,Paid Search,Mumbai,Male,45,0,Standard,Monthly,Credit Card,Yes,1,567.0,1,1,14,9.0,2026-05-09,7938.0,,0
CUST-105327,2024-08-02,Email,Kolkata,Male,47,0,Basic,Monthly,UPI,Yes,0,175.0,1,1,21,20.0,2026-05-03,3675.0,,0
CUST-105328,2026-01-31,Paid Social,Mumbai,Male,47,0,Basic,Monthly,UPI,No,0,187.0,1,1,4,13.0,2026-05-24,748.0,,0
CUST-105329,2024-06-20,Paid Social,Mumbai,Female,18,0,Standard,Monthly,UPI,Yes,1,571.0,1,1,23,21.0,2026-05-31,13133.0,,0
CUST-105330,2024-09-22,Referral,Ahmedabad,Male,28,0,Basic,Annual,UPI,Yes,0,195.0,1,1,20,2.0,2026-05-06,3900.0,,0
CUST-105331,2026-03-14,Referral,Mumbai,Male,36,0,Basic,Annual,Net Banking,Yes,3,379.0,1,1,2,14.0,2026-05-16,758.0,,0
CUST-105332,2025-01-18,Organic Search,Mumbai,Male,56,0,Standard,Annual,Debit Card,Yes,3,667.0,1,1,16,23.0,2026-05-15,10672.0,,0
CUST-105333,2025-07-02,Organic Search,Ahmedabad,Female,51,0,Standard,Annual,Net Banking,Yes,0,521.0,1,1,10,23.0,2026-05-07,5210.0,,0
CUST-105334,2024-10-11,Paid Social,Kolkata,Female,60,1,Basic,Annual,Net Banking,No,1,282.0,1,0,19,9.0,2026-05-09,5358.0,,0
CUST-105335,2024-12-13,Referral,Chennai,Female,46,0,Basic,Two-Year,Credit Card,Yes,0,196.0,1,1,17,14.0,2026-05-11,3332.0,,0
CUST-105336,2024-12-31,Referral,Mumbai,Female,38,0,Basic,Monthly,UPI,Yes,0,196.0,1,0,17,18.0,2026-05-17,3332.0,,0
CUST-105337,2024-11-07,Paid Search,Chennai,Female,47,0,Premium,Two-Year,Credit Card,Yes,2,938.0,1,1,18,21.0,2026-05-19,16884.0,,0
CUST-105338,2025-09-30,Affiliate,Delhi,Male,38,0,Standard,Monthly,UPI,Yes,1,575.0,1,1,2,25.0,2025-11-29,1150.0,2025-11-29,1
CUST-105339,2025-10-05,Paid Social,Chennai,Male,26,0,Basic,Monthly,Net Banking,Yes,2,295.0,1,0,7,25.0,2026-05-29,2065.0,,0
CUST-105340,2024-09-12,Paid Social,Delhi,Female,47,0,Premium,Annual,Net Banking,No,1,869.0,1,1,20,12.0,2026-05-04,17380.0,,0
CUST-105341,2026-05-15,Organic Search,Bengaluru,Female,33,0,Standard,Monthly,Credit Card,Yes,0,506.0,1,1,0,16.0,2026-05-15,506.0,2026-05-15,1
CUST-105342,2025-06-26,Affiliate,Delhi,Male,31,0,Basic,Monthly,UPI,Yes,3,382.0,1,1,11,19.0,2026-05-29,4202.0,,0
CUST-105343,2025-11-08,Paid Search,Mumbai,Female,54,0,Premium,Monthly,UPI,No,2,906.0,1,1,1,27.0,2025-12-08,906.0,2025-12-08,1
CUST-105344,2024-06-03,Paid Social,Pune,Male,21,0,Standard,Annual,UPI,No,3,666.0,0,0,23,30.0,2026-05-06,15318.0,,0
CUST-105345,2025-03-11,Organic Search,Hyderabad,Female,19,0,Standard,Two-Year,UPI,Yes,0,453.0,1,0,14,10.0,2026-05-11,6342.0,,0
CUST-105346,2026-05-18,Referral,Hyderabad,Female,36,0,Standard,Monthly,Wallet,No,0,489.0,1,1,0,25.0,2026-05-21,489.0,,0
CUST-105347,2026-02-16,Referral,Delhi,Male,48,0,Premium,Monthly,UPI,No,1,829.0,1,0,3,6.0,2026-05-02,2487.0,,0
CUST-105348,2024-06-26,Paid Search,Bengaluru,Female,61,1,Basic,Annual,Wallet,No,3,371.0,1,1,23,20.0,2026-05-18,8533.0,,0
CUST-105349,2025-10-05,Organic Search,Hyderabad,Female,44,0,Basic,Monthly,Credit Card,Yes,3,385.0,1,1,7,16.0,2026-05-08,2695.0,,0
CUST-105350,2025-12-02,Affiliate,Ahmedabad,Female,31,0,Basic,Monthly,Credit Card,Yes,2,301.0,1,1,5,17.0,2026-05-19,1505.0,,0
CUST-105351,2024-09-09,Referral,Ahmedabad,Female,35,0,Premium,Monthly,UPI,No,0,819.0,1,1,20,1.0,2026-05-18,16380.0,,0
CUST-105352,2026-02-24,Paid Search,Delhi,Male,37,0,Basic,Annual,UPI,No,3,408.0,1,1,3,23.0,2026-05-04,1224.0,,0
CUST-105353,2024-10-10,Paid Search,Mumbai,Male,35,0,Basic,Monthly,Credit Card,No,2,323.0,1,1,19,9.0,2026-05-05,6137.0,,0
CUST-105354,2026-05-28,Affiliate,Delhi,Male,52,0,Basic,Monthly,Credit Card,Yes,3,388.0,0,0,0,16.0,2026-05-18,388.0,,0
CUST-105355,2024-06-07,Email,Ahmedabad,Male,59,0,Basic,Monthly,Credit Card,No,1,235.0,1,1,23,26.0,2026-05-17,5405.0,,0
CUST-105356,2025-09-17,Paid Search,Pune,Male,54,0,Standard,Monthly,UPI,Yes,3,682.0,1,0,8,22.0,2026-05-30,5456.0,,0
CUST-105357,2024-11-21,Paid Social,Pune,Female,37,0,Basic,Monthly,UPI,Yes,3,358.0,1,0,18,36.0,2026-05-14,6444.0,,0
CUST-105358,2025-08-17,Paid Social,Chennai,Male,32,0,Premium,Annual,UPI,Yes,1,833.0,1,0,9,25.0,2026-05-02,7497.0,,0
CUST-105359,2025-12-11,Affiliate,Pune,Female,22,0,Standard,Two-Year,Debit Card,No,2,600.0,1,0,5,28.0,2026-05-21,3000.0,,0
CUST-105360,2025-07-12,Paid Search,Delhi,Male,59,0,Standard,Monthly,Debit Card,Yes,3,677.0,1,0,10,17.0,2026-05-21,6770.0,,0
CUST-105361,2025-11-26,Organic Search,Jaipur,Male,68,1,Premium,Monthly,UPI,No,1,858.0,1,1,6,15.0,2026-05-11,5148.0,,0
CUST-105362,2025-12-10,Organic Search,Hyderabad,Female,20,0,Basic,Monthly,Net Banking,Yes,2,318.0,1,1,2,22.0,2026-02-08,636.0,2026-02-08,1
CUST-105363,2025-01-28,Affiliate,Bengaluru,Female,24,0,Standard,Two-Year, UPI ,Yes,1,542.0,1,1,16,16.0,2026-05-17,8672.0,,0
CUST-105364,2026-02-25,Affiliate,Mumbai,Female,29,0,Standard,Monthly,Net Banking,No,2,621.0,1,1,3,20.0,2026-05-14,1863.0,,0
CUST-105365,2024-07-30,Email,Pune,Male,59,0,Basic,Annual,Credit Card,Yes,2,309.0,1,1,22,29.0,2026-05-22,6798.0,,0
CUST-105366,2025-06-20,Paid Social,Pune,Female,29,0,Basic,Two-Year,Debit Card,Yes,0,201.0,1,1,11,19.0,2026-05-03,2211.0,,0
CUST-105367,2025-12-02,Referral,Hyderabad,Male,18,0,Standard,Two-Year,UPI,No,3,675.0,1,1,5,13.0,2026-05-20,3375.0,,0
CUST-105368,2025-11-07,Affiliate,Chennai,Female,35,0,Standard,Two-Year,Debit Card,No,1,532.0,1,0,6,23.0,2026-05-20,3192.0,,0
CUST-105369,2025-01-18,Paid Social,Jaipur,Female,36,0,Standard,Monthly,Debit Card,No,2,609.0,1,1,16,17.0,2026-05-02,9744.0,,0
CUST-105370,2026-05-03,Organic Search,Jaipur,Male,38,0,Basic,Annual,UPI,Yes,3,387.0,1,1,0,19.0,2026-05-17,387.0,,0
CUST-105371,2026-05-21,Email,Pune,Female,44,0,Basic,Two-Year,UPI,No,2,332.0,0,0,0,37.0,2026-05-09,332.0,,0
CUST-105372,2024-08-21,Organic Search,Surat,Female,30,0,Premium,Annual,Debit Card,Yes,0,781.0,1,0,21,18.0,2026-05-26,16401.0,,0
CUST-105373,2024-08-10,Paid Search,Jaipur,Male,19,0,Basic,Annual,Credit Card,Yes,3,368.0,1,1,21,38.0,2026-05-23,7728.0,,0
CUST-105374,2025-08-04,Paid Search,Ahmedabad,Male,23,0,Premium,Two-Year,Debit Card,Yes,2,912.0,0,0,9,15.0,2026-05-08,8208.0,,0
CUST-105375,2024-10-15,Referral,Pune,Female,56,0,Standard,Annual,UPI,Yes,0,517.0,1,1,19,13.0,2026-05-23,9823.0,,0
CUST-105376,2024-07-20,Organic Search,Mumbai,Male,52,0,Standard,Annual,UPI,Yes,2,626.0,1,1,22,18.0,2026-05-02,13772.0,,0
CUST-105377,2026-01-14,Referral,Delhi,Male,31,0,Basic,Annual,Debit Card,Yes,1,240.0,1,1,4,19.0,2026-05-29,960.0,,0
CUST-105378,2025-04-14,Organic Search,Delhi,Male,66,1,Premium,Monthly,UPI,Yes,2,926.0,1,1,7,17.0,2025-11-10,6482.0,2025-11-10,1
CUST-105379,2026-02-20,Affiliate,Bengaluru,Female,46,0,Premium,Monthly,UPI,No,3,998.0,0,0,3,12.0,2026-05-02,2994.0,,0
CUST-105380,2025-11-12,Organic Search,Ahmedabad,Male,59,0,Standard,Annual,UPI,No,1,562.0,1,1,6,26.0,2026-05-11,3372.0,,0
CUST-105381,2025-09-25,Referral,Mumbai,Female,59,0,Standard,Two-Year,Net Banking,Yes,3,667.0,1,1,8,24.0,2026-05-17,5336.0,,0
CUST-105382,2025-03-05,Referral,Ahmedabad,Female,33,0,Standard,Two-Year,UPI,No,3,692.0,1,1,14,30.0,2026-05-27,9688.0,,0
CUST-105383,2025-11-26,Organic Search,Pune,Male,48,0,Basic,Monthly,Credit Card,No,0,202.0,1,0,6,15.0,2026-05-16,1212.0,,0
CUST-105384,2024-08-12,Organic Search,Kolkata,Male,48,0,Premium,Annual,Credit Card,No,1,855.0,1,1,21,37.0,2026-05-20,17955.0,,0
CUST-105385,2025-01-13,Referral,Surat,Female,41,0,Basic,Monthly,UPI,No,1,272.0,1,1,16,20.0,2026-05-23,4352.0,,0
CUST-105386,2026-01-26,Organic Search,Bengaluru,Male,51,0,Standard,Annual,UPI,Yes,1,559.0,1,1,4,26.0,2026-05-14,2236.0,,0
CUST-105387,2025-10-09,Organic Search,Mumbai,Male,35,0,Basic,Two-Year,UPI,No,0,200.0,1,1,7,26.0,2026-05-02,1400.0,,0
CUST-105388,2024-11-25,Paid Social,Kolkata,Male,23,0,Standard,Two-Year,UPI,Yes,2,632.0,1,1,18,13.0,2026-05-11,11376.0,,0
CUST-105389,2026-02-10,Email,Ahmedabad,Female,20,0,Standard,Annual,Wallet,No,2,611.0,1,1,3,14.0,2026-05-28,1833.0,,0
CUST-105390,2025-06-02,Paid Search,Surat,Female,41,0,Standard,Annual,Debit Card,Yes,2,602.0,1,1,11,14.0,2026-05-02,6622.0,,0
CUST-105391,2025-11-18,Paid Social,Hyderabad,Male,65,1,Basic,Monthly,Net Banking,No,2,324.0,1,1,6,15.0,2026-05-08,1944.0,,0
CUST-105392,2024-09-18,Email,Bengaluru,Male,29,0,Basic,Annual,Net Banking,Yes,0,222.0,1,0,20,15.0,2026-05-08,4440.0,,0
CUST-105393,2024-09-09,Paid Social,Ahmedabad,Male,48,0,Basic,Monthly,UPI,Yes,2,285.0,0,0,20,19.0,2026-05-15,5700.0,,0
CUST-105394,2026-05-23,Paid Social,AHMEDABAD,Female,26,0,Premium,Monthly,Debit Card,Yes,2,930.0,1,0,0,28.0,2026-05-30,930.0,,0
CUST-105395,2026-03-29,Paid Social,Bengaluru,Male,50,0,Basic,Annual,Credit Card,Yes,3,380.0,1,0,2,11.0,2026-05-12,760.0,,0
CUST-105396,2025-03-06,Paid Social,Delhi,Female,27,0,Premium,Monthly,Debit Card,Yes,3,971.0,1,1,7,11.0,2025-10-02,6797.0,2025-10-02,1
CUST-105397,2026-04-09,Paid Social,Chennai,Female,40,0,Basic,Annual,Wallet,Yes,0,189.0,1,1,0,12.0,2026-04-09,189.0,2026-04-09,1
CUST-105398,2026-01-21,Referral,Pune,Male,60,1,Premium,Monthly,UPI,No,2,933.0,1,1,4,13.0,2026-05-13,3732.0,,0
CUST-105399,2024-12-16,Organic Search,Delhi,Female,37,0,Standard,Monthly,Debit Card,No,3,689.0,1,1,17,12.0,2026-05-13,11713.0,,0
CUST-105400,2025-03-08,Referral,Mumbai,Female,66,1,Premium,Monthly,UPI,Yes,2,903.0,1,1,14,17.0,2026-05-20,12642.0,,0
CUST-105401,2025-06-22,Organic Search,Bengaluru,Female,20,0,Standard,Monthly,Net Banking,No,1,564.0,1,1,11,19.0,2026-05-18,6204.0,,0
CUST-105402,2025-02-10,Paid Social,Mumbai,Male,22,0,Standard,Monthly,UPI,Yes,2,640.0,1,1,15,19.0,2026-05-15,9600.0,,0
CUST-105403,2024-12-26,Organic Search,Pune,Female,26,0,Standard,Annual,UPI,No,0,509.0,1,1,7,13.0,2025-07-24,3563.0,2025-07-24,1
CUST-105404,2024-11-23,Paid Search,Pune,Male,30,0,Basic,Annual,Net Banking,No,1,234.0,1,0,18,19.0,2026-05-16,4212.0,,0
CUST-105405,2025-09-09,Referral,Chennai,Female,40,0,Premium,Monthly,UPI,No,3,989.0,1,1,2,9.0,2025-11-08,1978.0,2025-11-08,1
CUST-105406,2025-03-22,Paid Social,Bengaluru,Male,65,1,Standard,Annual,Credit Card,Yes,1,540.0,0,0,14,22.0,2026-05-07,7560.0,,0
CUST-105407,2026-05-07,Organic Search,Mumbai,Male,30,0,Basic,Annual,Credit Card,No,3,382.0,1,0,0,23.0,2026-05-11,382.0,,0
CUST-105408,2026-03-01,Organic Search,Chennai,Female,36,0,Basic,Annual,Credit Card,No,3,368.0,1,1,2,26.0,2026-05-16,736.0,,0
CUST-105409,2024-08-11,Affiliate,Hyderabad,Male,20,0,Standard,Annual,UPI,Yes,3,685.0,1,1,21,24.0,2026-05-03,14385.0,,0
CUST-105410,2025-09-26,Organic Search,Hyderabad,Male,55,0,Premium,Annual,UPI,Yes,0,789.0,1,0,8,4.0,2026-05-26,6312.0,,0
CUST-105411,2025-09-05,Referral,Bengaluru,Female,46,0,Standard,Monthly,Credit Card,No,3,663.0,1,1,8,20.0,2026-05-19,5304.0,,0
CUST-105412,2024-07-09,Paid Social,Kolkata,Male,20,0,Basic,Monthly,Credit Card,No,0,204.0,1,1,22,25.0,2026-05-23,4488.0,,0
CUST-105413,2025-12-28,Organic Search,Mumbai,Female,42,0,Standard,Monthly,Wallet,No,1,561.0,1,1,5,20.0,2026-05-27,2805.0,2026-05-27,1
CUST-105414,2025-06-30,Referral,Delhi,Female,29,0,Basic,Annual,Debit Card,Yes,0,211.0,1,1,11,16.0,2026-05-18,2321.0,,0
CUST-105415,2026-01-29,Paid Social,Chennai,Male,39,0,Basic,Monthly,Credit Card,Yes,1,251.0,1,1,4,24.0,2026-05-26,1004.0,,0
CUST-105416,2025-05-29,Organic Search,Mumbai,Female,32,0,Premium,Two-Year,UPI,Yes,2,896.0,1,1,12,29.0,2026-05-26,10752.0,,0
CUST-105417,2025-04-04,Email,Chennai,Female,58,0,Basic,Monthly,Wallet,No,1,269.0,0,0,13,24.0,2026-05-13,3497.0,,0
CUST-105418,2025-10-14,Organic Search,Delhi,Female,20,0,Basic,Monthly,UPI,Yes,0,221.0,0,0,7,22.0,2026-05-11,1547.0,,0
CUST-105419,2025-12-11,Paid Social,Ahmedabad,Male,49,0,Basic,Monthly,Wallet,Yes,0,190.0,1,0,5,22.0,2026-05-17,950.0,,0
CUST-105420,2025-12-03,Paid Social,Ahmedabad,Female,59,0,Basic,Annual,Wallet,Yes,0,206.0,1,1,5,17.0,2026-05-04,1030.0,,0
CUST-105421,2025-05-18,Paid Social,Chennai,Female,18,0,Basic,Monthly,Wallet,No,3,374.0,1,1,12,27.0,2026-05-17,4488.0,,0
CUST-105422,2025-07-18,Referral,Chennai,Male,65,1,Basic,Annual,UPI,No,3,408.0,1,1,10,17.0,2026-05-16,4080.0,,0
CUST-105423,2026-05-26,Organic Search,Mumbai,Female,57,0,Standard,Annual,UPI,Yes,2,611.0,1,1,0,26.0,2026-05-25,611.0,,0
CUST-105424,2026-03-01,Email,Ahmedabad,Male,32,0,Premium,Monthly,Debit Card,Yes,3,978.0,1,1,2,23.0,2026-05-24,1956.0,,0
CUST-105425,2025-03-18,Paid Search,Mumbai,Male,43,0,Basic,Annual,Credit Card,Yes,1,229.0,1,1,14,24.0,2026-05-16,3206.0,,0
CUST-105426,2025-09-12,Email,Mumbai,Male,53,0,Premium,Annual,UPI,No,3,1003.0,0,0,8,32.0,2026-05-18,8024.0,,0
CUST-105427,2024-09-29,Affiliate,Hyderabad,Female,44,0,Standard,Annual,Credit Card,Yes,3,671.0,1,0,20,17.0,2026-05-23,13420.0,,0
CUST-105428,2025-02-02,Email,Mumbai,Male,57,0,Basic,Monthly,Debit Card,No,1,278.0,1,1,15,28.0,2026-05-17,4170.0,,0
CUST-105429,2025-06-27,Paid Search,Mumbai,Male,64,1,Basic,Annual,UPI,Yes,2,309.0,0,0,11,26.0,2026-05-24,3399.0,,0
CUST-105430,2025-03-02,Paid Social,Ahmedabad,Male,36,0,Basic,Annual,UPI,Yes,3,378.0,1,0,14,25.0,2026-05-24,5292.0,,0
CUST-105431,2026-04-10,Paid Social,Pune,Male,23,0,Standard,Two-Year,Debit Card,Yes,1,547.0,0,0,1,9.0,2026-05-21,547.0,,0
CUST-105432,2026-02-16,Paid Search,Hyderabad,Female,40,0,Standard,Monthly,UPI,No,0,485.0,1,1,3,10.0,2026-05-15,1455.0,,0
CUST-105433,2024-06-21,Paid Social,Pune,Male,49,0,Basic,Two-Year,Debit Card,No,3,375.0,1,0,23,30.0,2026-05-13,8625.0,,0
CUST-105434,2024-12-07,Referral,Bengaluru,Male,58,0,Basic,Two-Year,Net Banking,Yes,1,257.0,1,1,17,20.0,2026-05-13,4369.0,,0
CUST-105435,2024-09-23,Organic Search,Surat,Female,32,0,Basic,Monthly,Net Banking,Yes,2,314.0,1,0,20,29.0,2026-05-15,6280.0,,0
CUST-105436,2024-09-12,Affiliate,Bengaluru,Male,66,1,Standard,Annual,Debit Card,Yes,0,476.0,1,0,20,23.0,2026-05-24,9520.0,,0
CUST-105437,2025-07-04,Organic Search,Kolkata,Male,19,0,Basic,Monthly,Credit Card,Yes,2,323.0,1,1,10,16.0,2026-05-16,3230.0,,0
CUST-105438,2025-12-01,Email,Pune,Female,48,0,Standard,Monthly,Net Banking,No,3,650.0,1,1,5,22.0,2026-05-18,3250.0,,0
CUST-105439,2025-11-14,Organic Search,Ahmedabad,Female,40,0,Standard,Annual,Credit Card,Yes,0,494.0,1,1,6,17.0,2026-05-05,2964.0,,0
CUST-105440,2025-04-08,Organic Search,Chennai,Male,54,0,Standard,Monthly,Net Banking,Yes,1,535.0,1,1,13,25.0,2026-05-12,6955.0,,0
CUST-105441,2025-03-24,Affiliate,Pune,Female,32,0,Basic,Monthly,UPI,No,2,333.0,1,1,14,21.0,2026-05-18,4662.0,,0
CUST-105442,2024-11-13,Affiliate,Pune,Female,66,1,Standard,Annual,Debit Card,Yes,2,637.0,1,1,18,21.0,2026-05-04,11466.0,,0
CUST-105443,2026-02-19,Referral,Mumbai,Female,18,0,Standard,Two-Year,UPI,Yes,1,568.0,1,1,3,23.0,2026-05-10,1704.0,,0
CUST-105444,2026-01-26,Email,Delhi,Male,60,1,Premium,Monthly,UPI,Yes,1,852.0,1,1,4,16.0,2026-05-29,3408.0,,0
CUST-105445,2025-02-24,Paid Social,Kolkata,Female,43,0,Standard,Monthly,Credit Card,Yes,2,608.0,1,0,15,24.0,2026-05-31,9120.0,,0
CUST-105446,2024-10-13,Affiliate,Mumbai,Female,44,0,Basic,Monthly,UPI,No,1,255.0,1,0,19,19.0,2026-05-05,4845.0,,0
CUST-105447,2025-05-09,Paid Social,Ahmedabad,Female,34,0,Basic,Monthly,UPI,No,0,198.0,1,0,12,22.0,2026-05-16,2376.0,,0
CUST-105448,2025-11-16,Paid Search,Mumbai,Female,38,0,Standard,Two-Year,Debit Card,Yes,0,506.0,1,1,6,23.0,2026-05-27,3036.0,,0
CUST-105449,2024-12-20,Paid Social,Bengaluru,Female,40,0,Standard,Monthly,Credit Card,Yes,1,565.0,1,0,17,17.0,2026-05-28,9605.0,,0
CUST-105450,2025-02-03,Organic Search,Chennai,Female,34,0,Standard,Annual,Debit Card,Yes,2,588.0,1,1,15,32.0,2026-05-17,8820.0,,0
CUST-105451,2024-09-17,Paid Search,Pune,Male,18,0,Standard,Monthly,Net Banking,Yes,0,509.0,1,1,20,13.0,2026-05-20,10180.0,,0
CUST-105452,2025-11-02,Referral,Jaipur,Male,38,0,Premium,Two-Year,Credit Card,No,3,985.0,1,1,6,25.0,2026-05-05,5910.0,,0
CUST-105453,2026-03-06,Organic Search,Bengaluru,Female,38,0,Premium,Monthly,Wallet,Yes,3,967.0,1,1,1,21.0,2026-04-05,967.0,2026-04-05,1
CUST-105454,2025-12-16,Email,Delhi,Male,55,0,Basic,Two-Year,UPI,No,0,184.0,0,0,5,20.0,2026-05-15,920.0,,0
CUST-105455,2026-01-07,Paid Search,Mumbai,Female,42,0,Basic,Annual,UPI,Yes,1,260.0,1,1,2,16.0,2026-03-08,520.0,2026-03-08,1
CUST-105456,2024-09-23,Organic Search,Mumbai,Female,46,0,Premium,Two-Year,UPI,No,1,862.0,1,0,20,20.0,2026-05-04,17240.0,,0
CUST-105457,2026-02-23,Paid Search,Hyderabad,Female,42,0,Standard,Monthly,Debit Card,No,0,482.0,1,1,0,10.0,2026-02-23,482.0,2026-02-23,1
CUST-105458,2026-01-23,Organic Search,Ahmedabad,Male,40,0,Premium,Two-Year,UPI,Yes,2,920.0,1,1,4,12.0,2026-05-26,3680.0,,0
CUST-105459,2025-01-18,Organic Search,Mumbai,Female,55,0,Standard,Monthly,Credit Card,No,2,622.0,1,1,16,20.0,2026-05-08,9952.0,,0
CUST-105460,2025-08-25,Referral,Kolkata,Female,53,0,Premium,Annual,Credit Card,No,2,932.0,1,1,9,23.0,2026-05-29,8388.0,,0
CUST-105461,2024-07-24,Organic Search,Bengaluru,Male,69,1,Basic,Annual,Net Banking,No,3,377.0,1,1,22,16.0,2026-05-29,8294.0,,0
CUST-105462,2026-02-17,Organic Search,Ahmedabad,Female,43,0,Standard,Monthly,Net Banking,Yes,2,589.0,1,0,3,16.0,2026-05-27,1767.0,,0
CUST-105463,2024-06-04,Referral,Hyderabad,Male,19,0,Standard,Monthly,UPI,No,3,683.0,1,1,4,27.0,2024-10-02,2732.0,2024-10-02,1
CUST-105464,2024-06-23,Organic Search,Bengaluru,Female,48,0,Basic,Monthly,UPI,Yes,3,354.0,1,1,23,27.0,2026-05-22,8142.0,,0
CUST-105465,2025-08-24,Affiliate,Kolkata,Male,38,0,Basic,Two-Year,Debit Card,No,3,366.0,1,1,9,29.0,2026-05-20,3294.0,,0
CUST-105466,2025-12-04,Referral,Hyderabad,Female,22,0,Basic,Monthly,Net Banking,No,2,299.0,1,1,5,13.0,2026-05-26,1495.0,,0
CUST-105467,2026-01-17,Organic Search,Ahmedabad,Male,62,1,Basic,Monthly,UPI,No,3,386.0,1,1,4,37.0,2026-05-30,1544.0,,0
CUST-105468,2026-05-20,Paid Search,Mumbai,Male,50,0,Premium,Annual,Debit Card,No,1,843.0,1,1,0,9.0,2026-05-16,843.0,,0
CUST-105469,2024-06-15,Organic Search,Mumbai,Male,50,0,Premium,Annual,UPI,No,3,994.0,1,1,23,22.0,2026-05-29,22862.0,,0
CUST-105470,2025-10-26,Paid Search,Hyderabad,Male,51,0,Premium,Monthly,UPI,Yes,2,902.0,1,1,7,3.0,2026-05-20,6314.0,,0
CUST-105471,2025-01-18,Organic Search,Bengaluru,Female,69,1,Premium,Monthly,UPI,No,1,829.0,1,1,16,10.0,2026-05-22,13264.0,,0
CUST-105472,2026-04-01,Email,Hyderabad,Female,53,0,Premium,Annual,Net Banking,No,0,794.0,1,0,1,9.0,2026-05-04,794.0,,0
CUST-105473,2024-12-31,Organic Search,Bengaluru,Male,55,0,Premium,Annual,Debit Card,Yes,1,839.0,1,1,17,29.0,2026-05-28,14263.0,,0
CUST-105474,2025-03-30,Referral,Delhi,Male,57,0,Basic,Monthly,Credit Card,Yes,1,279.0,1,1,14,31.0,2026-05-24,3906.0,,0
CUST-105475,2025-01-05,Organic Search,Ahmedabad,Female,55,0,Basic,Monthly,Debit Card,Yes,0,189.0,1,1,16,19.0,2026-05-03,3024.0,,0
CUST-105476,2025-10-25,Organic Search,Mumbai,Male,54,0,Premium,Annual,Credit Card,No,2,936.0,1,1,3,18.0,2026-01-23,2808.0,2026-01-23,1
CUST-105477,2026-03-21,Paid Social,Delhi,Male,21,0,Standard,Monthly,UPI,No,3,674.0,1,1,0,1.0,2026-03-21,674.0,2026-03-21,1
CUST-105478,2025-07-19,Paid Search,Bengaluru,Male,38,0,Standard,Two-Year,Net Banking,No,1,564.0,1,1,10,14.0,2026-05-06,5640.0,,0
CUST-105479,2025-02-10,Email,Jaipur,Female,32,0,Standard,Annual,UPI,Yes,3,671.0,1,1,15,11.0,2026-05-06,10065.0,,0
CUST-105480,2025-01-31,Organic Search,Mumbai,Female,64,1,Basic,Two-Year,Wallet,No,1,295.0,1,1,16,15.0,2026-05-21,4720.0,,0
CUST-105481,2025-10-12,Organic Search,Pune,Male,48,0,Basic,Monthly,Net Banking,Yes,1,242.0,1,1,7,16.0,2026-05-19,1694.0,,0
CUST-105482,2025-08-29,Paid Social,Mumbai,Female,44,0,Standard,Monthly,Debit Card,No,3,633.0,1,1,4,23.0,2025-12-27,2532.0,2025-12-27,1
CUST-105483,2024-11-23,Paid Social,Hyderabad,Female,45,0,Standard,Annual,Credit Card,No,2,623.0,1,1,18,19.0,2026-05-05,11214.0,,0
CUST-105484,2025-02-19,Affiliate,Ahmedabad,Female,53,0,Basic,Monthly,Net Banking,Yes,2,304.0,1,1,15,17.0,2026-05-27,4560.0,,0
CUST-105485,2026-04-21,Affiliate,Pune,Female,57,0,Standard,Monthly,UPI,Yes,0,502.0,0,0,1,10.0,2026-05-24,502.0,,0
CUST-105486,2026-04-24,Affiliate,Mumbai,Female,28,0,Basic,Monthly,Credit Card,No,2,318.0,1,1,1,18.0,2026-05-27,318.0,,0
CUST-105487,2025-03-11,Organic Search,Mumbai,Female,69,1,Standard,Monthly,UPI,No,3,671.0,1,1,14,30.0,2026-05-19,9394.0,,0
CUST-105488,2026-01-03,Paid Social,Bengaluru,Female,57,0,Standard,Monthly,Debit Card,No,0,493.0,1,1,4,18.0,2026-05-27,1972.0,,0
CUST-105489,2024-07-23,Referral,Delhi,Male,28,0,Standard,Monthly,Debit Card,Yes,0,505.0,1,1,22,12.0,2026-05-20,11110.0,,0
CUST-105490,2026-02-25,Paid Social,Bengaluru,Female,49,0,Premium,Monthly,UPI,Yes,3,974.0,0,0,3,17.0,2026-05-20,2922.0,,0
CUST-105491,2025-01-19,Paid Search,Delhi,Female,40,0,Standard,Annual,UPI,Yes,2,617.0,1,1,16,35.0,2026-05-09,9872.0,,0
CUST-105492,2025-09-07,Organic Search,Jaipur,Male,37,0,Premium,Monthly,Credit Card,Yes,0,792.0,0,0,8,11.0,2026-05-23,6336.0,,0
CUST-105493,2025-08-24,Paid Social,Delhi,Male,63,1,Premium,Annual,Wallet,No,2,943.0,1,1,9,24.0,2026-05-13,8487.0,,0
CUST-105494,2026-02-03,Affiliate,Bengaluru,Male,32,0,Premium,Annual,Debit Card,Yes,0,819.0,1,1,3,23.0,2026-05-14,2457.0,,0
CUST-105495,2026-04-29,Organic Search,Kolkata,Male,61,1,Standard,Annual,Credit Card,No,1,537.0,1,1,1,19.0,2026-05-03,537.0,,0
CUST-105496,2025-02-23,Email,Pune,Male,51,0,Standard,Two-Year,Wallet,No,0,499.0,0,0,15,11.0,2026-05-21,7485.0,,0
CUST-105497,2025-06-30,Paid Social,Delhi,Male,60,1,Standard,Two-Year,Net Banking,Yes,3,667.0,1,1,11,10.0,2026-05-27,7337.0,,0
CUST-105498,2025-09-26,Organic Search,Bengaluru,Male,56,0,Standard,Monthly,Debit Card,Yes,1,540.0,1,1,8,22.0,2026-05-29,4320.0,,0
CUST-105499,2025-08-02,Organic Search,Ahmedabad,Female,50,0,Basic,Monthly,Credit Card,No,1,211.0,1,1,9,18.0,2026-05-02,1899.0,,0
CUST-105500,2025-01-30,Organic Search,Bengaluru,Male,27,0,Basic,Annual,Credit Card,Yes,0,194.0,1,0,16,12.0,2026-05-22,3104.0,,0
CUST-105501,2025-03-06,Paid Search,Delhi,Male,69,1,Basic,Annual,UPI,Yes,2,315.0,1,1,14,25.0,2026-05-29,4410.0,,0
CUST-105502,2025-08-08,Organic Search,Hyderabad,Male,51,0,Standard,Monthly,Net Banking,No,2,639.0,1,1,9,21.0,2026-05-27,5751.0,,0
CUST-105503,2026-04-17,Paid Search,Chennai,Male,36,0,Basic,Two-Year,UPI,Yes,0,215.0,1,0,1,11.0,2026-05-15,215.0,,0
CUST-105504,2024-07-23,Affiliate,Mumbai,Male,31,0,Standard,Two-Year,Debit Card,No,3,686.0,1,1,22,14.0,2026-05-16,15092.0,,0
CUST-105505,2024-11-13,Paid Social,Ahmedabad,Female,24,0,Basic,Two-Year,Net Banking,No,1,270.0,1,0,18,16.0,2026-05-25,4860.0,,0
CUST-105506,2025-12-30,Organic Search,Delhi,Male,34,0,Basic,Monthly,Credit Card,Yes,1,272.0,1,1,5,27.0,2026-05-16,1360.0,,0
CUST-105507,2025-08-08,Paid Social,Bengaluru,Male,24,0,Standard,Monthly,UPI,Yes,0,506.0,1,1,9,20.0,2026-05-17,4554.0,,0
CUST-105508,2025-04-04,Referral,Delhi,Female,64,1,Premium,Monthly,UPI,Yes,0,820.0,1,1,13,18.0,2026-05-27,10660.0,,0
CUST-105509,2025-02-15,Paid Search,Pune,Female,40,0,Basic,Monthly,Debit Card,No,2,300.0,1,1,15,23.0,2026-05-09,4500.0,,0
CUST-105510,2026-05-19,Organic Search,Bengaluru,Male,50,0,Premium,Monthly,UPI,Yes,0,792.0,1,1,0,9.0,2026-05-19,792.0,2026-05-19,1
CUST-105511,2026-03-07,Paid Search,Jaipur,Male,59,0,Basic,Monthly,UPI,Yes,2,310.0,1,1,1,17.0,2026-04-06,310.0,2026-04-06,1
CUST-105512,2026-02-16,Paid Social,Delhi,Female,67,1,Standard,Two-Year,UPI,No,3,671.0,0,0,3,22.0,2026-05-29,2013.0,,0
CUST-105513,2024-12-26,Paid Social,Ahmedabad,Male,41,0,Basic,Monthly,Credit Card,Yes,0,197.0,1,0,17,12.0,2026-05-17,3349.0,,0
CUST-105514,2025-08-22,Organic Search,Delhi,Male,20,0,Basic,Annual,Credit Card,No,1,283.0,1,1,9,12.0,2026-05-12,2547.0,,0
CUST-105515,2026-04-30,Email,Pune,Female,49,0,Basic,Monthly,UPI,No,3,392.0,1,1,1,14.0,2026-05-06,392.0,,0
CUST-105516,2024-12-11,Organic Search,Mumbai,Female,67,1,Basic,Two-Year,Debit Card,Yes,1,277.0,1,1,17,19.0,2026-05-24,4709.0,,0
CUST-105517,2024-10-30,Organic Search,Mumbai,Female,36,0,Standard,Two-Year,Credit Card,No,1,558.0,1,1,19,16.0,2026-05-10,10602.0,,0
CUST-105518,2025-09-03,Organic Search,Delhi,Male,23,0,Standard,Annual,Credit Card,Yes,3,677.0,1,0,8,22.0,2026-05-15,5416.0,,0
CUST-105519,2024-10-22,Paid Search,Hyderabad,Female,55,0,Basic,Monthly,Net Banking,Yes,2,328.0,1,1,19,19.0,2026-05-16,6232.0,,0
CUST-105520,2025-12-04,Paid Social,Jaipur,Female,50,0,Premium,Monthly,UPI,Yes,2,925.0,1,1,0,29.0,2025-12-04,925.0,2025-12-04,1
CUST-105521,2026-02-20,Organic Search,Delhi,Female,25,0,Standard,Annual,Credit Card,No,3,685.0,1,1,3,20.0,2026-05-09,2055.0,,0
CUST-105522,2025-05-11,Paid Social,Mumbai,Male,18,0,Basic,Annual,UPI,No,2,354.0,1,0,12,23.0,2026-05-03,4248.0,,0
CUST-105523,2026-05-24,Referral,Delhi,Male,45,0,Basic,Two-Year,UPI,No,3,388.0,1,1,0,16.0,2026-05-15,388.0,,0
CUST-105524,2025-08-06,Paid Social,Delhi,Male,25,0,Basic,Monthly,Debit Card,Yes,2,307.0,1,1,3,29.0,2025-11-04,921.0,2025-11-04,1
CUST-105525,2025-03-27,Affiliate,Surat,Female,27,0,Premium,Monthly,Debit Card,No,2,908.0,1,1,14,32.0,2026-05-07,12712.0,,0
CUST-105526,2026-03-01,Paid Social,Bengaluru,Male,34,0,Standard,Monthly,Debit Card,Yes,2,632.0,1,1,0,17.0,2026-03-01,632.0,2026-03-01,1
CUST-105527,2025-08-29,Organic Search,Pune,Male,42,0,Basic,Monthly,Wallet,No,0,210.0,0,0,9,4.0,2026-05-09,1890.0,,0
CUST-105528,2024-09-09,Email,Jaipur,Male,60,1,Basic,Annual,Net Banking,Yes,0,214.0,1,1,20,5.0,2026-05-03,4280.0,,0
CUST-105529,2026-02-19,Affiliate,Pune,Male,40,0,Basic,Monthly,UPI,Yes,2,327.0,1,1,3,21.0,2026-05-09,981.0,,0
CUST-105530,2025-05-31,Paid Social,Mumbai,Female,61,1,Basic,Two-Year,Debit Card,Yes,2,303.0,1,1,12,20.0,2026-05-15,3636.0,,0
CUST-105531,2025-02-05,Affiliate,Pune,Male,49,0,Standard,Monthly,Debit Card,Yes,3,702.0,1,1,15,32.0,2026-05-16,10530.0,,0
CUST-105532,2026-02-22,Paid Search,Delhi,Male,38,0,Premium,Monthly,Debit Card,Yes,3,999.0,1,1,1,23.0,2026-03-24,999.0,2026-03-24,1
CUST-105533,2025-12-16,Paid Social,Delhi,Female,44,0,Basic,Monthly,Credit Card,Yes,2,313.0,1,1,4,14.0,2026-04-15,1252.0,2026-04-15,1
CUST-105534,2025-03-13,Affiliate,Surat,Female,25,0,Basic,Annual,Wallet,No,0,204.0,1,0,14,22.0,2026-05-03,2856.0,,0
CUST-105535,2026-05-20,Referral,Mumbai,Female,68,1,Basic,Annual,Credit Card,No,2,322.0,1,0,0,6.0,2026-05-30,322.0,,0
CUST-105536,2026-03-07,Paid Social,Bengaluru,Female,33,0,Basic,Two-Year,Net Banking,No,2,313.0,1,1,2,21.0,2026-05-27,626.0,,0
CUST-105537,2024-10-05,Paid Search,Mumbai,Male,64,1,Standard,Monthly,Credit Card,Yes,3,662.0,1,0,19,22.0,2026-05-20,12578.0,,0
CUST-105538,2025-07-12,Paid Social,Mumbai,Male,51,0,Premium,Monthly,Net Banking,Yes,2,928.0,1,1,4,23.0,2025-11-09,3712.0,2025-11-09,1
CUST-105539,2025-09-09,Organic Search,Pune,Male,33,0,Standard,Annual,UPI,Yes,2,597.0,1,1,8,18.0,2026-05-03,4776.0,,0
CUST-105540,2025-03-20,Email,Hyderabad,Female,43,0,Basic,Two-Year,UPI,No,0,190.0,1,1,14,17.0,2026-05-03,2660.0,,0
CUST-105541,2025-06-24,Paid Search,Pune,Female,24,0,Premium,Monthly,Credit Card,No,3,1005.0,1,1,11,19.0,2026-05-16,11055.0,,0
CUST-105542,2026-05-24,Paid Search,Delhi,Male,50,0,Premium,Monthly,Credit Card,Yes,1,865.0,1,1,0,20.0,2026-05-10,865.0,,0
CUST-105543,2025-07-19,Paid Search,Ahmedabad,Female,21,0,Basic,Monthly,UPI,Yes,3,385.0,1,1,10,29.0,2026-05-31,3850.0,,0
CUST-105544,2024-09-27,Paid Search,Bengaluru,Female,51,0,Premium,Annual,Debit Card,Yes,0,795.0,0,0,20,11.0,2026-05-26,15900.0,,0
CUST-105545,2026-02-12,Paid Social,Bengaluru,Female,28,0,Standard,Monthly,Net Banking,No,3,656.0,1,0,3,24.0,2026-05-07,1968.0,,0
CUST-105546,2025-02-09,Email,Chennai,Male,24,0,Standard,Monthly,Net Banking,No,1,565.0,1,1,15,10.0,2026-05-11,8475.0,,0
CUST-105547,2024-09-30,Paid Search,Pune,Male,29,0,Standard,Monthly,UPI,No,0,506.0,1,1,20,13.0,2026-05-05,10120.0,,0
CUST-105548,2024-11-08,Referral,Kolkata,Female,22,0,Basic,Annual,Credit Card,No,3,391.0,1,1,18,30.0,2026-05-06,7038.0,,0
CUST-105549,2026-01-28,Paid Social,Chennai,Female,64,1,Standard,Monthly,Net Banking,Yes,3,673.0,1,0,4,15.0,2026-05-15,2692.0,,0
CUST-105550,2026-05-18,Paid Social,Delhi,Female,66,1,Standard,Monthly,Wallet,Yes,3,673.0,1,1,0,15.0,2026-05-18,673.0,2026-05-18,1
CUST-105551,2024-10-13,Organic Search,Pune,Female,66,1,Premium,Annual,UPI,Yes,3,988.0,1,0,19,24.0,2026-05-03,18772.0,,0
CUST-105552,2024-09-18,Paid Social,Hyderabad,Male,55,0,Basic,Monthly,UPI,No,2,300.0,0,0,20,0.0,2026-05-18,6000.0,,0
CUST-105553,2026-05-11,Organic Search,Jaipur,Female,29,0,Basic,Monthly,UPI,No,2,331.0,1,0,0,12.0,2026-05-13,331.0,,0
CUST-105554,2024-08-27,Paid Search,Delhi,Male,57,0,Standard,Monthly,Credit Card,Yes,0,497.0,1,1,21,14.0,2026-05-05,10437.0,,0
CUST-105555,2025-07-12,Affiliate,Pune,Male,57,0,Standard,Monthly,Net Banking,Yes,1,563.0,0,0,10,15.0,2026-05-08,5630.0,,0
CUST-105556,2024-12-10,Paid Social,Delhi,Male,30,0,Basic,Monthly,UPI,Yes,1,294.0,1,1,17,19.0,2026-05-30,4998.0,,0
CUST-105557,2024-10-24,Paid Social,Hyderabad,Male,61,1,Standard,Monthly,Debit Card,Yes,1,555.0,1,0,19,16.0,2026-05-02,10545.0,,0
CUST-105558,2025-08-18,Referral,Jaipur,Male,69,1,Standard,Monthly,UPI,Yes,1,561.0,1,1,9,27.0,2026-05-06,5049.0,,0
CUST-105559,2024-10-07,Organic Search,Jaipur,Female,37,0,Standard,Annual,UPI,No,2,619.0,1,1,19,33.0,2026-05-10,11761.0,,0
CUST-105560,2024-12-11,Email,Mumbai,Female,48,0,Basic,Annual,Credit Card,Yes,2,289.0,1,1,17,21.0,2026-05-10,4913.0,,0
CUST-105561,2025-09-16,Paid Social,Mumbai,Male,63,1,Standard,Monthly,Credit Card,No,2,628.0,0,0,8,12.0,2026-05-27,5024.0,,0
CUST-105562,2025-01-25,Organic Search,Hyderabad,Male,31,0,Standard,Annual,UPI,Yes,1,524.0,1,1,16,28.0,2026-05-13,8384.0,,0
CUST-105563,2026-05-20,Organic Search,Pune,Male,69,1,Standard,Monthly,UPI,Yes,3,690.0,1,1,0,20.0,2026-05-30,690.0,,0
CUST-105564,2025-06-25,Email,Kolkata,Male,33,0,Standard,Two-Year,UPI,No,2,609.0,1,1,11,17.0,2026-05-14,6699.0,,0
CUST-105565,2024-08-21,Organic Search,Delhi,Male,68,1,Standard,Monthly,Wallet,Yes,1,548.0,1,1,4,23.0,2024-12-19,2192.0,2024-12-19,1
CUST-105566,2025-09-07,Paid Search,Chennai,Female,30,0,Basic,Monthly,Net Banking,No,3,378.0,1,1,8,21.0,2026-05-15,3024.0,,0
CUST-105567,2025-08-19,Organic Search,Hyderabad,Female,56,0,Basic,Monthly,Credit Card,No,1,239.0,1,1,3,24.0,2025-11-17,717.0,2025-11-17,1
CUST-105568,2025-07-28,Organic Search,Mumbai,Male,45,0,Basic,Monthly,Wallet,Yes,3,377.0,1,1,10,17.0,2026-05-23,3770.0,,0
CUST-105569,2026-05-02,Affiliate,Ahmedabad,Female,37,0,Standard,Monthly,Credit Card,No,2,603.0,1,0,0,15.0,2026-05-26,603.0,,0
CUST-105570,2025-08-23,Organic Search,Hyderabad,F,40,0,Standard,Monthly,UPI,Yes,3,660.0,1,1,9,28.0,2026-05-26,5940.0,,0
CUST-105571,2025-12-02,Organic Search,Mumbai,Male,29,0,Premium,Annual,Credit Card,Yes,3,976.0,1,1,0,8.0,2025-12-02,976.0,2025-12-02,1
CUST-105572,2025-10-03,Paid Search,Chennai,Male,52,0,Standard,Monthly,Net Banking,No,0,517.0,1,1,7,13.0,2026-05-13,3619.0,,0
CUST-105573,2024-12-02,Affiliate,Bengaluru,Male,69,1,Standard,Monthly,Debit Card,Yes,1,570.0,1,1,17,24.0,2026-05-14,9690.0,,0
CUST-105574,2026-03-02,Paid Social,Bengaluru,Male,48,0,Standard,Two-Year,Wallet,No,1,551.0,1,1,2,14.0,2026-05-23,1102.0,,0
CUST-105575,2025-10-07,Organic Search,Mumbai,Female,32,0,Basic,Monthly,Credit Card,Yes,1,257.0,1,1,7,26.0,2026-05-21,1799.0,,0
CUST-105576,2025-10-06,Email,Surat,Male,52,0,Standard,Monthly,Wallet,No,0,491.0,1,1,7,9.0,2026-05-17,3437.0,,0
CUST-105577,2024-07-25,Referral,Hyderabad,Male,40,0,Basic,Monthly,Debit Card,Yes,3,361.0,1,1,22,25.0,2026-05-24,7942.0,,0
CUST-105578,2025-11-08,Affiliate,Chennai,Male,65,1,Standard,Monthly,Net Banking,Yes,0,483.0,1,0,6,12.0,2026-05-13,2898.0,,0
CUST-105579,2024-08-07,Referral,Hyderabad,Male,31,0,Premium,Annual,Wallet,No,1,863.0,1,1,21,8.0,2026-05-14,18123.0,,0
CUST-105580,2025-03-17,Referral,Pune,Female,44,0,Standard,Monthly,UPI,No,3,668.0,1,1,14,21.0,2026-05-18,9352.0,,0
CUST-105581,2025-07-15,Paid Social,Jaipur,Male,43,0,Basic,Monthly,Debit Card,No,1,258.0,1,1,10,14.0,2026-05-15,2580.0,,0
CUST-105582,2026-04-20,Paid Social,Pune,Female,64,1,Standard,Annual,UPI,Yes,1,544.0,1,0,1,11.0,2026-05-11,544.0,,0
CUST-105583,2024-10-10,Referral,Bengaluru,Male,23,0,Premium,Annual,Net Banking,No,3,991.0,1,1,19,18.0,2026-05-22,18829.0,,0
CUST-105584,2026-01-11,Referral,Mumbai,Male,50,0,Basic,Annual,Credit Card,Yes,2,329.0,1,1,4,31.0,2026-05-21,1316.0,,0
CUST-105585,2025-06-27,Email,Mumbai,Male,60,1,Premium,Monthly,UPI,Yes,3,1002.0,1,1,11,17.0,2026-05-12,11022.0,,0
CUST-105586,2025-07-30,Paid Search,Hyderabad,Female,36,0,Premium,Monthly,Credit Card,Yes,1,879.0,1,0,10,19.0,2026-05-16,8790.0,,0
CUST-105587,2026-03-27,Paid Social,Delhi,Male,44,0,Standard,Two-Year,UPI,Yes,0,485.0,1,0,2,15.0,2026-05-30,970.0,,0
CUST-105588,2025-04-23,Paid Social,Hyderabad,Female,33,0,Basic,Monthly,Credit Card,Yes,1,246.0,1,0,13,21.0,2026-05-03,3198.0,,0
CUST-105589,2024-09-08,Paid Search,Jaipur,Male,39,0,Basic,Two-Year,UPI,No,3,384.0,1,1,20,36.0,2026-05-04,7680.0,,0
CUST-105590,2024-06-14,Paid Social,Delhi,Female,67,1,Basic,Annual,Wallet,Yes,2,306.0,1,0,23,30.0,2026-05-15,7038.0,,0
CUST-105591,2025-02-15,Referral,Ahmedabad,Female,36,0,Basic,Annual,Credit Card,Yes,3,383.0,1,1,15,20.0,2026-05-27,5745.0,,0
CUST-105592,2026-05-21,Paid Search,Pune,Female,28,0,Standard,Monthly,Wallet,No,3,674.0,1,1,0,22.0,2026-05-21,674.0,2026-05-21,1
CUST-105593,2024-11-06,Organic Search,Ahmedabad,Male,48,0,Premium,Two-Year,UPI,Yes,3,993.0,1,1,18,32.0,2026-05-02,17874.0,,0
CUST-105594,2024-09-12,Paid Search,Chennai,Male,42,0,Basic,Two-Year,UPI,Yes,3,393.0,1,0,20,22.0,2026-05-05,7860.0,,0
CUST-105595,2024-06-26,Paid Search,Bengaluru,Female,58,0,Standard,Annual,Wallet,Yes,1,554.0,1,1,23,27.0,2026-05-14,12742.0,,0
CUST-105596,2025-06-07,Affiliate,Bengaluru,Female,19,0,Standard,Two-Year,Debit Card,Yes,3,652.0,1,1,11,24.0,2026-05-18,7172.0,,0
CUST-105597,2025-02-18,Paid Social,Bengaluru,Male,64,1,Basic,Annual,UPI,No,2,334.0,1,1,15,12.0,2026-05-10,5010.0,,0
CUST-105598,2025-02-05,Paid Search,Bengaluru,Male,54,0,Standard,Annual,Net Banking,Yes,3,670.0,1,0,15,37.0,2026-05-08,10050.0,,0
CUST-105599,2025-08-12,Paid Social,Delhi,Male,61,1,Premium,Annual,UPI,Yes,1,859.0,1,0,9,6.0,2026-05-15,7731.0,,0
CUST-105600,2025-01-24,Paid Search,Mumbai,Male,39,0,Basic,Annual,UPI,Yes,0,197.0,1,1,16,8.0,2026-05-12,3152.0,,0
CUST-105601,2024-07-11,Organic Search,Delhi,Male,41,0,Basic,Annual,Debit Card,Yes,1,265.0,1,1,22,16.0,2026-05-12,5830.0,,0
CUST-105602,2025-04-02,Affiliate,Kolkata,Male,35,0,Standard,Annual,Debit Card,Yes,1,550.0,1,1,13,25.0,2026-05-15,7150.0,,0
CUST-105603,2025-11-22,Affiliate,Mumbai,Male,61,1,Basic,Annual,Debit Card,Yes,2,302.0,1,1,6,25.0,2026-05-14,1812.0,,0
CUST-105604,2025-07-23,Paid Search,Delhi,Female,21,0,Premium,Two-Year,UPI,Yes,2,921.0,1,0,10,35.0,2026-05-05,9210.0,,0
CUST-105605,2026-04-13,Paid Search,Mumbai,Female,45,0,Premium,Monthly,UPI,No,1,871.0,1,0,1,22.0,2026-05-25,871.0,,0
CUST-105606,2024-06-08,Organic Search,Delhi,Female,31,0,Basic,Annual,UPI,Yes,2,317.0,1,1,23,23.0,2026-05-26,7291.0,,0
CUST-105607,2024-07-15,Paid Search,Mumbai,Male,51,0,Standard,Annual,Credit Card,Yes,1,557.0,1,1,22,28.0,2026-05-24,12254.0,,0
CUST-105608,2024-09-21,Paid Social,Hyderabad,Female,68,1,Standard,Annual,UPI,No,2,601.0,1,1,20,18.0,2026-05-02,12020.0,,0
CUST-105609,2024-06-25,Referral,Ahmedabad,Male,53,0,Standard,Monthly,Debit Card,Yes,2,627.0,0,0,23,21.0,2026-05-07,14421.0,,0
CUST-105610,2025-08-22,Organic Search,Pune,Female,20,0,Standard,Monthly,Net Banking,Yes,1,568.0,1,1,3,14.0,2025-11-20,1704.0,2025-11-20,1
CUST-105611,2025-08-29,Referral,Mumbai,Male,38,0,Premium,Monthly,Wallet,No,0,797.0,0,0,9,21.0,2026-05-07,7173.0,,0
CUST-105612,2025-11-21,Paid Social,Bengaluru,Male,19,0,Basic,Annual,Net Banking,Yes,0,184.0,1,1,6,14.0,2026-05-09,1104.0,,0
CUST-105613,2024-10-30,Paid Search,Mumbai,F,43,0,Standard,Annual,UPI,No,3,680.0,0,0,19,13.0,2026-05-04,12920.0,,0
CUST-105614,2025-10-06,Paid Search,Hyderabad,Male,27,0,Basic,Annual,Credit Card,No,3,381.0,0,0,7,13.0,2026-05-15,2667.0,,0
CUST-105615,2024-10-06,Organic Search,Jaipur,Female,54,0,Basic,Annual,Wallet,Yes,3,378.0,1,1,19,16.0,2026-05-02,7182.0,,0
CUST-105616,2026-05-24,Paid Social,Mumbai,Female,45,0,Premium,Monthly,UPI,Yes,2,903.0,1,1,0,23.0,2026-05-31,903.0,,0
CUST-105617,2024-12-01,Affiliate,Jaipur,Male,34,0,Standard,Annual,UPI,Yes,1,563.0,1,1,17,18.0,2026-05-26,9571.0,,0
CUST-105618,2024-07-05,Paid Search,Delhi,Male,62,1,Standard,Two-Year,UPI,Yes,3,681.0,1,0,22,23.0,2026-05-11,14982.0,,0
CUST-105619,2024-10-13,Organic Search,Bengaluru,Female,56,0,Basic,Annual,Debit Card,Yes,3,385.0,1,1,19,26.0,2026-05-02,7315.0,,0
CUST-105620,2025-06-11,Paid Social,Hyderabad,Female,50,0,Premium,Monthly,Wallet,No,1,857.0,0,0,11,17.0,2026-05-24,9427.0,,0
CUST-105621,2025-11-03,Paid Social,Mumbai,Female,36,0,Basic,Monthly,Credit Card,Yes,3,398.0,1,0,6,16.0,2026-05-14,2388.0,,0
CUST-105622,2025-04-02,Paid Search,Bengaluru,Male,32,0,Standard,Annual,Credit Card,No,0,499.0,1,0,13,16.0,2026-05-28,6487.0,,0
CUST-105623,2025-01-19,Paid Search,Ahmedabad,Female,48,0,Basic,Monthly,Debit Card,Yes,2,340.0,0,0,16,16.0,2026-05-14,5440.0,,0
CUST-105624,2024-10-24,Organic Search,Hyderabad,Male,59,0,Standard,Annual,Net Banking,No,0,502.0,1,1,19,19.0,2026-05-07,9538.0,,0
CUST-105625,2024-08-29,Paid Search,Delhi,Male,61,1,Standard,Two-Year,UPI,Yes,2,602.0,1,1,21,21.0,2026-05-23,12642.0,,0
CUST-105626,2026-03-12,Referral,Kolkata,Female,58,0,Basic,Two-Year,Debit Card,Yes,1,272.0,1,1,2,14.0,2026-05-14,544.0,,0
CUST-105627,2025-11-26,Referral,Mumbai,Male,19,0,Standard,Monthly,Wallet,Yes,0,494.0,1,1,5,17.0,2026-04-25,2470.0,2026-04-25,1
CUST-105628,2024-09-13,Organic Search,Jaipur,Male,69,1,Basic,Monthly,Wallet,Yes,3,372.0,1,1,20,27.0,2026-05-26,7440.0,,0
CUST-105629,2024-09-21,Paid Social,Mumbai,Male,30,0,Standard,Annual,UPI,No,3,695.0,1,1,20,35.0,2026-05-20,13900.0,,0
CUST-105630,2025-06-03,Paid Social,Pune,Female,18,0,Standard,Two-Year,UPI,No,1,540.0,0,0,11,9.0,2026-05-26,5940.0,,0
CUST-105631,2025-02-12,Organic Search,Delhi,Female,47,0,Premium,Monthly,Wallet,Yes,0,773.0,1,1,11,6.0,2026-01-08,8503.0,2026-01-08,1
CUST-105632,2024-10-19,Paid Social,Mumbai,Female,41,0,Basic,Monthly,Wallet,Yes,1,256.0,1,1,19,6.0,2026-05-22,4864.0,,0
CUST-105633,2025-04-18,Organic Search,Ahmedabad,Male,23,0,Basic,Annual,UPI,No,3,384.0,0,0,13,18.0,2026-05-31,4992.0,,0
CUST-105634,2025-04-15,Organic Search,Pune,Male,29,0,Basic,Monthly,UPI,Yes,3,392.0,1,1,13,22.0,2026-05-29,5096.0,,0
CUST-105635,2025-07-29,Paid Search,Mumbai,Female,28,0,Basic,Monthly,UPI,No,1,261.0,1,1,7,15.0,2026-02-24,1827.0,2026-02-24,1
CUST-105636,2025-12-29,Organic Search,Bengaluru,Male,40,0,Standard,Two-Year,Debit Card,Yes,2,585.0,1,0,5,11.0,2026-05-21,2925.0,,0
CUST-105637,2024-12-20,Referral,Surat,Male,56,0,Basic,Monthly,UPI,Yes,2,304.0,1,1,17,31.0,2026-05-30,5168.0,,0
CUST-105638,2025-10-24,Organic Search,Delhi,Male,53,0,Basic,Monthly,UPI,Yes,1,240.0,1,1,7,6.0,2026-05-07,1680.0,,0
CUST-105639,2025-11-14,Paid Search,Ahmedabad,Female,19,0,Basic,Monthly,Net Banking,Yes,2,291.0,1,1,6,33.0,2026-05-31,1746.0,,0
CUST-105640,2025-10-24,Paid Social,Mumbai,Female,27,0,Standard,Monthly,UPI,No,0,496.0,1,0,7,18.0,2026-05-09,3472.0,,0
CUST-105641,2026-04-09,Referral,Ahmedabad,Male,49,0,Standard,Monthly,Wallet,Yes,1,567.0,1,1,1,28.0,2026-05-09,567.0,2026-05-09,1
CUST-105642,2024-11-04,Referral,Bengaluru,Male,59,0,Basic,Monthly,Credit Card,No,2,334.0,1,1,18,15.0,2026-05-18,6012.0,,0
CUST-105643,2025-11-19,Paid Social,Hyderabad,Female,19,0,Premium,Monthly,Credit Card,Yes,3,986.0,1,0,6,16.0,2026-05-31,5916.0,,0
CUST-105644,2024-06-17,Paid Search,Delhi,Female,35,0,Basic,Annual,Wallet,No,3,371.0,1,1,23,22.0,2026-05-28,8533.0,,0
CUST-105645,2025-01-30,Organic Search,Mumbai,Male,24,0,Standard,Monthly,UPI,No,1,575.0,1,0,16,14.0,2026-05-07,9200.0,,0
CUST-105646,2025-11-07,Paid Search,Pune,Male,43,0,Basic,Annual,UPI,Yes,0,196.0,0,0,6,18.0,2026-05-04,1176.0,,0
CUST-105647,2026-04-10,Organic Search,Delhi,Female,38,0,Premium,Two-Year,Credit Card,No,0,800.0,1,0,1,18.0,2026-05-15,800.0,,0
CUST-105648,2024-08-17,Paid Social,Bengaluru,Female,27,0,Basic,Two-Year,Credit Card,Yes,0,189.0,1,1,21,11.0,2026-05-28,3969.0,,0
CUST-105649,2025-11-16,Organic Search,Jaipur,Female,68,1,Premium,Monthly,Credit Card,Yes,3,975.0,1,1,4,34.0,2026-03-16,3900.0,2026-03-16,1
CUST-105650,2025-03-12,Affiliate,Delhi,Female,57,0,Standard,Monthly,Wallet,Yes,0,493.0,1,0,14,4.0,2026-05-23,6902.0,,0
CUST-105651,2025-06-26,Paid Social,Bengaluru,Female,46,0,Standard,Annual,Wallet,Yes,1,538.0,0,0,11,21.0,2026-05-24,5918.0,,0
CUST-105652,2026-02-06,Paid Search,Chennai,Male,57,0,Standard,Monthly,UPI,Yes,2,629.0,1,1,3,22.0,2026-05-17,1887.0,,0
CUST-105653,2026-02-12,Paid Social,Hyderabad,Male,34,0,Basic,Annual,UPI,Yes,0,202.0,1,1,3,19.0,2026-05-24,606.0,,0
CUST-105654,2025-03-26,Paid Social,Hyderabad,Male,66,1,Basic,Annual,Credit Card,No,1,271.0,1,1,14,0.0,2026-05-31,3794.0,,0
CUST-105655,2026-03-02,Organic Search,Chennai,Female,39,0,Premium,Monthly,Wallet,No,0,788.0,1,1,2,13.0,2026-05-22,1576.0,,0
CUST-105656,2025-05-06,Affiliate,Bengaluru,Male,38,0,Standard,Monthly,UPI,No,1,570.0,1,1,12,15.0,2026-05-18,6840.0,,0
CUST-105657,2024-11-15,Referral,Bengaluru,Male,47,0,Basic,Two-Year,UPI,No,1,235.0,1,1,18,23.0,2026-05-09,4230.0,,0
CUST-105658,2026-04-30,Organic Search,Hyderabad,Male,48,0,Basic,Annual,UPI,No,2,327.0,1,1,1,12.0,2026-05-23,327.0,,0
CUST-105659,2025-02-17,Referral,Hyderabad,Female,50,0,Basic,Annual,Wallet,No,3,389.0,1,1,15,26.0,2026-05-27,5835.0,,0
CUST-105660,2026-03-25,Paid Social,Pune,Female,61,1,Standard,Annual,UPI,Yes,3,663.0,1,1,2,28.0,2026-05-24,1326.0,2026-05-24,1
CUST-105661,2026-04-02,Organic Search,Delhi,Male,31,0,Standard,Monthly,Credit Card,No,2,636.0,1,1,0,24.0,2026-04-02,636.0,2026-04-02,1
CUST-105662,2024-08-06,Paid Search,Chennai,Male,54,0,Standard,Monthly,UPI,Yes,2,642.0,1,1,21,21.0,2026-05-13,13482.0,,0
CUST-105663,2025-11-02,Organic Search,Mumbai,Female,28,0,Basic,Annual,Debit Card,Yes,0,190.0,1,1,6,26.0,2026-05-07,1140.0,,0
CUST-105664,2026-02-22,Organic Search,Mumbai,Male,30,0,Premium,Monthly,UPI,Yes,2,941.0,1,1,3,27.0,2026-05-08,2823.0,,0
CUST-105665,2024-10-28,Referral,Delhi,Female,43,0,Basic,Annual,Credit Card,Yes,2,293.0,1,0,19,17.0,2026-05-23,5567.0,,0
CUST-105666,2025-05-27,Organic Search,Mumbai,Male,45,0,Basic,Monthly,UPI,Yes,3,377.0,1,0,12,23.0,2026-05-15,4524.0,,0
CUST-105667,2026-05-23,Affiliate,Pune,Female,51,0,Premium,Two-Year,UPI,No,2,880.0,1,1,0,28.0,2026-05-25,880.0,,0
CUST-105668,2026-01-03,Paid Search,Mumbai,Male,25,0,Standard,Annual,UPI,Yes,3,693.0,1,1,4,35.0,2026-05-13,2772.0,,0
CUST-105669,2025-02-04,Affiliate,Pune,Female,60,1,Standard,Monthly,Net Banking,Yes,3,656.0,1,1,15,17.0,2026-05-03,9840.0,,0
CUST-105670,2025-02-12,Paid Search,Bengaluru,Male,46,0,Premium,Annual,Debit Card,No,0,770.0,1,1,15,11.0,2026-05-02,11550.0,,0
CUST-105671,2024-08-19,Affiliate,Mumbai,Male,48,0,Basic,Annual,UPI,No,2,323.0,1,1,21,14.0,2026-05-30,6783.0,,0
CUST-105672,2026-04-29,Paid Social,Mumbai,Female,56,0,Basic,Annual,UPI,No,3,395.0,1,0,1,13.0,2026-05-10,395.0,,0
CUST-105673,2026-03-05,Paid Search,Bengaluru,Female,54,0,Basic,Monthly,Credit Card,Yes,1,253.0,1,1,0,19.0,2026-03-05,253.0,2026-03-05,1
CUST-105674,2026-01-02,Paid Search,Hyderabad,Female,40,0,Basic,Monthly,UPI,Yes,3,381.0,0,0,4,17.0,2026-05-09,1524.0,,0
CUST-105675,2025-03-23,Affiliate,Delhi,Female,43,0,Standard,Annual, UPI ,No,3,705.0,1,1,14,27.0,2026-05-26,9870.0,,0
CUST-105676,2025-04-24,Organic Search,Mumbai,Female,30,0,Standard,Monthly,UPI,Yes,3,665.0,1,1,0,18.0,2025-04-24,665.0,2025-04-24,1
CUST-105677,2025-03-02,Paid Search,Delhi,Female,47,0,Basic,Annual,Debit Card,Yes,1,244.0,1,1,14,12.0,2026-05-11,3416.0,,0
CUST-105678,2025-02-18,Referral,Ahmedabad,Male,28,0,Standard,Monthly,Debit Card,Yes,1,575.0,1,1,15,26.0,2026-05-03,8625.0,,0
CUST-105679,2024-07-17,Paid Social,Ahmedabad,Female,51,0,Basic,Two-Year,Wallet,No,3,382.0,1,1,22,22.0,2026-05-19,8404.0,,0
CUST-105680,2024-11-01,Affiliate,Surat,Male,39,0,Basic,Two-Year,Debit Card,Yes,1,280.0,1,0,18,26.0,2026-05-24,5040.0,,0
CUST-105681,2025-08-20,Paid Social,Ahmedabad,Male,30,0,Basic,Monthly,UPI,No,0,180.0,1,1,6,10.0,2026-02-16,1080.0,2026-02-16,1
CUST-105682,2024-12-18,Organic Search,Ahmedabad,Female,42,0,Standard,Monthly,UPI,No,2,592.0,1,1,17,32.0,2026-05-14,10064.0,,0
CUST-105683,2024-09-20,Paid Search,Kolkata,Male,66,1,Standard,Monthly,Credit Card,No,2,597.0,1,0,20,22.0,2026-05-17,11940.0,,0
CUST-105684,2025-04-19,Paid Social,Pune,Male,47,0,Premium,Two-Year,UPI,Yes,0,810.0,1,0,13,9.0,2026-05-23,10530.0,,0
CUST-105685,2026-01-09,Organic Search,Delhi,Male,35,0,Premium,Monthly,UPI,Yes,0,817.0,1,1,4,3.0,2026-05-07,3268.0,,0
CUST-105686,2025-02-14,Organic Search,Pune,Male,41,0,Standard,Annual,Wallet,No,2,635.0,1,0,15,22.0,2026-05-13,9525.0,,0
CUST-105687,2025-12-02,Organic Search,Jaipur,Female,49,0,Standard,Annual,UPI,No,3,687.0,1,1,0,26.0,2025-12-02,687.0,2025-12-02,1
CUST-105688,2025-09-13,Referral,Ahmedabad,Male,25,0,Standard,Monthly,Debit Card,Yes,2,638.0,1,0,8,23.0,2026-05-16,5104.0,,0
CUST-105689,2025-01-25,Affiliate,Mumbai,Male,47,0,Premium,Annual,UPI,Yes,1,850.0,1,1,16,7.0,2026-05-19,13600.0,,0
CUST-105690,2025-09-07,Paid Search,Kolkata,Male,19,0,Standard,Monthly,UPI,No,3,649.0,1,1,8,10.0,2026-05-07,5192.0,,0
CUST-105691,2025-06-07,Organic Search,Chennai,Male,62,1,Basic,Monthly,UPI,No,3,355.0,1,1,6,7.0,2025-12-04,2130.0,2025-12-04,1
CUST-105692,2024-10-20,Paid Search,Surat,Male,49,0,Basic,Two-Year,UPI,Yes,1,237.0,1,0,19,13.0,2026-05-17,4503.0,,0
CUST-105693,2025-04-07,Affiliate,Delhi,Male,23,0,Premium,Monthly,UPI,Yes,3,950.0,1,1,13,26.0,2026-05-13,12350.0,,0
CUST-105694,2024-12-08,Referral,Jaipur,Female,42,0,Basic,Monthly,Wallet,Yes,3,359.0,1,1,17,23.0,2026-05-22,6103.0,,0
CUST-105695,2025-07-06,Paid Social,Delhi,Female,63,1,Standard,Annual,Debit Card,Yes,0,485.0,1,1,10,5.0,2026-05-08,4850.0,,0
CUST-105696,2024-07-03,Organic Search,Hyderabad,Male,68,1,Premium,Annual,UPI,Yes,2,928.0,1,1,22,11.0,2026-05-25,20416.0,,0
CUST-105697,2024-07-29,Affiliate,Kolkata,Male,25,0,Basic,Annual,UPI,No,0,203.0,1,0,22,19.0,2026-05-21,4466.0,,0
CUST-105698,2025-03-06,Affiliate,Mumbai,Male,32,0,Basic,Monthly,Wallet,Yes,2,342.0,0,0,14,25.0,2026-05-25,4788.0,,0
CUST-105699,2025-06-10,Organic Search,Mumbai,Male,25,0,Basic,Annual,UPI,Yes,3,360.0,1,1,11,27.0,2026-05-02,3960.0,,0
CUST-105700,2025-05-12,Affiliate,Pune,Male,37,0,Standard,Monthly,UPI,Yes,3,685.0,1,1,12,33.0,2026-05-20,8220.0,,0
CUST-105701,2024-07-30,Organic Search,Chennai,Female,62,1,Standard,Monthly,Net Banking,Yes,2,639.0,1,1,22,23.0,2026-05-18,14058.0,,0
CUST-105702,2024-08-16,Organic Search,Ahmedabad,Female,54,0,Basic,Monthly,Credit Card,No,2,311.0,1,0,21,29.0,2026-05-04,6531.0,,0
CUST-105703,2024-08-15,Referral,Kolkata,Male,31,0,Standard,Annual,UPI,Yes,3,672.0,1,1,21,41.0,2026-05-16,14112.0,,0
CUST-105704,2024-08-02,Paid Search,Delhi,Male,34,0,Standard,Annual,Debit Card,Yes,0,520.0,0,0,21,15.0,2026-05-14,10920.0,,0
CUST-105705,2026-01-28,Paid Social,Delhi,Female,49,0,Basic,Monthly,UPI,Yes,2,314.0,1,1,4,23.0,2026-05-18,1256.0,,0
CUST-105706,2024-12-13,Affiliate,Delhi,Female,49,0,Basic,Monthly,Credit Card,Yes,1,280.0,1,1,17,3.0,2026-05-25,4760.0,,0
CUST-105707,2026-01-01,Affiliate,Jaipur,Male,42,0,Basic,Annual,UPI,No,3,357.0,1,1,4,28.0,2026-05-28,1428.0,,0
CUST-105708,2025-05-25,Organic Search,Mumbai,Female,39,0,Premium,Monthly,Net Banking,Yes,0,823.0,1,0,12,6.0,2026-05-10,9876.0,,0
CUST-105709,2026-05-25,Paid Search,Bengaluru,Male,66,1,Basic,Monthly,Credit Card,Yes,1,278.0,1,1,0,21.0,2026-05-25,278.0,2026-05-25,1
CUST-105710,2026-05-18,Referral,Mumbai,Female,44,0,Basic,Annual,UPI,No,3,365.0,1,1,0,20.0,2026-05-28,365.0,,0
CUST-105711,2025-08-14,Paid Search,Jaipur,Male,58,0,Basic,Monthly,Credit Card,Yes,2,314.0,1,1,6,23.0,2026-02-10,1884.0,2026-02-10,1
CUST-105712,2026-03-30,Email,Chennai,Female,67,1,Standard,Monthly,UPI,Yes,2,600.0,1,1,2,13.0,2026-05-19,1200.0,,0
CUST-105713,2025-03-21,Referral,Mumbai,Male,35,0,Standard,Annual,Wallet,Yes,3,672.0,1,1,1,21.0,2025-04-20,672.0,2025-04-20,1
CUST-105714,2025-03-18,Organic Search,Delhi,Female,58,0,Basic,Monthly,UPI,Yes,1,236.0,1,1,14,23.0,2026-05-30,3304.0,,0
CUST-105715,2024-08-30,Organic Search,Delhi,Female,60,1,Standard,Annual,UPI,No,2,592.0,1,1,21,23.0,2026-05-19,12432.0,,0
CUST-105716,2025-07-11,Affiliate,Delhi,Female,29,0,Standard,Annual,Debit Card,No,3,660.0,1,0,10,9.0,2026-05-09,6600.0,,0
CUST-105717,2025-09-26,Email,Chennai,Female,29,0,Premium,Monthly,UPI,Yes,3,995.0,1,0,8,19.0,2026-05-20,7960.0,,0
CUST-105718,2025-07-13,Organic Search,Bengaluru,Male,26,0,Standard,Annual,UPI,Yes,0,471.0,1,0,10,12.0,2026-05-26,4710.0,,0
CUST-105719,2024-11-16,Organic Search,Delhi,Female,50,0,Standard,Annual,Debit Card,Yes,0,520.0,1,1,18,11.0,2026-05-10,9360.0,,0
CUST-105720,2025-02-06,Referral,Hyderabad,Male,57,0,Basic,Two-Year,Debit Card,No,1,273.0,1,1,15,15.0,2026-05-08,4095.0,,0
CUST-105721,2024-12-03,Organic Search,Bengaluru,Female,57,0,Basic,Annual,UPI,Yes,3,399.0,0,0,17,29.0,2026-05-03,6783.0,,0
CUST-105722,2026-02-15,Organic Search,Ahmedabad,Male,38,0,Premium,Monthly,Credit Card,Yes,3,984.0,1,1,3,33.0,2026-05-04,2952.0,,0
CUST-105723,2024-09-07,Affiliate,Ahmedabad,Male,54,0,Basic,Annual,Credit Card,No,2,344.0,1,0,20,25.0,2026-05-10,6880.0,,0
CUST-105724,2024-12-30,Affiliate,Delhi,Male,19,0,Basic,Annual,Net Banking,No,2,297.0,1,1,17,17.0,2026-05-25,5049.0,,0
CUST-105725,2025-01-25,Affiliate,Pune,Female,52,0,Standard,Annual,Debit Card,No,0,520.0,1,0,16,17.0,2026-05-07,8320.0,,0
CUST-105726,2025-04-08,Paid Search,Mumbai,Female,42,0,Premium,Monthly,Credit Card,No,3,1025.0,1,1,13,23.0,2026-05-27,13325.0,,0
CUST-105727,2025-01-11,Paid Social,Bengaluru,Male,61,1,Basic,Annual,Net Banking,Yes,2,315.0,1,1,16,28.0,2026-05-24,5040.0,,0
CUST-105728,2026-03-24,Affiliate,Mumbai,Female,68,1,Premium,Monthly,UPI,Yes,1,858.0,1,0,2,16.0,2026-05-06,1716.0,,0
CUST-105729,2025-06-04,Paid Social,Hyderabad,Male,46,0,Basic,Two-Year,Credit Card,Yes,2,305.0,1,1,11,26.0,2026-05-24,3355.0,,0
CUST-105730,2025-02-08,Paid Social,Ahmedabad,Male,50,0,Premium,Monthly,Debit Card,Yes,3,980.0,1,1,8,22.0,2025-10-06,7840.0,2025-10-06,1
CUST-105731,2025-02-03,Affiliate,Bengaluru,Male,66,1,Premium,Monthly,Credit Card,Yes,3,982.0,1,1,8,25.0,2025-10-01,7856.0,2025-10-01,1
CUST-105732,2025-06-08,Referral,Ahmedabad,Female,35,0,Standard,Monthly,Credit Card,No,2,584.0,1,1,11,25.0,2026-05-02,6424.0,,0
CUST-105733,2025-02-20,Affiliate,Delhi,Female,25,0,Premium,Two-Year,UPI,No,2,928.0,1,0,15,13.0,2026-05-17,13920.0,,0
CUST-105734,2026-02-25,Organic Search,Ahmedabad,Female,44,0,Premium,Annual,Debit Card,Yes,2,936.0,0,0,3,19.0,2026-05-06,2808.0,,0
CUST-105735,2024-08-29,Email,Bengaluru,Male,36,0,Premium,Monthly,Debit Card,No,0,786.0,1,1,21,14.0,2026-05-23,16506.0,,0
CUST-105736,2025-01-25,Paid Search,Hyderabad,Male,51,0,Standard,Two-Year,Net Banking,Yes,1,553.0,1,0,16,25.0,2026-05-21,8848.0,,0
CUST-105737,2025-04-12,Paid Search,Ahmedabad,Female,58,0,Standard,Monthly,UPI,Yes,3,692.0,1,1,12,22.0,2026-04-07,8304.0,2026-04-07,1
CUST-105738,2026-05-03,Affiliate,Hyderabad,Male,44,0,Basic,Monthly,Net Banking,Yes,0,185.0,1,1,0,9.0,2026-05-03,185.0,2026-05-03,1
CUST-105739,2025-01-03,Paid Social,Pune,Female,34,0,Basic,Monthly,UPI,No,1,270.0,1,1,16,14.0,2026-05-11,4320.0,,0
CUST-105740,2024-10-27,Referral,Bengaluru,Female,47,0,Standard,Monthly,Debit Card,No,3,683.0,1,1,19,24.0,2026-05-16,12977.0,,0
CUST-105741,2025-03-19,Paid Search,Pune,Male,41,0,Basic,Monthly,Credit Card,No,2,354.0,1,1,14,24.0,2026-05-23,4956.0,,0
CUST-105742,2025-10-12,Referral,Delhi,Male,27,0,Premium,Monthly,Credit Card,No,1,857.0,1,1,7,14.0,2026-05-23,5999.0,,0
CUST-105743,2026-05-20,Affiliate,Hyderabad,Female,58,0,Basic,Monthly,Wallet,Yes,2,311.0,0,0,0,12.0,2026-05-24,311.0,,0
CUST-105744,2024-07-14,Referral,Chennai,Female,35,0,Basic,Monthly,Credit Card,Yes,3,383.0,1,1,6,19.0,2025-01-10,2298.0,2025-01-10,1
CUST-105745,2025-09-15,Organic Search,Chennai,Female,46,0,Basic,Monthly,UPI,Yes,1,261.0,1,1,8,15.0,2026-05-15,2088.0,,0
CUST-105746,2025-06-27,Organic Search,Mumbai,Female,65,1,Basic,Annual,Credit Card,No,3,403.0,1,0,11,20.0,2026-05-26,4433.0,,0
CUST-105747,2025-02-02,Email,Pune,Male,27,0,Basic,Monthly,Credit Card,Yes,1,283.0,1,1,14,21.0,2026-03-29,3962.0,2026-03-29,1
CUST-105748,2024-09-25,Email,Mumbai,Female,40,0,Standard,Monthly,Debit Card,Yes,3,668.0,1,1,20,29.0,2026-05-19,13360.0,,0
CUST-105749,2025-09-23,Email,Bengaluru,Female,27,0,Basic,Monthly,UPI,No,2,316.0,1,0,8,14.0,2026-05-14,2528.0,,0
CUST-105750,2025-09-02,Organic Search,Ahmedabad,Female,40,0,Premium,Annual,UPI,Yes,0,789.0,1,0,8,5.0,2026-05-06,6312.0,,0
CUST-105751,2024-09-05,Paid Social,Mumbai,Male,33,0,Basic,Annual,UPI,Yes,3,366.0,1,1,20,25.0,2026-05-27,7320.0,,0
CUST-105752,2025-08-24,Referral,Pune,Male,65,1,Standard,Monthly,Debit Card,Yes,0,450.0,1,1,4,5.0,2025-12-22,1800.0,2025-12-22,1
CUST-105753,2025-06-08,Referral,Kolkata,Male,33,0,Standard,Annual,Credit Card,Yes,3,704.0,1,1,11,33.0,2026-05-03,7744.0,,0
CUST-105754,2025-03-31,Organic Search,Ahmedabad,Male,49,0,Basic,Two-Year,Net Banking,No,0,189.0,1,1,14,17.0,2026-05-03,2646.0,,0
CUST-105755,2025-06-23,Paid Search,Bengaluru,Female,25,0,Basic,Annual,UPI,No,3,372.0,1,1,11,25.0,2026-05-21,4092.0,,0
CUST-105756,2026-04-06,Organic Search,Pune,Female,41,0,Premium,Monthly,Credit Card,Yes,1,901.0,1,1,1,25.0,2026-05-12,901.0,,0
CUST-105757,2025-04-13,Paid Search,Jaipur,Male,61,1,Standard,Two-Year,Wallet,No,0,489.0,1,0,13,15.0,2026-05-02,6357.0,,0
CUST-105758,2026-03-12,Organic Search,Pune,Female,52,0,Basic,Monthly,UPI,Yes,0,196.0,1,1,2,19.0,2026-05-08,392.0,,0
CUST-105759,2024-06-22,Organic Search,Ahmedabad,Male,32,0,Standard,Monthly,Credit Card,No,0,503.0,1,1,5,19.0,2024-11-19,2515.0,2024-11-19,1
CUST-105760,2025-11-18,Organic Search,Mumbai,Female,68,1,Basic,Annual,Wallet,Yes,2,324.0,1,1,6,33.0,2026-05-06,1944.0,,0
CUST-105761,2025-11-28,Affiliate,Pune,Female,59,0,Basic,Monthly,UPI,Yes,0,190.0,0,0,6,29.0,2026-05-02,1140.0,,0
CUST-105762,2025-11-07,Referral,Mumbai,Female,38,0,Basic,Two-Year,Credit Card,Yes,3,396.0,1,1,6,23.0,2026-05-07,2376.0,,0
CUST-105763,2025-02-25,Email,Jaipur,Female,68,1,Standard,Monthly,UPI,No,3,681.0,1,0,15,32.0,2026-05-07,10215.0,,0
CUST-105764,2024-07-20,Paid Social,Jaipur,Female,27,0,Basic,Monthly,UPI,Yes,1,261.0,1,1,22,3.0,2026-05-02,5742.0,,0
CUST-105765,2024-07-11,Paid Social,Jaipur,Female,35,0,Standard,Monthly,Debit Card,Yes,0,489.0,1,1,3,13.0,2024-10-09,1467.0,2024-10-09,1
CUST-105766,2025-01-22,Paid Social,Delhi,Male,66,1,Basic,Annual,UPI,Yes,0,197.0,1,1,16,21.0,2026-05-11,3152.0,,0
CUST-105767,2024-08-28,Paid Search,Hyderabad,Female,68,1,Basic,Monthly,Net Banking,No,2,334.0,0,0,21,9.0,2026-05-24,7014.0,,0
CUST-105768,2024-10-27,Paid Social,Pune,Male,60,1,Basic,Monthly,Credit Card,Yes,3,394.0,1,0,19,34.0,2026-05-23,7486.0,,0
CUST-105769,2024-06-14,Referral,Ahmedabad,Male,27,0,Standard,Two-Year,UPI,No,3,673.0,1,1,23,34.0,2026-05-15,15479.0,,0
CUST-105770,2025-03-11,Affiliate,Mumbai,Female,29,0,Premium,Monthly,UPI,Yes,0,787.0,0,0,14,12.0,2026-05-02,11018.0,,0
CUST-105771,2026-03-25,Affiliate,Mumbai,Female,51,0,Standard,Monthly,Net Banking,Yes,2,632.0,1,1,2,33.0,2026-05-02,1264.0,,0
CUST-105772,2024-08-19,Organic Search,Delhi,Female,20,0,Basic,Annual,UPI,Yes,0,204.0,1,0,21,23.0,2026-05-10,4284.0,,0
CUST-105773,2025-02-22,Paid Search,Jaipur,Male,69,1,Basic,Monthly,UPI,Yes,0,212.0,0,0,15,17.0,2026-05-14,3180.0,,0
CUST-105774,2025-01-19,Organic Search,Chennai,Male,66,1,Basic,Monthly,UPI,Yes,1,244.0,1,1,16,21.0,2026-05-31,3904.0,,0
CUST-105775,2025-04-15,Organic Search,Delhi,Male,60,1,Premium,Monthly,Credit Card,Yes,0,799.0,1,1,13,9.0,2026-05-31,10387.0,,0
CUST-105776,2025-07-22,Referral,Bengaluru,Female,68,1,Standard,Monthly,UPI,Yes,0,512.0,1,1,10,17.0,2026-05-27,5120.0,,0
CUST-105777,2026-04-02,Paid Search,Mumbai,Female,29,0,Premium,Monthly,Wallet,Yes,2,908.0,1,1,1,13.0,2026-05-08,908.0,,0
CUST-105778,2024-09-30,Referral,Mumbai,Female,63,1,Basic,Annual,UPI,No,0,227.0,1,1,20,17.0,2026-05-03,4540.0,,0
CUST-105779,2025-01-06,Organic Search,Ahmedabad,Male,31,0,Standard,Monthly,UPI,Yes,1,583.0,1,1,16,19.0,2026-05-04,9328.0,,0
CUST-105780,2024-08-17,Email,Pune,Female,24,0,Standard,Monthly,Credit Card,Yes,3,676.0,1,0,21,24.0,2026-05-05,14196.0,,0
CUST-105781,2024-07-03,Email,Pune,Male,31,0,Standard,Monthly,UPI,No,2,616.0,1,0,22,20.0,2026-05-16,13552.0,,0
CUST-105782,2025-10-29,Paid Social,Chennai,Female,58,0,Standard,Two-Year,Debit Card,No,0,504.0,0,0,7,32.0,2026-05-30,3528.0,,0
CUST-105783,2024-12-30,Affiliate,Kolkata,Female,67,1,Basic,Annual,Wallet,No,0,202.0,1,1,17,4.0,2026-05-08,3434.0,,0
CUST-105784,2024-11-28,Organic Search,Mumbai,Male,49,0,Basic,Monthly,Debit Card,Yes,1,277.0,1,1,18,7.0,2026-05-03,4986.0,,0
CUST-105785,2025-04-19,Referral,Hyderabad,Female,30,0,Premium,Annual,Net Banking,No,3,966.0,1,0,13,17.0,2026-05-21,12558.0,,0
CUST-105786,2025-05-15,Affiliate,Mumbai,Female,49,0,Basic,Monthly,Net Banking,Yes,0,186.0,1,1,11,16.0,2026-04-10,2046.0,2026-04-10,1
CUST-105787,2025-04-15,Affiliate,Delhi,Male,44,0,Standard,Monthly,UPI,Yes,3,683.0,1,0,13,18.0,2026-05-06,8879.0,,0
CUST-105788,2026-02-02,Affiliate,Bengaluru,Male,44,0,Premium,Monthly,UPI,Yes,1,866.0,1,1,3,8.0,2026-05-03,2598.0,2026-05-03,1
CUST-105789,2025-10-11,Paid Social,Ahmedabad,Female,36,0,Standard,Annual,Debit Card,No,2,618.0,1,1,7,33.0,2026-05-03,4326.0,,0
CUST-105790,2025-03-03,Affiliate,Mumbai,Female,25,0,Standard,Monthly,Wallet,Yes,2,632.0,1,0,14,22.0,2026-05-02,8848.0,,0
CUST-105791,2024-10-20,Referral,Mumbai,Female,36,0,Basic,Monthly,Net Banking,Yes,1,280.0,1,1,3,17.0,2025-01-18,840.0,2025-01-18,1
CUST-105792,2024-08-11,Organic Search,Ahmedabad,Male,64,1,Standard,Annual,Debit Card,Yes,1,570.0,0,0,21,12.0,2026-05-31,11970.0,,0
CUST-105793,2025-10-29,Organic Search,Jaipur,Female,39,0,Premium,Two-Year,UPI,Yes,1,865.0,1,1,7,18.0,2026-05-07,6055.0,,0
CUST-105794,2025-12-25,Referral,Mumbai,Male,19,0,Premium,Two-Year,Debit Card,Yes,2,916.0,1,1,5,18.0,2026-05-20,4580.0,,0
CUST-105795,2025-10-22,Paid Search,Bengaluru,Male,35,0,Basic,Annual,Debit Card,Yes,0,200.0,1,1,7,20.0,2026-05-16,1400.0,,0
CUST-105796,2025-11-21,Paid Search,Surat,Male,41,0,Premium,Annual,Wallet,No,3,959.0,1,1,6,13.0,2026-05-20,5754.0,2026-05-20,1
CUST-105797,2025-09-08,Affiliate,Bengaluru,Male,49,0,Basic,Monthly,Debit Card,Yes,3,361.0,1,1,4,17.0,2026-01-06,1444.0,2026-01-06,1
CUST-105798,2025-08-19,Paid Search,Delhi,Male,51,0,Standard,Monthly,UPI,Yes,2,638.0,1,1,8,25.0,2026-04-16,5104.0,2026-04-16,1
CUST-105799,2026-05-05,Paid Social,Jaipur,Male,40,0,Basic,Annual,Debit Card,Yes,1,285.0,1,0,0,12.0,2026-05-18,285.0,,0
CUST-105800,2025-06-28,Paid Social,Mumbai,Male,25,0,Basic,Monthly,Credit Card,Yes,3,359.0,0,0,11,24.0,2026-05-12,3949.0,,0
CUST-105801,2026-03-21,Paid Search,Mumbai,Female,40,0,Standard,Two-Year,Credit Card,Yes,0,507.0,1,0,2,16.0,2026-05-09,1014.0,,0
CUST-105802,2025-12-01,Referral,Bengaluru,Male,18,0,Standard,Monthly,Debit Card,Yes,3,656.0,1,0,5,20.0,2026-05-08,3280.0,,0
CUST-105803,2025-04-19,Paid Search,Delhi,Male,44,0,Premium,Monthly,Net Banking,Yes,3,1004.0,1,1,13,18.0,2026-05-25,13052.0,,0
CUST-105804,2025-02-13,Paid Search,Chennai,Female,41,0,Basic,Monthly,Debit Card,Yes,1,259.0,0,0,15,17.0,2026-05-25,3885.0,,0
CUST-105805,2024-09-30,Referral,Ahmedabad,Female,36,0,Premium,Annual,UPI,Yes,3,1017.0,1,1,20,22.0,2026-05-29,20340.0,,0
CUST-105806,2025-01-27,Referral,Pune,Female,52,0,Standard,Monthly,UPI,No,1,549.0,1,0,16,0.0,2026-05-14,8784.0,,0
CUST-105807,2025-06-17,Affiliate,Hyderabad,Male,57,0,Basic,Annual,UPI,No,1,251.0,1,1,11,26.0,2026-05-05,2761.0,,0
CUST-105808,2025-09-01,Organic Search,Surat,Female,31,0,Basic,Monthly,Debit Card,Yes,1,265.0,1,1,8,20.0,2026-05-06,2120.0,,0
CUST-105809,2026-02-06,Referral,Mumbai,Female,44,0,Standard,Annual,Debit Card,Yes,2,633.0,1,1,3,11.0,2026-05-23,1899.0,,0
CUST-105810,2024-09-30,Paid Search,Mumbai,Female,44,0,Premium,Annual,Credit Card,Yes,3,991.0,1,1,20,22.0,2026-05-16,19820.0,,0
CUST-105811,2024-09-26,Organic Search,Jaipur,Male,44,0,Basic,Two-Year,Credit Card,No,3,394.0,0,0,20,21.0,2026-05-12,7880.0,,0
CUST-105812,2025-09-05,Referral,Pune,Male,38,0,Basic,Monthly,Net Banking,Yes,3,376.0,1,1,8,16.0,2026-05-05,3008.0,,0
CUST-105813,2024-06-12,Referral,Ahmedabad,Male,28,0,Standard,Monthly,UPI,Yes,0,514.0,1,1,23,22.0,2026-05-12,11822.0,,0
CUST-105814,2026-02-23,Paid Search,Ahmedabad,Male,26,0,Standard,Monthly,Credit Card,Yes,2,652.0,0,0,3,28.0,2026-05-20,1956.0,,0
CUST-105815,2024-11-05,Referral,Chennai,Male,19,0,Standard,Monthly,Net Banking,No,3,691.0,1,0,18,18.0,2026-05-02,12438.0,,0
CUST-105816,2025-06-11,Paid Social,Bengaluru,Female,20,0,Premium,Annual,UPI,Yes,0,787.0,0,0,11,13.0,2026-05-19,8657.0,,0
CUST-105817,2024-07-27,Organic Search,Bengaluru,Male,60,1,Basic,Monthly,UPI,No,1,265.0,1,1,22,12.0,2026-05-03,5830.0,,0
CUST-105818,2024-07-31,Paid Social,Kolkata,Female,21,0,Basic,Two-Year,Debit Card,Yes,0,170.0,1,0,22,2.0,2026-05-29,3740.0,,0
CUST-105819,2026-03-15,Paid Social,Mumbai,Female,62,1,Basic,Monthly,UPI,Yes,2,330.0,1,0,2,18.0,2026-05-31,660.0,,0
CUST-105820,2025-09-27,Referral,Mumbai,Female,64,1,Premium,Annual,Credit Card,No,2,894.0,1,1,8,35.0,2026-05-03,7152.0,,0
CUST-105821,2026-04-18,Affiliate,Pune,Male,30,0,Standard,Annual,Wallet,No,0,510.0,1,1,1,15.0,2026-05-27,510.0,,0
CUST-105822,2026-02-24,Referral,Kolkata,Female,41,0,Basic,Two-Year,UPI,Yes,0,198.0,1,0,3,16.0,2026-05-09,594.0,,0
CUST-105823,2026-05-21,Organic Search,Mumbai,Male,36,0,Standard,Monthly,Wallet,Yes,0,514.0,0,0,0,12.0,2026-05-27,514.0,,0
CUST-105824,2024-10-22,Paid Social,Hyderabad,Male,38,0,Standard,Annual,UPI,Yes,2,620.0,1,1,3,18.0,2025-01-20,1860.0,2025-01-20,1
CUST-105825,2025-11-17,Organic Search,Mumbai,Male,36,0,Basic,Monthly,Credit Card,No,2,340.0,1,1,6,11.0,2026-05-21,2040.0,,0
CUST-105826,2025-08-21,Referral,Mumbai,Male,35,0,Basic,Monthly,UPI,Yes,2,328.0,1,0,9,38.0,2026-05-09,2952.0,,0
CUST-105827,2024-11-02,Organic Search,Kolkata,Female,53,0,Standard,Annual,Debit Card,No,1,576.0,1,1,12,22.0,2025-10-28,6912.0,2025-10-28,1
CUST-105828,2024-10-22,Paid Search,Ahmedabad,Male,39,0,Standard,Monthly,Wallet,No,3,673.0,1,0,19,25.0,2026-05-24,12787.0,,0
CUST-105829,2025-03-12,Referral,Ahmedabad,Female,27,0,Basic,Annual,UPI,Yes,2,312.0,1,1,14,38.0,2026-05-12,4368.0,,0
CUST-105830,2026-01-19,Referral,Chennai,Male,37,0,Basic,Monthly,Wallet,No,1,238.0,0,0,4,16.0,2026-05-30,952.0,,0
CUST-105831,2025-05-07,Paid Social,Delhi,Female,68,1,Basic,Monthly,Debit Card,Yes,0,182.0,1,0,12,6.0,2026-05-23,2184.0,,0
CUST-105832,2024-12-02,Paid Social,Delhi,Male,69,1,Standard,Annual,Wallet,Yes,3,680.0,1,1,17,14.0,2026-05-20,11560.0,,0
CUST-105833,2025-07-31,Paid Search,Chennai,Female,21,0,Basic,Monthly,Debit Card,Yes,3,380.0,1,1,10,36.0,2026-05-15,3800.0,,0
CUST-105834,2025-09-02,Paid Search,Mumbai,Male,47,0,Basic,Annual,Debit Card,No,1,265.0,1,1,8,25.0,2026-05-24,2120.0,,0
CUST-105835,2025-08-25,Organic Search,Pune,Female,68,1,Basic,Two-Year,Wallet,No,1,249.0,1,0,9,17.0,2026-05-12,2241.0,,0
CUST-105836,2025-08-04,Affiliate,Delhi,Female,28,0,Premium,Monthly,Debit Card,Yes,3,982.0,1,0,9,17.0,2026-05-27,8838.0,,0
CUST-105837,2025-03-06,Paid Search,Ahmedabad,Female,21,0,Standard,Monthly,Net Banking,Yes,2,639.0,1,0,14,17.0,2026-05-22,8946.0,,0
CUST-105838,2025-03-01,Paid Social,Hyderabad,Male,29,0,Basic,Monthly,UPI,Yes,0,206.0,1,0,14,15.0,2026-05-29,2884.0,,0
CUST-105839,2025-03-04,Organic Search,Delhi,Female,34,0,Standard,Monthly,UPI,Yes,0,500.0,1,1,14,28.0,2026-05-13,7000.0,,0
CUST-105840,2026-03-19,Paid Social,Kolkata,Female,66,1,Standard,Annual,Debit Card,No,2,623.0,1,1,2,20.0,2026-05-02,1246.0,,0
CUST-105841,2025-04-11,Paid Social,Jaipur,Female,31,0,Premium,Two-Year,UPI,Yes,3,998.0,0,0,13,17.0,2026-05-26,12974.0,,0
CUST-105842,2026-03-20,Paid Social,Chennai,Female,35,0,Premium,Monthly,Credit Card,No,0,802.0,1,0,2,3.0,2026-05-15,1604.0,,0
CUST-105843,2025-01-17,Paid Search,Delhi,Female,31,0,Standard,Monthly,Net Banking,Yes,0,491.0,0,0,16,20.0,2026-05-13,7856.0,,0
CUST-105844,2025-02-03,Paid Social,Mumbai,Female,38,0,Standard,Monthly,Debit Card,Yes,2,611.0,1,1,11,26.0,2025-12-30,6721.0,2025-12-30,1
CUST-105845,2025-02-11,Affiliate,Kolkata,Male,69,1,Basic,Monthly,Wallet,Yes,0,191.0,1,0,15,27.0,2026-05-28,2865.0,,0
CUST-105846,2025-02-09,Email,Bengaluru,Male,22,0,Standard,Monthly,UPI,No,2,610.0,1,1,15,40.0,2026-05-09,9150.0,,0
CUST-105847,2025-01-24,Organic Search,Hyderabad,Male,41,0,Standard,Two-Year,UPI,No,1,571.0,1,1,16,9.0,2026-05-14,9136.0,,0
CUST-105848,2025-09-21,Organic Search,Chennai,Female,49,0,Basic,Monthly,UPI,Yes,3,405.0,1,1,8,22.0,2026-05-10,3240.0,,0
CUST-105849,2026-05-03,Referral,Mumbai,Female,24,0,Standard,Annual,Wallet,Yes,3,673.0,1,1,0,21.0,2026-05-09,673.0,,0
CUST-105850,2024-12-25,Email,Ahmedabad,Male,20,0,Basic,Monthly,Credit Card,Yes,0,185.0,1,1,17,14.0,2026-05-29,3145.0,,0
CUST-105851,2025-01-09,Affiliate,Pune,Male,69,1,Standard,Two-Year,Wallet,No,0,480.0,1,1,16,11.0,2026-05-13,7680.0,,0
CUST-105852,2025-01-08,Organic Search,Pune,Male,31,0,Basic,Two-Year,UPI,No,1,285.0,1,0,16,22.0,2026-05-23,4560.0,,0
CUST-105853,2024-11-24,Organic Search,Mumbai,Male,30,0,Basic,Two-Year,UPI,No,2,333.0,1,1,18,13.0,2026-05-24,5994.0,,0
CUST-105854,2024-06-16,Organic Search,Pune,Female,36,0,Basic,Monthly,Debit Card,Yes,1,249.0,1,0,23,21.0,2026-05-03,5727.0,,0
CUST-105855,2024-06-03,Affiliate,Chennai,Female,21,0,Basic,Monthly,Debit Card,Yes,0,201.0,1,0,23,22.0,2026-05-12,4623.0,,0
CUST-105856,2024-08-08,Paid Search,Delhi,Male,25,0,Basic,Monthly,Credit Card,Yes,0,220.0,1,1,21,13.0,2026-05-23,4620.0,,0
CUST-105857,2024-09-17,Paid Search,Mumbai,Male,19,0,Standard,Monthly,Credit Card,Yes,3,678.0,1,1,20,30.0,2026-05-25,13560.0,,0
CUST-105858,2025-09-23,Paid Search,Hyderabad,Male,45,0,Standard,Annual,Credit Card,Yes,3,692.0,1,1,8,24.0,2026-05-29,5536.0,,0
CUST-105859,2024-09-03,Organic Search,Chennai,Female,42,0,Standard,Two-Year,Net Banking,Yes,1,557.0,1,1,20,26.0,2026-05-28,11140.0,,0
CUST-105860,2025-01-20,Paid Search,Jaipur,Female,32,0,Basic,Annual,UPI,Yes,1,255.0,1,1,16,21.0,2026-05-23,4080.0,,0
CUST-105861,2025-05-05,Organic Search,Mumbai,Male,65,1,Premium,Monthly,UPI,Yes,0,759.0,1,1,12,9.0,2026-04-30,9108.0,2026-04-30,1
CUST-105862,2024-07-30,Paid Search,Kolkata,Male,33,0,Premium,Monthly,UPI,Yes,1,853.0,1,1,22,18.0,2026-05-17,18766.0,,0
CUST-105863,2025-05-14,Referral,Hyderabad,Female,18,0,Standard,Annual,Credit Card,No,2,611.0,1,1,12,18.0,2026-05-12,7332.0,,0
CUST-105864,2026-04-10,Referral,Hyderabad,Female,23,0,Standard,Monthly,Net Banking,No,2,627.0,1,1,1,26.0,2026-05-23,627.0,,0
CUST-105865,2024-06-06,Paid Social,Delhi,Female,55,0,Standard,Monthly,Debit Card,Yes,1,563.0,0,0,23,14.0,2026-05-02,12949.0,,0
CUST-105866,2025-01-02,Affiliate,Ahmedabad,Male,45,0,Standard,Monthly,Wallet,No,1,562.0,1,0,16,23.0,2026-05-25,8992.0,,0
CUST-105867,2024-08-04,Referral,Bengaluru,Female,31,0,Basic,Two-Year,Debit Card,No,2,333.0,1,1,21,25.0,2026-05-07,6993.0,,0
CUST-105868,2024-10-31,Organic Search,Mumbai,Female,30,0,Standard,Monthly,Credit Card,Yes,2,584.0,1,1,19,23.0,2026-05-26,11096.0,,0
CUST-105869,2026-02-04,Organic Search,Mumbai,Female,29,0,Basic,Two-Year,Credit Card,No,3,378.0,1,1,3,25.0,2026-05-12,1134.0,,0
CUST-105870,2025-06-16,Paid Search,Jaipur,Male,39,0,Premium,Monthly,Net Banking,Yes,1,841.0,1,1,11,25.0,2026-05-28,9251.0,,0
CUST-105871,2025-02-07,Paid Social,Mumbai,Male,54,0,Standard,Annual,UPI,Yes,3,660.0,0,0,15,28.0,2026-05-16,9900.0,,0
CUST-105872,2026-01-27,Organic Search,Jaipur,Male,51,0,Premium,Annual,Credit Card,Yes,1,855.0,1,1,4,26.0,2026-05-16,3420.0,,0
CUST-105873,2026-04-01,Organic Search,Bengaluru,Female,56,0,Basic,Two-Year,Credit Card,Yes,0,199.0,1,1,1,10.0,2026-05-31,199.0,,0
CUST-105874,2026-02-27,Organic Search,Chennai,Female,20,0,Standard,Monthly,Wallet,Yes,3,687.0,1,1,1,17.0,2026-03-29,687.0,2026-03-29,1
CUST-105875,2025-06-07,Paid Social,Mumbai,Male,47,0,Standard,Monthly,UPI,No,0,506.0,1,1,11,16.0,2026-05-26,5566.0,,0
CUST-105876,2025-01-09,Paid Search,Pune,Female,57,0,Premium,Monthly,UPI,No,3,967.0,1,1,10,21.0,2025-11-05,9670.0,2025-11-05,1
CUST-105877,2025-06-06,Organic Search,Bengaluru,Female,28,0,Premium,Monthly,Debit Card,Yes,1,856.0,1,1,11,11.0,2026-05-18,9416.0,,0
CUST-105878,2025-11-24,Referral,Jaipur,Male,48,0,Basic,Monthly,Debit Card,Yes,0,221.0,1,1,6,25.0,2026-05-12,1326.0,,0
CUST-105879,2025-04-14,Paid Social,Mumbai,Female,18,0,Premium,Annual,UPI,No,1,883.0,1,0,13,7.0,2026-05-23,11479.0,,0
CUST-105880,2025-06-17,Paid Social,Mumbai,Female,65,1,Premium,Monthly,Credit Card,No,0,794.0,1,1,4,19.0,2025-10-15,3176.0,2025-10-15,1
CUST-105881,2025-12-16,Organic Search,Jaipur,Male,56,0,Premium,Two-Year,Credit Card,Yes,2,920.0,1,1,5,34.0,2026-05-13,4600.0,,0
CUST-105882,2025-08-08,Referral,Ahmedabad,Female,50,0,Standard,Annual,UPI,No,3,666.0,1,1,9,20.0,2026-05-24,5994.0,,0
CUST-105883,2025-12-04,Email,Pune,Male,49,0,Premium,Annual,Credit Card,Yes,2,934.0,1,1,5,6.0,2026-05-28,4670.0,,0
CUST-105884,2025-04-17,Paid Search,Ahmedabad,Female,52,0,Basic,Annual,UPI,Yes,3,414.0,1,1,13,20.0,2026-05-21,5382.0,,0
CUST-105885,2026-01-09,Organic Search,Ahmedabad,Female,39,0,Basic,Monthly,Debit Card,Yes,3,371.0,1,0,4,16.0,2026-05-25,1484.0,,0
CUST-105886,2024-10-08,Organic Search,Pune,Female,68,1,Basic,Monthly,UPI,No,3,397.0,1,1,19,13.0,2026-05-04,7543.0,,0
CUST-105887,2025-10-21,Organic Search,Bengaluru,Female,29,0,Standard,Monthly,Debit Card,Yes,2,630.0,1,1,7,22.0,2026-05-23,4410.0,,0
CUST-105888,2026-01-20,Affiliate,Bengaluru,Male,60,1,Premium,Two-Year,Credit Card,No,1,856.0,1,0,4,20.0,2026-05-19,3424.0,,0
CUST-105889,2025-04-01,Organic Search,Bengaluru,Male,57,0,Standard,Monthly,UPI,No,2,609.0,1,1,13,22.0,2026-05-09,7917.0,,0
CUST-105890,2025-07-02,Email,Hyderabad,Female,61,1,Standard,Monthly,Debit Card,Yes,1,596.0,1,1,7,11.0,2026-01-28,4172.0,2026-01-28,1
CUST-105891,2025-08-22,Paid Search,Surat,Male,21,0,Standard,Annual,Credit Card,Yes,2,630.0,0,0,9,29.0,2026-05-24,5670.0,,0
CUST-105892,2025-03-20,Paid Search,Mumbai,Female,41,0,Standard,Monthly,UPI,Yes,3,693.0,1,1,5,18.0,2025-08-17,3465.0,2025-08-17,1
CUST-105893,2025-05-17,Affiliate,Delhi,Male,51,0,Standard,Two-Year,Wallet,Yes,1,556.0,1,1,12,12.0,2026-05-18,6672.0,,0
CUST-105894,2025-10-06,Organic Search,Delhi,Male,50,0,Standard,Two-Year,Net Banking,Yes,1,560.0,1,1,7,12.0,2026-05-13,3920.0,,0
CUST-105895,2025-11-25,Referral,Hyderabad,Male,53,0,Standard,Monthly,Debit Card,No,1,541.0,1,1,6,14.0,2026-05-07,3246.0,,0
CUST-105896,2025-04-07,Organic Search,Delhi,Female,50,0,Standard,Annual,Credit Card,No,0,510.0,1,1,13,18.0,2026-05-08,6630.0,,0
CUST-105897,2026-03-07,Affiliate,Pune,Male,29,0,Premium,Monthly,Debit Card,Yes,0,793.0,1,1,0,7.0,2026-03-07,793.0,2026-03-07,1
CUST-105898,2026-02-10,Paid Search,Bengaluru,Female,61,1,Standard,Monthly,UPI,No,0,484.0,1,1,3,9.0,2026-05-07,1452.0,,0
CUST-105899,2025-11-13,Organic Search,Pune,Male,43,0,Basic,Two-Year,UPI,No,1,246.0,1,1,5,31.0,2026-04-12,1230.0,2026-04-12,1
CUST-105900,2024-09-07,Affiliate,Chennai,Female,68,1,Standard,Monthly,Credit Card,No,0,535.0,1,0,20,9.0,2026-05-28,10700.0,,0
CUST-105901,2025-03-08,Organic Search,Bengaluru,Female,45,0,Premium,Two-Year,Debit Card,Yes,3,975.0,1,1,14,30.0,2026-05-10,13650.0,,0
CUST-105902,2024-06-22,Organic Search,Bengaluru,Female,45,0,Basic,Two-Year,Credit Card,Yes,3,385.0,0,0,23,24.0,2026-05-16,8855.0,,0
CUST-105903,2026-04-09,Referral,Mumbai,Male,48,0,Premium,Annual,Net Banking,No,3,961.0,0,0,1,29.0,2026-05-16,961.0,,0
CUST-105904,2025-07-21,Paid Social,Bengaluru,Male,63,1,Standard,Monthly,UPI,Yes,2,616.0,1,1,10,22.0,2026-05-08,6160.0,,0
CUST-105905,2025-01-29,Affiliate,Mumbai,Male,64,1,Basic,Monthly,UPI,Yes,0,178.0,0,0,16,15.0,2026-05-19,2848.0,,0
CUST-105906,2024-12-05,Paid Search,Chennai,Female,48,0,Standard,Monthly,Credit Card,No,0,505.0,1,1,17,14.0,2026-05-25,8585.0,,0
CUST-105907,2025-10-11,Paid Search,Delhi,Male,46,0,Basic,Monthly,Debit Card,No,0,185.0,1,1,7,10.0,2026-05-04,1295.0,,0
CUST-105908,2024-08-26,Paid Social,Ahmedabad,Female,20,0,Basic,Monthly,UPI,Yes,2,331.0,1,1,21,22.0,2026-05-15,6951.0,,0
CUST-105909,2025-02-21,Organic Search,Mumbai,Female,21,0,Basic,Monthly,UPI,No,3,352.0,1,1,15,19.0,2026-05-18,5280.0,,0
CUST-105910,2024-06-23,Email,Bengaluru,Male,56,0,Standard,Annual,Debit Card,Yes,2,610.0,1,1,23,8.0,2026-05-31,14030.0,,0
CUST-105911,2025-11-27,Organic Search,Jaipur,Female,35,0,Standard,Monthly,Credit Card,No,2,637.0,1,1,6,23.0,2026-05-08,3822.0,,0
CUST-105912,2025-12-14,Paid Search,Delhi,Female,40,0,Standard,Monthly,UPI,Yes,1,582.0,1,1,5,17.0,2026-05-21,2910.0,,0
CUST-105913,2025-11-25,Paid Social,Mumbai,Male,50,0,Standard,Annual,Debit Card,Yes,0,499.0,1,0,6,17.0,2026-05-07,2994.0,,0
CUST-105914,2026-05-01,Organic Search,Delhi,Female,29,0,Basic,Monthly,Wallet,No,0,193.0,1,1,0,14.0,2026-05-18,193.0,,0
CUST-105915,2025-05-22,Paid Search,Surat,Female,35,0,Premium,Monthly,Credit Card,Yes,3,981.0,1,0,12,26.0,2026-05-07,11772.0,,0
CUST-105916,2025-08-23,Referral,Chennai,Male,20,0,Premium,Monthly,Debit Card,No,2,950.0,1,1,9,23.0,2026-05-16,8550.0,,0
CUST-105917,2026-02-21,Referral,Mumbai,Male,57,0,Standard,Monthly,UPI,Yes,3,675.0,1,1,3,22.0,2026-05-16,2025.0,,0
CUST-105918,2025-12-16,Affiliate,Pune,Female,44,0,Basic,Monthly,Credit Card,Yes,3,379.0,1,0,5,23.0,2026-05-11,1895.0,,0
CUST-105919,2025-05-02,Paid Social,Chennai,Male,27,0,Premium,Monthly,UPI,Yes,1,843.0,1,0,12,23.0,2026-05-09,10116.0,,0
CUST-105920,2026-02-02,Paid Social,Hyderabad,Female,48,0,Premium,Monthly,Wallet,No,2,909.0,1,0,3,9.0,2026-05-07,2727.0,,0
CUST-105921,2025-12-15,Organic Search,Bengaluru,Female,25,0,Basic,Monthly,UPI,No,2,326.0,1,1,5,6.0,2026-05-03,1630.0,,0
CUST-105922,2026-01-09,Referral,Hyderabad,Female,58,0,Basic,Monthly,Wallet,Yes,3,392.0,1,1,4,28.0,2026-05-10,1568.0,,0
CUST-105923,2025-05-22,Paid Social,Pune,Male,30,0,Basic,Annual,Credit Card,Yes,3,384.0,0,0,12,27.0,2026-05-29,4608.0,,0
CUST-105924,2025-01-25,Paid Search,Mumbai,Male,32,0,Standard,Annual,Credit Card,Yes,3,691.0,1,1,16,43.0,2026-05-31,11056.0,,0
CUST-105925,2025-12-20,Organic Search,Ahmedabad,Female,63,1,Standard,Monthly,Credit Card,Yes,2,604.0,1,1,2,21.0,2026-02-18,1208.0,2026-02-18,1
CUST-105926,2024-06-02,Affiliate,Delhi,Male,56,0,Basic,Two-Year,UPI,Yes,3,363.0,1,1,23,22.0,2026-05-25,8349.0,,0
CUST-105927,2026-03-02,Affiliate,Ahmedabad,Male,53,0,Basic,Annual,UPI,No,2,331.0,0,0,2,24.0,2026-05-23,662.0,,0
CUST-105928,2025-09-01,Affiliate,Delhi,Male,49,0,Standard,Annual,UPI,Yes,1,552.0,1,0,8,24.0,2026-05-15,4416.0,,0
CUST-105929,2026-01-26,Organic Search,Chennai,Male,45,0,Standard,Monthly,Debit Card,Yes,0,481.0,1,1,4,21.0,2026-05-05,1924.0,,0
CUST-105930,2026-04-22,Email,Chennai,Male,27,0,Standard,Monthly,Debit Card,No,3,682.0,1,1,1,19.0,2026-05-21,682.0,,0
CUST-105931,2025-11-15,Organic Search,Ahmedabad,Male,33,0,Basic,Monthly,Wallet,No,2,320.0,1,0,6,25.0,2026-05-08,1920.0,,0
CUST-105932,2026-03-10,Paid Social,Ahmedabad,Female,68,1,Standard,Monthly,UPI,No,2,616.0,1,1,2,9.0,2026-05-09,1232.0,2026-05-09,1
CUST-105933,2025-09-10,Organic Search,Pune,Female,65,1,Premium,Two-Year,Debit Card,Yes,3,1003.0,1,1,8,18.0,2026-05-21,8024.0,,0
CUST-105934,2024-06-04,Organic Search,Bengaluru,Female,55,0,Basic,Two-Year,UPI,Yes,0,227.0,1,1,23,29.0,2026-05-04,5221.0,,0
CUST-105935,2025-03-03,Paid Search,Mumbai,Female,64,1,Standard,Monthly,Credit Card,Yes,1,573.0,1,1,14,23.0,2026-05-14,8022.0,,0
CUST-105936,2026-03-22,Organic Search,Chennai,Male,59,0,Basic,Two-Year,UPI,Yes,2,325.0,1,1,2,19.0,2026-05-20,650.0,,0
CUST-105937,2024-11-13,Paid Social,Mumbai,Male,38,0,Basic,Annual,Wallet,No,1,280.0,1,1,18,19.0,2026-05-05,5040.0,,0
CUST-105938,2024-06-08,Paid Search,Ahmedabad,Female,55,0,Premium,Annual,Credit Card,No,2,921.0,1,1,23,36.0,2026-05-06,21183.0,,0
CUST-105939,2025-04-02,Affiliate,Hyderabad,Male,57,0,Premium,Two-Year,Credit Card,Yes,2,916.0,1,0,13,19.0,2026-05-23,11908.0,,0
CUST-105940,2025-06-23,Referral,Pune,Male,25,0,Basic,Monthly,UPI,No,1,250.0,1,1,11,14.0,2026-05-14,2750.0,,0
CUST-105941,2025-05-30,Paid Search,Delhi,Male,65,1,Basic,Monthly,Credit Card,No,2,307.0,1,1,12,20.0,2026-05-14,3684.0,,0
CUST-105942,2026-02-12,Organic Search,Hyderabad,Female,43,0,Basic,Two-Year,UPI,Yes,1,273.0,1,0,3,25.0,2026-05-16,819.0,,0
CUST-105943,2024-10-08,Affiliate,Jaipur,Male,34,0,Standard,Monthly,Debit Card,Yes,3,656.0,1,1,19,25.0,2026-05-16,12464.0,,0
CUST-105944,2025-03-31,Organic Search,Ahmedabad,Male,42,0,Basic,Annual,Credit Card,No,0,190.0,0,0,14,24.0,2026-05-02,2660.0,,0
CUST-105945,2025-08-09,Organic Search,Pune,Male,35,0,Standard,Annual,UPI,Yes,3,674.0,1,1,9,18.0,2026-05-12,6066.0,,0
CUST-105946,2025-10-12,Organic Search,Mumbai,Female,35,0,Basic,Two-Year,UPI,Yes,3,358.0,1,1,7,15.0,2026-05-17,2506.0,,0
CUST-105947,2026-02-03,Paid Search,Bengaluru,Male,46,0,Standard,Monthly,UPI,Yes,2,613.0,1,1,3,28.0,2026-05-06,1839.0,,0
CUST-105948,2024-11-17,Paid Social,Delhi,Female,69,1,Premium,Annual,Credit Card,No,1,860.0,1,1,18,10.0,2026-05-15,15480.0,,0
CUST-105949,2026-03-07,Paid Search,Delhi,Male,39,0,Basic,Monthly,UPI,No,3,394.0,1,1,2,13.0,2026-05-04,788.0,,0
CUST-105950,2026-05-09,Paid Social,Mumbai,Male,29,0,Standard,Two-Year,UPI,Yes,2,611.0,1,0,0,14.0,2026-05-10,611.0,,0
CUST-105951,2026-05-24,Paid Social,Chennai,Male,57,0,Premium,Monthly,UPI,Yes,2,921.0,1,1,0,10.0,2026-05-24,921.0,2026-05-24,1
CUST-105952,2024-07-03,Paid Social,Delhi,Male,33,0,Basic,Annual,UPI,No,0,177.0,0,0,22,12.0,2026-05-23,3894.0,,0
CUST-105953,2025-02-25,Organic Search,Kolkata,Male,45,0,Premium,Two-Year,Debit Card,No,1,841.0,1,1,15,8.0,2026-05-11,12615.0,,0
CUST-105954,2025-09-04,Paid Social,Delhi,Female,31,0,Standard,Monthly,Debit Card,No,1,530.0,1,0,8,23.0,2026-05-10,4240.0,,0
CUST-105955,2024-12-29,Paid Search,Chennai,Male,29,0,Standard,Monthly,UPI,No,1,574.0,0,0,17,5.0,2026-05-24,9758.0,,0
CUST-105956,2024-06-26,Paid Search,Bengaluru,Female,31,0,Standard,Monthly,Credit Card,No,1,554.0,0,0,23,32.0,2026-05-16,12742.0,,0
CUST-105957,2024-12-10,Organic Search,Delhi,Male,36,0,Basic,Annual,Debit Card,Yes,0,202.0,1,1,17,23.0,2026-05-23,3434.0,,0
CUST-105958,2024-07-01,Paid Search,Hyderabad,Male,67,1,Basic,Annual,UPI,Yes,2,327.0,1,1,22,40.0,2026-05-13,7194.0,,0
CUST-105959,2025-11-20,Paid Social,Chennai,Female,52,0,Basic,Annual,Wallet,Yes,0,211.0,1,1,6,11.0,2026-05-30,1266.0,,0
CUST-105960,2024-12-15,Organic Search,Bengaluru,Female,54,0,Standard,Monthly,Debit Card,Yes,1,589.0,1,1,16,15.0,2026-04-09,9424.0,2026-04-09,1
CUST-105961,2025-09-27,Organic Search,Delhi,Male,20,0,Premium,Monthly,Credit Card,Yes,1,858.0,1,1,8,27.0,2026-05-28,6864.0,,0
CUST-105962,2024-06-12,Paid Search,Bengaluru,Male,18,0,Basic,Monthly,Credit Card,Yes,3,368.0,0,0,23,14.0,2026-05-18,8464.0,,0
CUST-105963,2025-12-30,Paid Social,Pune,Female,35,0,Basic,Monthly,Credit Card,Yes,2,329.0,1,0,5,23.0,2026-05-12,1645.0,,0
CUST-105964,2024-10-30,Referral,Delhi,Male,64,1,Basic,Annual,UPI,No,1,294.0,1,0,19,18.0,2026-05-14,5586.0,,0
CUST-105965,2024-11-22,Organic Search,Hyderabad,Female,18,0,Premium,Monthly,UPI,Yes,3,971.0,0,0,18,29.0,2026-05-13,17478.0,,0
CUST-105966,2024-09-21,Referral,Delhi,Female,57,0,Basic,Monthly,Net Banking,No,3,367.0,1,1,20,33.0,2026-05-20,7340.0,,0
CUST-105967,2024-07-31,Paid Social,Bengaluru,Male,60,1,Premium,Annual,Wallet,Yes,3,941.0,1,1,22,18.0,2026-05-27,20702.0,,0
CUST-105968,2026-03-27,Paid Search,Pune,Female,32,0,Basic,Monthly,Wallet,Yes,0,168.0,1,1,0,9.0,2026-03-27,168.0,2026-03-27,1
CUST-105969,2026-04-15,Referral,Surat,Male,24,0,Basic,Annual,Credit Card,Yes,3,400.0,1,1,1,15.0,2026-05-15,400.0,,0
CUST-105970,2024-07-01,Paid Social,Mumbai,Female,25,0,Basic,Monthly,Wallet,Yes,0,196.0,0,0,22,3.0,2026-05-18,4312.0,,0
CUST-105971,2024-12-16,Organic Search,Mumbai,Female,22,0,Standard,Monthly,Debit Card,Yes,0,482.0,1,1,17,12.0,2026-05-29,8194.0,,0
CUST-105972,2025-08-21,Paid Search,Mumbai,Female,61,1,Basic,Monthly,Credit Card,Yes,1,259.0,1,1,9,18.0,2026-05-19,2331.0,,0
CUST-105973,2025-07-18,Email,Hyderabad,Female,58,0,Premium,Monthly,Wallet,No,0,838.0,1,1,10,10.0,2026-05-17,8380.0,,0
CUST-105974,2025-10-02,Email,Bengaluru,Female,52,0,Standard,Annual,Wallet,Yes,0,499.0,1,1,7,19.0,2026-05-18,3493.0,,0
CUST-105975,2026-03-23,Organic Search,Delhi,Male,22,0,Basic,Annual,Credit Card,No,0,228.0,1,0,2,22.0,2026-05-13,456.0,,0
CUST-105976,2026-01-20,Referral,Mumbai,Male,67,1,Standard,Monthly,Debit Card,Yes,1,545.0,1,1,4,14.0,2026-05-29,2180.0,,0
CUST-105977,2025-01-15,Paid Social,Kolkata,Male,53,0,Basic,Annual,Debit Card,Yes,2,341.0,0,0,16,18.0,2026-05-10,5456.0,,0
CUST-105978,2025-02-23,Organic Search,Bengaluru,Male,61,1,Standard,Monthly,Debit Card,No,0,491.0,1,1,1,25.0,2025-03-25,491.0,2025-03-25,1
CUST-105979,2025-02-02,Paid Search,Pune,Female,37,0,Standard,Annual,Credit Card,Yes,0,487.0,1,1,15,20.0,2026-05-22,7305.0,,0
CUST-105980,2024-10-11,Paid Search,Ahmedabad,Male,28,0,Premium,Monthly,UPI,Yes,2,905.0,1,1,19,20.0,2026-05-13,17195.0,,0
CUST-105981,2025-07-20,Paid Search,Ahmedabad,Female,60,1,Standard,Annual,Wallet,Yes,0,494.0,1,1,3,13.0,2025-10-18,1482.0,2025-10-18,1
CUST-105982,2024-08-28,Affiliate,Ahmedabad,Male,20,0,Basic,Annual,UPI,Yes,1,274.0,1,0,21,26.0,2026-05-09,5754.0,,0
CUST-105983,2024-08-24,Paid Social,Delhi,Male,27,0,Basic,Annual,UPI,Yes,0,192.0,1,1,21,16.0,2026-05-21,4032.0,,0
CUST-105984,2024-09-12,Paid Search,Bengaluru,Male,25,0,Basic,Monthly,UPI,No,2,335.0,1,1,20,8.0,2026-05-07,6700.0,,0
CUST-105985,2025-11-25,Paid Social,Mumbai,Female,22,0,Standard,Monthly,UPI,Yes,2,608.0,1,0,6,4.0,2026-05-05,3648.0,,0
CUST-105986,2025-06-18,Organic Search,Delhi,Male,46,0,Basic,Monthly,UPI,No,3,378.0,1,1,11,17.0,2026-05-20,4158.0,,0
CUST-105987,2025-01-09,Paid Social,Ahmedabad,Male,29,0,Basic,Annual,UPI,No,3,371.0,0,0,16,15.0,2026-05-07,5936.0,,0
CUST-105988,2025-08-10,Email,Delhi,Male,68,1,Premium,Annual,Net Banking,Yes,2,946.0,1,1,9,22.0,2026-05-18,8514.0,,0
CUST-105989,2025-11-06,Paid Social,Ahmedabad,Female,66,1,Premium,Annual,Credit Card,No,0,807.0,1,1,6,4.0,2026-05-02,4842.0,,0
CUST-105990,2025-12-27,Organic Search,Ahmedabad,Male,26,0,Basic,Monthly,Wallet,No,2,323.0,1,1,5,18.0,2026-05-10,1615.0,,0
CUST-105991,2025-05-02,Referral,Ahmedabad,Female,61,1,Premium,Monthly,Net Banking,Yes,0,795.0,1,1,6,9.0,2025-10-29,4770.0,2025-10-29,1
CUST-105992,2026-01-08,Email,Hyderabad,Male,20,0,Standard,Monthly,Credit Card,Yes,2,610.0,1,1,4,27.0,2026-05-31,2440.0,,0
CUST-105993,2025-01-21,Affiliate,Jaipur,Male,32,0,Basic,Annual,UPI,No,1,244.0,1,1,16,14.0,2026-05-25,3904.0,,0
CUST-105994,2026-02-05,Paid Search,Pune,Female,52,0,Premium,Monthly,UPI,No,1,879.0,1,1,1,21.0,2026-03-07,879.0,2026-03-07,1
CUST-105995,2024-10-19,Paid Social,Ahmedabad,Female,28,0,Premium,Two-Year,Wallet,No,2,895.0,1,0,19,19.0,2026-05-30,17005.0,,0
CUST-105996,2024-09-25,Paid Search,Surat,Female,22,0,Standard,Monthly,Debit Card,Yes,1,554.0,1,1,20,15.0,2026-05-06,11080.0,,0
CUST-105997,2025-12-06,Affiliate,Surat,Male,26,0,Standard,Annual,Net Banking,Yes,1,572.0,0,0,5,9.0,2026-05-12,2860.0,,0
CUST-105998,2025-11-26,Affiliate,Bengaluru,Female,52,0,Basic,Monthly,Wallet,No,1,234.0,1,1,6,10.0,2026-05-25,1404.0,2026-05-25,1
CUST-105999,2026-03-02,Affiliate,Ahmedabad,Female,29,0,Standard,Two-Year,UPI,Yes,1,562.0,1,1,2,29.0,2026-05-05,1124.0,,0
CUST-106000,2024-07-24,Paid Social,Hyderabad,Female,30,0,Standard,Annual,Wallet,No,0,486.0,0,0,22,13.0,2026-05-15,10692.0,,0
CUST-106001,2026-03-21,Organic Search,Surat,Male,28,0,Standard,Monthly,Net Banking,Yes,0,499.0,1,1,1,8.0,2026-04-20,499.0,2026-04-20,1
CUST-106002,2026-03-04,Paid Search,Chennai,Male,63,1,Basic,Monthly,Credit Card,Yes,0,196.0,1,0,2,15.0,2026-05-26,392.0,,0
CUST-106003,2025-07-13,Organic Search,Pune,Male,64,1,Standard,Two-Year,Wallet,No,1,525.0,1,1,10,16.0,2026-05-22,5250.0,,0
CUST-106004,2025-06-18,Organic Search,Pune,Female,59,0,Premium,Annual,Credit Card,No,2,929.0,1,0,11,15.0,2026-05-24,10219.0,,0
CUST-106005,2024-09-19,Paid Search,Surat,Female,19,0,Premium,Monthly,UPI,No,0,784.0,1,0,20,12.0,2026-05-29,15680.0,,0
CUST-106006,2025-09-11,Paid Search,Ahmedabad,Male,31,0,Basic,Annual,UPI,No,1,251.0,1,0,8,26.0,2026-05-19,2008.0,,0
CUST-106007,2025-12-12,Affiliate,Mumbai,Male,63,1,Basic,Monthly,Debit Card,Yes,2,320.0,1,0,5,17.0,2026-05-30,1600.0,,0
CUST-106008,2025-08-26,Referral,Chennai,Male,46,0,Basic,Monthly,Debit Card,No,3,385.0,1,1,1,27.0,2025-09-25,385.0,2025-09-25,1
CUST-106009,2024-11-10,Affiliate,Mumbai,Male,20,0,Standard,Annual,UPI,Yes,3,686.0,1,1,18,21.0,2026-05-23,12348.0,,0
CUST-106010,2025-07-12,Referral,Delhi,Female,30,0,Basic,Two-Year,UPI,Yes,2,331.0,1,1,10,18.0,2026-05-08,3310.0,,0
CUST-106011,2024-09-27,Referral,Mumbai,Male,60,1,Premium,Monthly,UPI,No,3,942.0,1,1,20,33.0,2026-05-03,18840.0,,0
CUST-106012,2025-06-17,Organic Search,Mumbai,Male,63,1,Standard,Monthly,Credit Card,No,3,686.0,1,0,11,12.0,2026-05-18,7546.0,,0
CUST-106013,2026-03-04,Paid Search,Ahmedabad,Male,40,0,Basic,Monthly,Debit Card,Yes,1,259.0,1,1,0,16.0,2026-03-04,259.0,2026-03-04,1
CUST-106014,2026-04-04,Organic Search,Bengaluru,Male,25,0,Standard,Two-Year,Net Banking,No,1,551.0,1,1,1,27.0,2026-05-08,551.0,,0
CUST-106015,2025-11-07,Organic Search,Delhi,Female,22,0,Basic,Two-Year,UPI,Yes,3,383.0,1,0,6,20.0,2026-05-15,2298.0,,0
CUST-106016,2025-02-09,Organic Search,Bengaluru,Male,29,0,Basic,Two-Year,UPI,No,2,333.0,1,1,15,35.0,2026-05-15,4995.0,,0
CUST-106017,2025-02-07,Affiliate,Delhi,Female,59,0,Basic,Monthly,UPI,No,2,306.0,1,1,9,13.0,2025-11-04,2754.0,2025-11-04,1
CUST-106018,2025-12-20,Referral,Jaipur,Female,60,1,Standard,Monthly,Wallet,No,1,580.0,1,1,5,21.0,2026-05-23,2900.0,,0
CUST-106019,2024-06-11,Email,Pune,Female,31,0,Premium,Annual,Credit Card,No,1,876.0,1,0,23,30.0,2026-05-04,20148.0,,0
CUST-106020,2025-02-19,Email,Surat,Male,68,1,Basic,Monthly,UPI,No,2,325.0,0,0,15,21.0,2026-05-25,4875.0,,0
CUST-106021,2025-07-10,Affiliate,Delhi,Female,63,1,Standard,Monthly,UPI,Yes,0,481.0,1,0,10,16.0,2026-05-06,4810.0,,0
CUST-106022,2024-07-04,Organic Search,Ahmedabad,Female,69,1,Basic,Monthly,UPI,No,3,411.0,1,1,6,26.0,2024-12-31,2466.0,2024-12-31,1
CUST-106023,2026-01-07,Affiliate,Chennai,Male,57,0,Basic,Annual,Debit Card,No,1,263.0,1,1,1,1.0,2026-02-06,263.0,2026-02-06,1
CUST-106024,2025-03-03,Affiliate,Chennai,Female,47,0,Standard,Annual,Credit Card,Yes,1,561.0,1,0,14,29.0,2026-05-11,7854.0,,0
CUST-106025,2026-01-29,Affiliate,Ahmedabad,Male,69,1,Premium,Annual,Debit Card,No,3,981.0,1,1,4,25.0,2026-05-05,3924.0,,0
CUST-106026,2024-09-18,Organic Search,Pune,Male,53,0,Premium,Monthly,UPI,Yes,3,987.0,1,1,20,24.0,2026-05-28,19740.0,,0
CUST-106027,2024-06-28,Organic Search,Pune,Male,61,1,Standard,Annual,Credit Card,Yes,3,693.0,1,1,23,24.0,2026-05-17,15939.0,,0
CUST-106028,2025-04-18,Email,Mumbai,Female,38,0,Standard,Monthly,Debit Card,No,3,679.0,1,1,13,8.0,2026-05-03,8827.0,,0
CUST-106029,2026-05-03,Organic Search,Bengaluru,Male,30,0,Basic,Monthly,UPI,Yes,1,240.0,0,0,0,22.0,2026-05-23,240.0,,0
CUST-106030,2024-07-30,Paid Social,Mumbai,Male,47,0,Basic,Annual,UPI,No,3,395.0,1,1,22,26.0,2026-05-22,8690.0,,0
CUST-106031,2024-09-01,Paid Social,Ahmedabad,Male,39,0,Premium,Annual,UPI,No,3,967.0,1,1,20,16.0,2026-05-09,19340.0,,0
CUST-106032,2025-12-25,Organic Search,Kolkata,Male,36,0,Standard,Monthly,Debit Card,No,2,604.0,1,1,5,23.0,2026-05-06,3020.0,,0
CUST-106033,2024-08-22,Organic Search,Bengaluru,Male,54,0,Basic,Annual,Credit Card,No,0,198.0,1,1,21,21.0,2026-05-21,4158.0,,0
CUST-106034,2025-08-05,Email,Chennai,Female,49,0,Basic,Annual,Credit Card,No,0,192.0,1,1,9,13.0,2026-05-16,1728.0,,0
CUST-106035,2024-07-01,Affiliate,Hyderabad,Male,34,0,Basic,Annual,Credit Card,Yes,2,325.0,1,1,22,30.0,2026-05-08,7150.0,,0
CUST-106036,2024-06-28,Affiliate,Surat,Female,30,0,Standard,Two-Year,UPI,Yes,0,508.0,1,1,23,17.0,2026-05-06,11684.0,,0
CUST-106037,2025-03-11,Paid Social,Delhi,Female,46,0,Basic,Annual,Net Banking,No,0,192.0,0,0,14,13.0,2026-05-10,2688.0,,0
CUST-106038,2025-09-14,Organic Search,Delhi,Female,35,0,Premium,Annual,Debit Card,No,2,921.0,1,0,8,23.0,2026-05-07,7368.0,,0
CUST-106039,2025-08-08,Paid Social,Mumbai,Female,30,0,Standard,Monthly,UPI,No,1,552.0,1,1,9,11.0,2026-05-24,4968.0,,0
CUST-106040,2026-04-27,Paid Social,Pune,Male,29,0,Premium,Monthly,Net Banking,Yes,3,991.0,1,0,1,15.0,2026-05-06,991.0,,0
CUST-106041,2024-07-10,Organic Search,Bengaluru,Female,52,0,Basic,Annual,UPI,Yes,3,386.0,1,1,22,16.0,2026-05-20,8492.0,,0
CUST-106042,2024-07-17,Referral,Hyderabad,Male,39,0,Basic,Two-Year,Credit Card,Yes,1,270.0,1,1,22,19.0,2026-05-23,5940.0,,0
CUST-106043,2025-12-18,Email,Delhi,Male,35,0,Basic,Annual,Credit Card,Yes,1,255.0,0,0,5,17.0,2026-05-25,1275.0,,0
CUST-106044,2025-02-16,Paid Search,Mumbai,Male,23,0,Basic,Annual,Net Banking,No,1,263.0,1,1,15,20.0,2026-05-27,3945.0,,0
CUST-106045,2024-11-03,Paid Social,Kolkata,Female,20,0,Premium,Annual,UPI,Yes,0,807.0,1,1,18,24.0,2026-05-18,14526.0,,0
CUST-106046,2026-03-15,Paid Social,Chennai,Female,54,0,Premium,Annual,UPI,Yes,1,870.0,1,1,2,23.0,2026-05-14,1740.0,2026-05-14,1
CUST-106047,2025-01-17,Organic Search,Delhi,Male,68,1,Basic,Monthly,Wallet,Yes,3,389.0,1,1,16,24.0,2026-05-11,6224.0,,0
CUST-106048,2024-06-25,Organic Search,Hyderabad,Female,34,0,Standard,Monthly,Wallet,Yes,3,677.0,1,1,3,31.0,2024-09-23,2031.0,2024-09-23,1
CUST-106049,2024-06-13,Paid Search,Bengaluru,Male,61,1,Standard,Annual,Net Banking,Yes,1,542.0,1,1,23,15.0,2026-05-02,12466.0,,0
CUST-106050,2026-04-01,Paid Social,Hyderabad,Male,49,0,Standard,Monthly,UPI,No,2,627.0,1,0,1,19.0,2026-05-22,627.0,,0
CUST-106051,2024-09-25,Paid Search,Delhi,Male,33,0,Basic,Annual,Credit Card,No,0,206.0,1,1,20,24.0,2026-05-12,4120.0,,0
CUST-106052,2026-05-22,Affiliate,Bengaluru,Female,47,0,Basic,Two-Year,Credit Card,Yes,0,183.0,1,0,0,30.0,2026-05-22,183.0,,0
CUST-106053,2024-10-23,Organic Search,Ahmedabad,Male,24,0,Basic,Two-Year,UPI,Yes,1,272.0,1,1,19,21.0,2026-05-25,5168.0,,0
CUST-106054,2025-03-12,Organic Search,Mumbai,Male,35,0,Premium,Annual,UPI,Yes,1,861.0,1,1,14,17.0,2026-05-24,12054.0,,0
CUST-106055,2024-07-16,Organic Search,Chennai,Male,56,0,Basic,Annual,Net Banking,Yes,2,317.0,1,1,22,22.0,2026-05-20,6974.0,,0
CUST-106056,2025-05-05,Organic Search,Delhi,Female,62,1,Standard,Annual,UPI,No,1,562.0,1,1,12,20.0,2026-05-08,6744.0,,0
CUST-106057,2026-05-03,Paid Search,Ahmedabad,Female,29,0,Premium,Annual,UPI,Yes,1,873.0,1,1,0,14.0,2026-05-24,873.0,,0
CUST-106058,2026-05-22,Affiliate,Mumbai,Male,65,1,Basic,Monthly,UPI,Yes,3,402.0,1,1,0,21.0,2026-05-07,402.0,,0
CUST-106059,2025-02-27,Affiliate,Delhi,Female,49,0,Basic,Two-Year,Credit Card,No,3,378.0,1,1,1,36.0,2025-03-29,378.0,2025-03-29,1
CUST-106060,2024-07-14,Paid Search,Hyderabad,Female,29,0,Basic,Monthly,Debit Card,No,2,316.0,1,1,22,9.0,2026-05-11,6952.0,,0
CUST-106061,2025-10-18,Paid Social,Delhi,Male,58,0,Standard,Annual,UPI,Yes,0,508.0,1,1,7,0.0,2026-05-31,3556.0,,0
CUST-106062,2025-01-18,Organic Search,Hyderabad,Male,63,1,Standard,Monthly,Net Banking,Yes,1,539.0,1,1,16,7.0,2026-05-11,8624.0,,0
CUST-106063,2026-02-24,Paid Social,Kolkata,Female,32,0,Basic,Monthly,UPI,Yes,2,332.0,1,1,3,12.0,2026-05-04,996.0,,0
CUST-106064,2024-07-17,Paid Social,Delhi,Male,23,0,Basic,Monthly,UPI,Yes,1,239.0,0,0,22,8.0,2026-05-23,5258.0,,0
CUST-106065,2024-08-10,Affiliate,Chennai,Male,32,0,Standard,Annual,UPI,No,0,478.0,0,0,21,10.0,2026-05-10,10038.0,,0
CUST-106066,2025-11-27,Paid Social,Ahmedabad,Female,57,0,Standard,Two-Year,Credit Card,Yes,3,702.0,1,0,6,14.0,2026-05-09,4212.0,,0
CUST-106067,2025-09-17,Organic Search,Delhi,Female,21,0,Basic,Monthly,Wallet,Yes,0,168.0,1,0,8,17.0,2026-05-25,1344.0,,0
CUST-106068,2025-09-18,Paid Social,Ahmedabad,Female,33,0,Standard,Monthly,Debit Card,Yes,0,519.0,1,0,8,6.0,2026-05-18,4152.0,,0
CUST-106069,2025-07-04,Organic Search,Ahmedabad,Female,34,0,Basic,Two-Year,UPI,Yes,0,222.0,1,1,10,9.0,2026-05-11,2220.0,,0
CUST-106070,2026-02-20,Affiliate,Ahmedabad,Male,18,0,Basic,Monthly,Wallet,Yes,0,204.0,1,1,0,1.0,2026-02-20,204.0,2026-02-20,1
CUST-106071,2025-10-05,Organic Search,Ahmedabad,Female,49,0,Basic,Annual,Debit Card,No,0,208.0,1,0,7,22.0,2026-05-21,1456.0,,0
CUST-106072,2024-10-17,Organic Search,Chennai,Male,59,0,Standard,Annual,Credit Card,Yes,0,475.0,1,0,19,26.0,2026-05-14,9025.0,,0
CUST-106073,2026-01-07,Organic Search,Bengaluru,Female,26,0,Standard,Annual,Wallet,Yes,2,612.0,1,1,4,22.0,2026-05-07,2448.0,,0
CUST-106074,2025-07-03,Affiliate,Jaipur,Male,64,1,Standard,Monthly,Debit Card,Yes,3,684.0,1,1,10,23.0,2026-05-04,6840.0,,0
CUST-106075,2024-10-10,Paid Search,Bengaluru,Male,67,1,Basic,Annual,Debit Card,Yes,3,384.0,1,1,19,28.0,2026-05-06,7296.0,,0
CUST-106076,2025-11-02,Paid Search,Pune,Male,63,1,Basic,Two-Year,UPI,No,2,326.0,1,1,6,27.0,2026-05-11,1956.0,,0
CUST-106077,2025-10-07,Paid Social,Mumbai,Female,55,0,Basic,Monthly,UPI,Yes,3,384.0,1,0,7,11.0,2026-05-06,2688.0,,0
CUST-106078,2024-12-23,Organic Search,Bengaluru,Male,41,0,Basic,Annual,Net Banking,Yes,1,259.0,1,0,17,17.0,2026-05-19,4403.0,,0
CUST-106079,2024-10-14,Affiliate,Delhi,Female,28,0,Standard,Monthly,Debit Card,No,2,601.0,1,1,19,27.0,2026-05-26,11419.0,,0
CUST-106080,2026-03-11,Organic Search,Jaipur,Male,65,1,Standard,Two-Year,Net Banking,No,1,564.0,1,0,2,15.0,2026-05-27,1128.0,,0
CUST-106081,2026-02-15,Organic Search,Jaipur,Male,45,0,Basic,Monthly,Debit Card,No,1,242.0,1,1,2,17.0,2026-04-16,484.0,2026-04-16,1
CUST-106082,2024-10-23,Paid Search,Mumbai,Female,41,0,Basic,Monthly,Wallet,Yes,0,194.0,1,1,19,24.0,2026-05-06,3686.0,,0
CUST-106083,2025-10-16,Organic Search,Pune,Male,38,0,Basic,Monthly,UPI,No,1,280.0,1,1,7,34.0,2026-05-08,1960.0,,0
CUST-106084,2024-08-26,Organic Search,Pune,Female,29,0,Standard,Two-Year,UPI,Yes,0,476.0,1,1,21,25.0,2026-05-16,9996.0,,0
CUST-106085,2026-03-27,Affiliate,Bengaluru,Female,37,0,Basic,Annual,UPI,No,1,257.0,1,1,2,9.0,2026-05-02,514.0,,0
CUST-106086,2024-12-22,Paid Search,Ahmedabad,Female,59,0,Standard,Monthly,UPI,No,2,632.0,0,0,17,14.0,2026-05-10,10744.0,,0
CUST-106087,2024-10-04,Organic Search,Pune,Male,47,0,Basic,Monthly,Credit Card,No,1,269.0,1,1,19,27.0,2026-05-08,5111.0,,0
CUST-106088,2026-01-03,Paid Social,Chennai,Female,38,0,Basic,Two-Year,Credit Card,No,3,384.0,1,0,4,17.0,2026-05-21,1536.0,,0
CUST-106089,2026-05-02,Referral,Delhi,Female,23,0,Basic,Monthly,UPI,No,2,309.0,1,1,0,26.0,2026-05-02,309.0,2026-05-02,1
CUST-106090,2025-11-03,Organic Search,Bengaluru,Female,39,0,Basic,Annual,Debit Card,Yes,3,399.0,1,1,6,36.0,2026-05-10,2394.0,,0
CUST-106091,2026-03-16,Organic Search,Ahmedabad,Female,29,0,Standard,Annual,UPI,Yes,2,601.0,0,0,2,28.0,2026-05-08,1202.0,,0
CUST-106092,2026-03-12,Paid Search,Jaipur,Male,38,0,Basic,Annual,Credit Card,No,2,329.0,0,0,2,32.0,2026-05-05,658.0,,0
CUST-106093,2025-01-01,Paid Search,Ahmedabad,Female,25,0,Basic,Annual,Credit Card,No,3,381.0,1,1,16,16.0,2026-05-25,6096.0,,0
CUST-106094,2025-08-24,Email,Mumbai,Male,67,1,Basic,Annual,UPI,No,0,187.0,0,0,9,2.0,2026-05-10,1683.0,,0
CUST-106095,2025-10-16,Paid Social,Delhi,Female,27,0,Basic,Monthly,Debit Card,Yes,0,193.0,1,1,7,10.0,2026-05-19,1351.0,,0
CUST-106096,2026-04-01,Organic Search,Chennai,Female,24,0,Premium,Monthly,Credit Card,Yes,1,886.0,1,1,1,19.0,2026-05-02,886.0,,0
CUST-106097,2025-06-30,Paid Search,Hyderabad,Female,52,0,Premium,Monthly,Credit Card,Yes,0,782.0,1,1,11,10.0,2026-05-02,8602.0,,0
CUST-106098,2025-07-01,Paid Search,Ahmedabad,Male,35,0,Basic,Monthly,Credit Card,Yes,3,353.0,1,1,10,18.0,2026-05-17,3530.0,,0
CUST-106099,2026-01-17,Organic Search,Mumbai,Female,69,1,Basic,Annual,UPI,Yes,3,369.0,1,0,4,21.0,2026-05-19,1476.0,,0
CUST-106100,2026-04-01,Paid Search,Hyderabad,Male,39,0,Standard,Annual,Debit Card,Yes,0,505.0,1,1,1,14.0,2026-05-10,505.0,,0
CUST-106101,2024-07-18,Organic Search,Delhi,Male,51,0,Standard,Two-Year,Wallet,Yes,1,580.0,1,0,22,25.0,2026-05-19,12760.0,,0
CUST-106102,2026-02-25,Affiliate,Ahmedabad,Female,61,1,Standard,Two-Year,UPI,Yes,0,499.0,1,1,3,18.0,2026-05-14,1497.0,,0
CUST-106103,2025-03-13,Affiliate,Surat,Male,69,1,Basic,Monthly,UPI,Yes,3,355.0,1,1,14,18.0,2026-05-15,4970.0,,0
CUST-106104,2025-05-12,Paid Social,Mumbai,Male,60,1,Basic,Annual,Net Banking,No,3,380.0,0,0,12,27.0,2026-05-27,4560.0,,0
CUST-106105,2025-04-11,Email,Bengaluru,Female,48,0,Basic,Annual,Debit Card,Yes,1,272.0,1,1,13,40.0,2026-05-17,3536.0,,0
CUST-106106,2024-06-05,Email,Mumbai,Female,60,1,Basic,Two-Year,UPI,Yes,2,324.0,0,0,23,25.0,2026-05-24,7452.0,,0
CUST-106107,2025-07-23,Organic Search,Hyderabad,Female,32,0,Standard,Monthly,Debit Card,Yes,0,506.0,1,1,2,12.0,2025-09-21,1012.0,2025-09-21,1
CUST-106108,2026-05-20,Paid Social,Chennai,Male,63,1,Premium,Annual,Wallet,Yes,0,771.0,1,0,0,2.0,2026-05-31,771.0,,0
CUST-106109,2025-11-05,Paid Search,Delhi,Female,63,1,Basic,Monthly,UPI,No,2,299.0,1,0,6,16.0,2026-05-20,1794.0,,0
CUST-106110,2025-05-29,Organic Search,Pune,Male,37,0,Standard,Monthly,Debit Card,No,1,557.0,1,1,12,10.0,2026-05-23,6684.0,,0
CUST-106111,2024-06-17,Paid Social,Kolkata,Male,21,0,Basic,Annual,Net Banking,No,0,216.0,1,1,23,20.0,2026-05-24,4968.0,,0
CUST-106112,2025-11-23,Organic Search,Chennai,Male,53,0,Basic,Monthly,UPI,Yes,2,307.0,1,1,6,32.0,2026-05-15,1842.0,,0
CUST-106113,2025-10-01,Email,Delhi,Female,23,0,Standard,Monthly,Wallet,Yes,3,682.0,1,0,7,13.0,2026-05-29,4774.0,,0
CUST-106114,2025-04-26,Paid Social,Bengaluru,Male,18,0,Basic,Annual,Wallet,No,2,321.0,1,0,13,14.0,2026-05-23,4173.0,,0
CUST-106115,2025-02-22,Referral,Kolkata,Male,67,1,Premium,Monthly,Debit Card,Yes,1,843.0,1,1,15,24.0,2026-05-31,12645.0,,0
CUST-106116,2025-02-19,Paid Social,Ahmedabad,Female,47,0,Premium,Monthly,Credit Card,Yes,0,788.0,0,0,15,8.0,2026-05-06,11820.0,,0
CUST-106117,2024-11-04,Organic Search,Ahmedabad,Female,51,0,Basic,Annual,Debit Card,Yes,1,259.0,1,1,6,7.0,2025-05-03,1554.0,2025-05-03,1
CUST-106118,2025-02-17,Affiliate,Mumbai,Female,63,1,Basic,Annual,Debit Card,No,3,374.0,1,1,15,31.0,2026-05-20,5610.0,,0
CUST-106119,2024-09-26,Organic Search,Chennai,Female,66,1,Basic,Annual,UPI,Yes,1,271.0,1,1,20,10.0,2026-05-27,5420.0,,0
CUST-106120,2025-02-15,Organic Search,Mumbai,Female,67,1,Premium,Two-Year,UPI,No,3,973.0,1,1,15,23.0,2026-05-27,14595.0,,0
CUST-106121,2026-04-13,Paid Social,Mumbai,Female,24,0,Basic,Monthly,UPI,Yes,0,212.0,0,0,1,12.0,2026-05-14,212.0,,0
CUST-106122,2025-07-28,Referral,Pune,Male,34,0,Standard,Monthly,UPI,Yes,2,614.0,1,1,10,18.0,2026-05-02,6140.0,,0
CUST-106123,2025-07-29,Paid Social,Mumbai,Female,57,0,Basic,Monthly,Debit Card,Yes,2,319.0,1,1,10,24.0,2026-05-25,3190.0,,0
CUST-106124,2026-01-10,Organic Search,Delhi,Female,19,0,Standard,Monthly,Net Banking,Yes,1,571.0,1,1,4,7.0,2026-05-17,2284.0,,0
CUST-106125,2026-03-02,Paid Social,Bengaluru,Female,30,0,Basic,Monthly,UPI,Yes,0,197.0,1,1,2,17.0,2026-05-06,394.0,,0
CUST-106126,2025-07-20,Organic Search,Mumbai,Male,44,0,Premium,Two-Year,Debit Card,Yes,2,913.0,1,1,10,15.0,2026-05-06,9130.0,,0
CUST-106127,2025-02-19,Organic Search,Surat,Female,35,0,Standard,Monthly,Credit Card,Yes,2,618.0,1,0,15,18.0,2026-05-24,9270.0,,0
CUST-106128,2025-06-19,Paid Search,Mumbai,Female,26,0,Basic,Monthly,Credit Card,Yes,1,272.0,0,0,11,11.0,2026-05-17,2992.0,,0
CUST-106129,2026-02-23,Organic Search,Chennai,Male,64,1,Basic,Two-Year,Debit Card,Yes,1,264.0,1,1,3,20.0,2026-05-02,792.0,,0
CUST-106130,2025-01-10,Paid Social,Bengaluru,Female,41,0,Standard,Annual,UPI,No,3,647.0,0,0,16,28.0,2026-05-18,10352.0,,0
CUST-106131,2026-05-17,Paid Search,Ahmedabad,Female,39,0,Standard,Annual,UPI,Yes,3,668.0,1,1,0,22.0,2026-05-30,668.0,,0
CUST-106132,2025-05-04,Referral,Ahmedabad,Female,52,0,Premium,Monthly,UPI,No,1,848.0,1,1,12,16.0,2026-05-10,10176.0,,0
CUST-106133,2025-11-14,Organic Search,Bengaluru,Female,52,0,Basic,Monthly,Wallet,No,2,328.0,0,0,6,13.0,2026-05-13,1968.0,,0
CUST-106134,2024-10-10,Paid Social,Delhi,Male,43,0,Premium,Annual,Wallet,No,1,830.0,1,1,19,18.0,2026-05-05,15770.0,,0
CUST-106135,2026-05-20,Organic Search,Mumbai,Female,64,1,Basic,Monthly,Debit Card,No,3,383.0,1,1,0,29.0,2026-05-05,383.0,,0
CUST-106136,2025-11-25,Email,Jaipur,Male,33,0,Premium,Monthly,Credit Card,Yes,1,869.0,1,1,6,17.0,2026-05-22,5214.0,,0
CUST-106137,2026-03-15,Organic Search,Bengaluru,Female,63,1,Premium,Two-Year,Debit Card,No,0,809.0,1,1,2,27.0,2026-05-02,1618.0,,0
CUST-106138,2025-12-23,Organic Search,Jaipur,Female,63,1,Standard,Monthly,Credit Card,No,0,498.0,1,1,5,13.0,2026-05-21,2490.0,,0
CUST-106139,2025-04-10,Paid Social,Mumbai,Female,18,0,Premium,Monthly,UPI,No,2,895.0,1,0,13,29.0,2026-05-24,11635.0,,0
CUST-106140,2024-11-21,Organic Search,Mumbai,Female,57,0,Basic,Monthly,UPI,No,0,195.0,1,1,18,3.0,2026-05-08,3510.0,,0
CUST-106141,2026-01-05,Organic Search,Pune,Female,26,0,Standard,Two-Year,UPI,Yes,2,641.0,1,0,4,17.0,2026-05-15,2564.0,,0
CUST-106142,2025-07-19,Organic Search,Mumbai,Male,43,0,Basic,Monthly,Wallet,No,2,310.0,1,1,6,13.0,2026-01-15,1860.0,2026-01-15,1
CUST-106143,2024-11-25,Paid Search,Mumbai,Male,65,1,Basic,Monthly,Debit Card,No,0,232.0,0,0,18,13.0,2026-05-25,4176.0,,0
CUST-106144,2024-12-25,Paid Search,Ahmedabad,Male,28,0,Standard,Annual,Debit Card,No,2,631.0,1,1,17,26.0,2026-05-27,10727.0,,0
CUST-106145,2024-10-17,Paid Search,Ahmedabad,Female,47,0,Premium,Monthly,Net Banking,No,0,797.0,0,0,19,32.0,2026-05-02,15143.0,,0
CUST-106146,2026-05-14,Referral,Hyderabad,Female,58,0,Premium,Annual,Debit Card,No,3,982.0,1,1,0,24.0,2026-05-10,982.0,,0
CUST-106147,2025-10-26,Paid Social,Mumbai,Female,42,0,Standard,Monthly,Debit Card,No,2,625.0,1,0,7,23.0,2026-05-08,4375.0,,0
CUST-106148,2025-01-04,Affiliate,Surat,Male,22,0,Premium,Annual,Net Banking,Yes,0,790.0,0,0,16,11.0,2026-05-23,12640.0,,0
CUST-106149,2024-11-05,Referral,Mumbai,Female,21,0,Standard,Monthly,UPI,No,1,553.0,0,0,18,15.0,2026-05-20,9954.0,,0
CUST-106150,2026-02-20,Affiliate,Delhi,Male,44,0,Standard,Monthly,UPI,Yes,3,709.0,0,0,3,25.0,2026-05-31,2127.0,,0
CUST-106151,2025-11-08,Referral,Delhi,Female,19,0,Basic,Monthly,Credit Card,No,0,221.0,1,1,6,6.0,2026-05-27,1326.0,,0
CUST-106152,2025-10-24,Paid Social,Bengaluru,Female,18,0,Standard,Two-Year,UPI,Yes,1,553.0,1,0,7,10.0,2026-05-20,3871.0,,0
CUST-106153,2024-07-18,Paid Social,Kolkata,Male,67,1,Standard,Monthly,Debit Card,Yes,2,607.0,1,1,22,21.0,2026-05-10,13354.0,,0
CUST-106154,2026-05-05,Paid Social,Chennai,Female,45,0,Standard,Annual,Net Banking,Yes,2,595.0,1,1,0,19.0,2026-05-28,595.0,,0
CUST-106155,2025-04-17,Organic Search,Ahmedabad,Male,42,0,Standard,Annual,Net Banking,No,1,591.0,1,1,13,21.0,2026-05-19,7683.0,,0
CUST-106156,2025-11-07,Paid Social,Delhi,Male,23,0,Premium,Annual,UPI,Yes,0,814.0,1,1,6,5.0,2026-05-07,4884.0,,0
CUST-106157,2024-10-10,Organic Search,Chennai,Female,58,0,Premium,Annual,UPI,No,1,878.0,1,1,19,17.0,2026-05-12,16682.0,,0
CUST-106158,2025-08-19,Organic Search,Ahmedabad,Female,44,0,Standard,Monthly,Wallet,Yes,1,551.0,1,1,9,15.0,2026-05-19,4959.0,,0
CUST-106159,2024-08-07,Email,Bengaluru,Male,29,0,Standard,Annual,Wallet,No,0,490.0,1,1,21,18.0,2026-05-28,10290.0,,0
CUST-106160,2025-05-02,Referral,Mumbai,Male,57,0,Standard,Monthly,UPI,Yes,2,605.0,1,1,7,26.0,2025-11-28,4235.0,2025-11-28,1
CUST-106161,2024-11-19,Paid Search,Delhi,Male,30,0,Standard,Two-Year,Net Banking,Yes,1,512.0,0,0,18,20.0,2026-05-27,9216.0,,0
CUST-106162,2025-05-10,Paid Social,Delhi,Male,44,0,Standard,Two-Year,Net Banking,Yes,1,546.0,1,0,12,11.0,2026-05-30,6552.0,,0
CUST-106163,2026-02-24,Paid Search,Delhi,Male,47,0,Premium,Monthly,UPI,Yes,3,984.0,1,1,3,23.0,2026-05-07,2952.0,,0
CUST-106164,2024-06-01,Affiliate,Kolkata,Male,32,0,Premium,Two-Year,UPI,No,3,983.0,1,1,23,11.0,2026-05-24,22609.0,,0
CUST-106165,2025-05-03,Paid Search,Bengaluru,Female,63,1,Standard,Monthly,Wallet,Yes,3,670.0,1,1,11,22.0,2026-03-29,7370.0,2026-03-29,1
CUST-106166,2026-05-28,Paid Search,Kolkata,Male,54,0,Basic,Annual,Debit Card,No,3,389.0,1,1,0,27.0,2026-05-04,389.0,,0
CUST-106167,2026-05-11,Paid Social,Hyderabad,Male,33,0,Standard,Annual,Debit Card,No,1,549.0,1,1,0,18.0,2026-05-11,549.0,2026-05-11,1
CUST-106168,2025-07-19,Paid Social,Delhi,Male,26,0,Premium,Monthly,Wallet,Yes,1,871.0,1,1,10,20.0,2026-05-15,8710.0,2026-05-15,1
CUST-106169,2025-09-28,Referral,Bengaluru,Male,35,0,Premium,Monthly,Net Banking,No,1,870.0,1,1,8,9.0,2026-05-20,6960.0,,0
CUST-106170,2025-08-02,Email,Delhi,Female,42,0,Premium,Annual,UPI,No,0,811.0,1,0,9,31.0,2026-05-23,7299.0,,0
CUST-106171,2025-04-29,Paid Social,Chennai,Male,46,0,Standard,Monthly,Credit Card,Yes,3,680.0,1,1,5,13.0,2025-09-26,3400.0,2025-09-26,1
CUST-106172,2024-10-10,Paid Social,Mumbai,Male,38,0,Standard,Monthly,Net Banking,Yes,1,547.0,0,0,19,0.0,2026-05-25,10393.0,,0
CUST-106173,2026-01-11,Paid Social,JAIPUR,Female,20,0,Basic,Annual,UPI,Yes,2,301.0,1,1,4,12.0,2026-05-09,1204.0,,0
CUST-106174,2025-04-11,Paid Social,Pune,Female,53,0,Standard,Monthly,UPI,Yes,3,646.0,1,0,13,40.0,2026-05-22,8398.0,,0
CUST-106175,2026-02-27,Email,Pune,Male,37,0,Basic,Monthly,Net Banking,Yes,0,210.0,1,1,1,23.0,2026-03-29,210.0,2026-03-29,1
CUST-106176,2024-11-07,Referral,Bengaluru,Male,35,0,Premium,Two-Year,Debit Card,Yes,1,834.0,1,0,18,11.0,2026-05-08,15012.0,,0
CUST-106177,2024-10-21,Paid Social,Bengaluru,Female,46,0,Basic,Annual,UPI,Yes,3,,1,0,19,31.0,2026-05-07,7163.0,,0
CUST-106178,2024-11-07,Paid Social,Pune,Female,61,1,Premium,Annual,UPI,Yes,1,862.0,0,0,18,26.0,2026-05-31,15516.0,,0
CUST-106179,2025-09-18,Paid Social,Pune,Female,18,0,Standard,Monthly,Net Banking,Yes,3,663.0,1,0,8,10.0,2026-05-29,5304.0,,0
CUST-106180,2025-07-05,Organic Search,Mumbai,Male,67,1,Basic,Two-Year,UPI,No,2,317.0,1,1,10,30.0,2026-05-02,3170.0,,0
CUST-106181,2025-09-22,Paid Search,Pune,Female,51,0,Standard,Monthly,UPI,Yes,1,564.0,1,0,8,13.0,2026-05-15,4512.0,,0
CUST-106182,2024-11-23,Affiliate,Delhi,Male,46,0,Standard,Monthly,Wallet,Yes,1,555.0,1,1,18,22.0,2026-05-17,9990.0,2026-05-17,1
CUST-106183,2025-02-18,Paid Search,Pune,Male,20,0,Standard,Monthly,Net Banking,Yes,3,686.0,0,0,15,27.0,2026-05-11,10290.0,,0
CUST-106184,2025-09-29,Organic Search,Bengaluru,Female,54,0,Standard,Annual,Credit Card,Yes,0,492.0,1,1,8,24.0,2026-05-20,3936.0,,0
CUST-106185,2025-06-02,Referral,Mumbai,Female,55,0,Standard,Monthly,Debit Card,Yes,2,615.0,0,0,11,19.0,2026-05-17,6765.0,,0
CUST-106186,2025-03-02,Referral,Hyderabad,Male,47,0,Basic,Monthly, UPI ,No,3,366.0,1,1,14,17.0,2026-05-22,5124.0,,0
CUST-106187,2025-01-22,Organic Search,Bengaluru,Male,59,0,Premium,Monthly,UPI,Yes,3,977.0,1,1,16,26.0,2026-05-14,15632.0,,0
CUST-106188,2025-03-02,Paid Search,Bengaluru,Female,61,1,Premium,Annual,Wallet,No,2,919.0,1,1,4,26.0,2025-06-30,3676.0,2025-06-30,1
CUST-106189,2024-12-20,Paid Search,Pune,Male,61,1,Standard,Monthly,Credit Card,Yes,1,545.0,0,0,17,20.0,2026-05-17,9265.0,,0
CUST-106190,2025-10-25,Affiliate,Pune,Male,34,0,Basic,Annual,Debit Card,Yes,3,385.0,1,1,1,23.0,2025-11-24,385.0,2025-11-24,1
CUST-106191,2024-09-27,Organic Search,Hyderabad,Male,53,0,Standard,Monthly,Credit Card,Yes,1,522.0,1,1,20,23.0,2026-05-05,10440.0,,0
CUST-106192,2025-10-02,Organic Search,Mumbai,Male,20,0,Basic,Monthly,Credit Card,No,1,275.0,1,1,7,7.0,2026-05-03,1925.0,,0
CUST-106193,2024-07-26,Paid Social,Ahmedabad,Female,47,0,Premium,Monthly,UPI,No,2,898.0,1,1,14,24.0,2025-09-19,12572.0,2025-09-19,1
CUST-106194,2025-03-22,Organic Search,Pune,Male,25,0,Basic,Two-Year,Credit Card,No,1,275.0,1,1,14,18.0,2026-05-17,3850.0,,0
CUST-106195,2025-05-31,Paid Social,Mumbai,Male,33,0,Basic,Annual,Debit Card,Yes,1,268.0,1,1,12,27.0,2026-05-09,3216.0,,0
CUST-106196,2026-04-10,Referral,Ahmedabad,Female,53,0,Basic,Monthly,Net Banking,No,1,274.0,1,1,1,19.0,2026-05-03,274.0,,0
CUST-106197,2025-09-26,Organic Search,Mumbai,Male,40,0,Standard,Monthly,Net Banking,No,2,602.0,1,1,8,22.0,2026-05-12,4816.0,,0
CUST-106198,2025-01-26,Paid Social,Delhi,Female,62,1,Standard,Monthly,UPI,Yes,0,496.0,1,1,16,19.0,2026-05-23,7936.0,,0
CUST-106199,2025-02-25,Email,Surat,Male,22,0,Standard,Monthly,Credit Card,No,2,623.0,1,1,15,18.0,2026-05-03,9345.0,,0
CUST-106200,2025-11-06,Paid Search,Mumbai,Female,68,1,Basic,Annual,UPI,Yes,2,325.0,0,0,6,15.0,2026-05-11,1950.0,,0
CUST-106201,2026-02-23,Paid Search,Delhi,Female,54,0,Premium,Monthly,Debit Card,No,0,812.0,1,1,3,22.0,2026-05-21,2436.0,,0
CUST-106202,2025-12-31,Paid Search,Jaipur,Female,40,0,Basic,Two-Year,Net Banking,No,0,209.0,1,1,5,20.0,2026-05-02,1045.0,,0
CUST-106203,2026-03-19,Organic Search,Surat,Male,19,0,Basic,Monthly,Debit Card,Yes,3,386.0,1,1,2,24.0,2026-05-09,772.0,,0
CUST-106204,2024-11-07,Organic Search,Mumbai,Female,20,0,Standard,Monthly,UPI,Yes,3,686.0,1,1,18,29.0,2026-05-02,12348.0,,0
CUST-106205,2025-05-26,Referral,Kolkata,Female,39,0,Standard,Monthly,Debit Card,No,0,509.0,1,1,12,21.0,2026-05-26,6108.0,,0
CUST-106206,2025-05-12,Paid Social,Mumbai,Male,47,0,Standard,Monthly,UPI,Yes,0,499.0,0,0,12,22.0,2026-05-25,5988.0,,0
CUST-106207,2025-04-02,Paid Social,Hyderabad,Male,44,0,Basic,Annual,UPI,No,3,396.0,1,1,13,20.0,2026-05-30,5148.0,,0
CUST-106208,2024-06-16,Organic Search,Ahmedabad,Male,33,0,Standard,Monthly,UPI,Yes,3,678.0,1,1,23,26.0,2026-05-28,15594.0,,0
CUST-106209,2024-11-10,Affiliate,Delhi,Male,51,0,Basic,Annual,UPI,Yes,2,294.0,1,0,18,31.0,2026-05-15,5292.0,,0
CUST-106210,2025-01-27,Organic Search,Mumbai,Male,49,0,Standard,Monthly,Credit Card,Yes,3,698.0,1,1,16,19.0,2026-05-29,11168.0,,0
CUST-106211,2025-03-27,Referral,Hyderabad,Female,35,0,Basic,Monthly,UPI,No,1,266.0,1,1,14,12.0,2026-05-09,3724.0,,0
CUST-106212,2024-12-14,Paid Social,Ahmedabad,Female,34,0,Standard,Monthly,Debit Card,No,1,557.0,1,1,17,17.0,2026-05-12,9469.0,,0
CUST-106213,2025-02-14,Paid Search,Bengaluru,Male,41,0,Basic,Monthly,UPI,No,3,381.0,1,1,15,24.0,2026-05-12,5715.0,,0
CUST-106214,2025-12-15,Organic Search,Hyderabad,Female,56,0,Basic,Monthly,Credit Card,No,1,282.0,1,1,5,18.0,2026-05-17,1410.0,,0
CUST-106215,2025-01-25,Organic Search,Ahmedabad,Female,48,0,Basic,Monthly,UPI,No,1,261.0,1,1,16,25.0,2026-05-20,4176.0,,0
CUST-106216,2024-11-08,Paid Search,Kolkata,Male,24,0,Standard,Two-Year,UPI,Yes,2,642.0,1,1,18,25.0,2026-05-22,11556.0,,0
CUST-106217,2025-05-07,Referral,Delhi,Female,66,1,Basic,Annual,Credit Card,Yes,1,266.0,1,1,12,38.0,2026-05-04,3192.0,,0
CUST-106218,2024-06-19,Organic Search,Mumbai,Female,28,0,Standard,Monthly,UPI,Yes,1,554.0,1,1,23,28.0,2026-05-19,12742.0,,0
CUST-106219,2024-11-13,Paid Social,Mumbai,Female,52,0,Basic,Annual,UPI,Yes,0,179.0,1,1,18,12.0,2026-05-21,3222.0,,0
CUST-106220,2024-06-18,Paid Social,Delhi,Male,18,0,Basic,Monthly,Debit Card,Yes,0,200.0,1,1,23,22.0,2026-05-23,4600.0,,0
CUST-106221,2024-07-20,Organic Search,Mumbai,Male,31,0,Standard,Annual,UPI,No,2,639.0,1,1,22,21.0,2026-05-20,14058.0,,0
CUST-106222,2025-12-09,Paid Search,Bengaluru,Female,47,0,Basic,Two-Year,Debit Card,Yes,1,250.0,1,1,5,24.0,2026-05-25,1250.0,,0
CUST-106223,2024-06-18,Organic Search,Pune,Male,62,1,Standard,Monthly,UPI,Yes,3,684.0,1,0,23,24.0,2026-05-27,15732.0,,0
CUST-106224,2024-09-13,Paid Search,Delhi,Male,47,0,Standard,Two-Year,Debit Card,No,2,642.0,1,1,20,9.0,2026-05-23,12840.0,,0
CUST-106225,2024-10-07,Organic Search,Delhi,Male,20,0,Standard,Monthly,UPI,No,2,592.0,1,1,19,15.0,2026-05-04,11248.0,,0
CUST-106226,2025-09-13,Paid Social,Chennai,Male,67,1,Standard,Monthly,Wallet,Yes,3,685.0,1,0,8,19.0,2026-05-28,5480.0,,0
CUST-106227,2025-01-28,Paid Social,Delhi,Male,32,0,Basic,Annual,UPI,No,1,267.0,1,0,16,23.0,2026-05-29,4272.0,,0
CUST-106228,2024-10-25,Paid Social,Pune,Female,36,0,Basic,Annual,Wallet,No,3,384.0,0,0,19,13.0,2026-05-27,7296.0,,0
CUST-106229,2025-11-18,Paid Social,Kolkata,Male,23,0,Basic,Monthly,UPI,Yes,3,353.0,0,0,6,29.0,2026-05-10,2118.0,,0
CUST-106230,2024-11-09,Affiliate,Mumbai,Female,54,0,Premium,Monthly,Debit Card,No,2,908.0,1,1,1,26.0,2024-12-09,908.0,2024-12-09,1
CUST-106231,2026-04-15,Paid Social,Pune,Female,41,0,Basic,Monthly,UPI,Yes,2,288.0,1,0,1,10.0,2026-05-10,288.0,,0
CUST-106232,2026-01-09,Affiliate,Jaipur,Male,29,0,Basic,Monthly,UPI,Yes,3,359.0,0,0,4,21.0,2026-05-23,1436.0,,0
CUST-106233,2026-03-07,Organic Search,Bengaluru,Male,51,0,Standard,Monthly,UPI,No,2,632.0,1,1,2,27.0,2026-05-20,1264.0,,0
CUST-106234,2025-10-11,Paid Social,Surat,Male,28,0,Standard,Monthly,UPI,No,1,554.0,0,0,7,23.0,2026-05-21,3878.0,,0
CUST-106235,2024-12-19,Organic Search,Delhi,Female,45,0,Premium,Two-Year,Credit Card,No,3,991.0,1,1,17,14.0,2026-05-31,16847.0,,0
CUST-106236,2025-09-21,Paid Social,Bengaluru,Female,52,0,Basic,Annual,Credit Card,Yes,3,390.0,0,0,8,18.0,2026-05-24,3120.0,,0
CUST-106237,2025-12-03,Paid Search,Delhi,Male,60,1,Premium,Two-Year,Credit Card,Yes,1,842.0,0,0,5,26.0,2026-05-08,4210.0,,0
CUST-106238,2026-04-09,Affiliate,Ahmedabad,Female,54,0,Standard,Monthly,Debit Card,Yes,1,562.0,1,1,1,9.0,2026-05-20,562.0,,0
CUST-106239,2024-07-08,Paid Search,Surat,Female,47,0,Standard,Monthly,UPI,Yes,2,595.0,1,0,22,23.0,2026-05-30,13090.0,,0
CUST-106240,2026-02-25,Paid Search,Mumbai,Male,19,0,Basic,Monthly,Debit Card,Yes,2,323.0,1,0,3,18.0,2026-05-21,969.0,,0
CUST-106241,2026-01-13,Organic Search,Surat,Female,30,0,Basic,Annual,Net Banking,No,1,265.0,1,0,4,17.0,2026-05-05,1060.0,,0
CUST-106242,2026-02-08,Organic Search,Pune,Female,48,0,Basic,Annual,UPI,Yes,2,316.0,1,1,3,5.0,2026-05-07,948.0,,0
CUST-106243,2024-10-25,Referral,Kolkata,Female,45,0,Standard,Monthly,Net Banking,No,1,534.0,1,1,19,27.0,2026-05-07,10146.0,,0
CUST-106244,2024-09-08,Organic Search,Surat,Male,45,0,Basic,Annual,UPI,No,0,177.0,1,1,20,13.0,2026-05-03,3540.0,,0
CUST-106245,2025-09-25,Organic Search,Bengaluru,Male,56,0,Basic,Monthly,Credit Card,No,0,237.0,1,1,1,10.0,2025-10-25,237.0,2025-10-25,1
CUST-106246,2024-09-29,Email,Surat,Male,65,1,Basic,Monthly,Net Banking,No,3,388.0,1,0,20,24.0,2026-05-24,7760.0,,0
CUST-106247,2024-10-14,Email,Hyderabad,Male,44,0,Premium,Monthly,Debit Card,No,3,975.0,1,1,19,23.0,2026-05-29,18525.0,,0
CUST-106248,2026-05-17,Paid Search,Bengaluru,Male,24,0,Basic,Monthly,Credit Card,Yes,0,,1,0,0,13.0,2026-05-25,213.0,,0
CUST-106249,2026-03-26,Paid Social,Pune,Female,40,0,Basic,Monthly,UPI,No,3,401.0,1,1,2,20.0,2026-05-25,802.0,2026-05-25,1
CUST-106250,2025-07-26,Affiliate,Mumbai,Male,31,0,Standard,Two-Year,Credit Card,No,1,577.0,1,0,10,14.0,2026-05-26,5770.0,,0
CUST-106251,2025-09-16,Organic Search,Ahmedabad,Male,45,0,Premium,Annual,Credit Card,Yes,0,796.0,1,1,8,13.0,2026-05-30,6368.0,,0
CUST-106252,2025-07-06,Paid Social,Mumbai,Female,48,0,Standard,Monthly,Wallet,Yes,1,554.0,1,1,10,21.0,2026-05-07,5540.0,,0
CUST-106253,2025-11-24,Paid Social,Delhi,Male,46,0,Standard,Monthly,Net Banking,Yes,0,511.0,1,1,6,9.0,2026-05-10,3066.0,,0
CUST-106254,2025-06-04,Affiliate,Mumbai,Male,48,0,Basic,Monthly,UPI,Yes,0,195.0,1,1,11,12.0,2026-05-09,2145.0,,0
CUST-106255,2025-08-20,Affiliate,Bengaluru,Female,34,0,Basic,Two-Year,Credit Card,No,0,217.0,1,0,9,17.0,2026-05-25,1953.0,,0
CUST-106256,2025-11-19,Paid Search,Pune,Female,27,0,Basic,Annual,Credit Card,No,0,201.0,1,1,6,22.0,2026-05-13,1206.0,,0
CUST-106257,2025-12-31,Organic Search,Pune,Male,62,1,Basic,Monthly,Debit Card,Yes,1,271.0,1,1,5,13.0,2026-05-02,1355.0,,0
CUST-106258,2025-08-08,Paid Social,Kolkata,Female,38,0,Basic,Two-Year,UPI,Yes,3,395.0,0,0,9,16.0,2026-05-23,3555.0,,0
CUST-106259,2025-11-23,Organic Search,Surat,Female,28,0,Standard,Monthly,Net Banking,Yes,2,600.0,1,1,6,18.0,2026-05-19,3600.0,,0
CUST-106260,2024-09-18,Affiliate,Kolkata,Female,69,1,Basic,Two-Year,Debit Card,No,0,201.0,1,0,20,9.0,2026-05-25,4020.0,,0
CUST-106261,2024-07-08,Organic Search,Pune,Female,19,0,Standard,Monthly,UPI,Yes,2,636.0,1,1,22,20.0,2026-05-03,13992.0,,0
CUST-106262,2024-08-14,Organic Search,Mumbai,Male,36,0,Basic,Annual,UPI,No,3,367.0,0,0,21,7.0,2026-05-03,7707.0,,0
CUST-106263,2025-11-25,Referral,Jaipur,Male,56,0,Premium,Two-Year,Debit Card,No,0,791.0,1,1,6,28.0,2026-05-14,4746.0,,0
CUST-106264,2025-01-07,Paid Social,Mumbai,Female,39,0,Premium,Monthly,Debit Card,Yes,0,817.0,1,1,16,15.0,2026-05-24,13072.0,,0
CUST-106265,2025-12-28,Affiliate,Mumbai,Male,61,1,Basic,Monthly,UPI,Yes,1,282.0,1,1,5,4.0,2026-05-25,1410.0,,0
CUST-106266,2026-02-25,Organic Search,Delhi,Male,36,0,Basic,Monthly,UPI,No,0,149.0,1,0,3,10.0,2026-05-23,447.0,,0
CUST-106267,2025-10-25,Affiliate,Bengaluru,Male,51,0,Premium,Monthly,UPI,Yes,2,937.0,1,1,7,20.0,2026-05-11,6559.0,,0
CUST-106268,2025-03-21,Organic Search,Hyderabad,Male,40,0,Premium,Monthly,UPI,Yes,2,,1,1,14,19.0,2026-05-22,12376.0,,0
CUST-106269,2024-08-17,Organic Search,Ahmedabad,Male,42,0,Basic,Monthly,Debit Card,Yes,1,258.0,1,0,21,9.0,2026-05-13,5418.0,,0
CUST-106270,2026-02-26,Paid Social,Chennai,Male,43,0,Basic,Monthly,UPI,Yes,1,238.0,1,0,3,23.0,2026-05-11,714.0,,0
CUST-106271,2025-02-01,Organic Search,Mumbai,Female,68,1,Premium,Monthly,Net Banking,Yes,2,911.0,1,0,15,24.0,2026-05-16,13665.0,,0
CUST-106272,2025-07-23,Paid Search,Delhi,Male,57,0,Standard,Two-Year,UPI,Yes,2,621.0,1,0,10,12.0,2026-05-15,6210.0,,0
CUST-106273,2025-11-10,Organic Search,Delhi,Female,37,0,Standard,Monthly,Net Banking,Yes,2,627.0,1,1,6,22.0,2026-05-20,3762.0,,0
CUST-106274,2026-04-09,Organic Search,Delhi,Male,39,0,Basic,Monthly,Wallet,Yes,0,220.0,1,0,1,8.0,2026-05-09,220.0,,0
CUST-106275,2025-06-14,Referral,Hyderabad,Male,39,0,Premium,Monthly,UPI,No,2,899.0,1,1,11,11.0,2026-05-15,9889.0,,0
CUST-106276,2026-03-07,Organic Search,Ahmedabad,Female,56,0,Standard,Two-Year,Wallet,Yes,2,636.0,1,0,2,14.0,2026-05-13,1272.0,,0
CUST-106277,2025-11-11,Paid Search,Mumbai,Male,48,0,Standard,Monthly,Debit Card,Yes,2,615.0,0,0,6,25.0,2026-05-03,3690.0,,0
CUST-106278,2025-03-02,Referral,Ahmedabad,Male,45,0,Standard,Monthly,Net Banking,No,1,555.0,1,0,14,11.0,2026-05-09,7770.0,,0
CUST-106279,2025-02-10,Organic Search,Chennai,Female,40,0,Basic,Monthly,UPI,Yes,3,405.0,1,1,15,25.0,2026-05-15,6075.0,,0
CUST-106280,2025-07-07,Referral,Surat,Male,38,0,Basic,Monthly,Net Banking,No,0,212.0,1,1,10,7.0,2026-05-05,2120.0,,0
CUST-106281,2025-11-04,Organic Search,Pune,Male,46,0,Standard,Two-Year,Credit Card,No,2,594.0,1,0,6,26.0,2026-05-30,3564.0,,0
CUST-106282,2025-10-31,Paid Social,Pune,Female,61,1,Standard,Monthly,UPI,Yes,0,498.0,0,0,7,10.0,2026-05-15,3486.0,,0
CUST-106283,2025-11-21,Organic Search,Kolkata,Male,68,1,Premium,Monthly,Wallet,Yes,3,968.0,1,1,2,22.0,2026-01-20,1936.0,2026-01-20,1
CUST-106284,2024-07-04,Affiliate,Mumbai,Female,21,0,Standard,Monthly,Wallet,No,3,672.0,1,0,22,11.0,2026-05-02,14784.0,,0
CUST-106285,2025-04-04,Paid Search,Ahmedabad,Male,30,0,Basic,Monthly,UPI,Yes,2,317.0,1,1,13,35.0,2026-05-24,4121.0,,0
CUST-106286,2024-09-25,Paid Search,Bengaluru,Male,53,0,Basic,Monthly,Credit Card,Yes,2,326.0,1,1,4,34.0,2025-01-23,1304.0,2025-01-23,1
CUST-106287,2024-06-26,Email,Mumbai,Male,25,0,Standard,Monthly,Wallet,Yes,0,480.0,1,0,23,0.0,2026-05-13,11040.0,,0
CUST-106288,2025-11-15,Paid Social,Bengaluru,Female,49,0,Basic,Annual,Credit Card,No,0,196.0,0,0,6,24.0,2026-05-19,1176.0,,0
CUST-106289,2026-05-21,Affiliate,Bengaluru,Male,40,0,Standard,Monthly,Credit Card,Yes,0,493.0,1,1,0,17.0,2026-05-28,493.0,,0
CUST-106290,2026-03-29,Referral,Delhi,Female,27,0,Basic,Monthly,UPI,No,0,205.0,1,1,2,20.0,2026-05-27,410.0,,0
CUST-106291,2026-02-27,Email,Bengaluru,Female,44,0,Basic,Annual,Credit Card,Yes,1,258.0,1,0,3,21.0,2026-05-31,774.0,,0
CUST-106292,2025-01-08,Affiliate,Delhi,Female,44,0,Basic,Annual,Credit Card,Yes,0,213.0,1,1,16,24.0,2026-05-04,3408.0,,0
CUST-106293,2024-09-24,Email,Ahmedabad,Male,55,0,Standard,Monthly,Debit Card,Yes,3,683.0,1,1,20,18.0,2026-05-24,13660.0,,0
CUST-106294,2025-03-15,Organic Search,Kolkata,Female,60,1,Basic,Annual,Credit Card,Yes,2,328.0,1,1,14,11.0,2026-05-18,4592.0,,0
CUST-106295,2025-04-18,Referral,Hyderabad,Female,67,1,Standard,Annual,Debit Card,Yes,2,622.0,1,1,13,17.0,2026-05-15,8086.0,,0
CUST-106296,2026-02-28,Affiliate,Ahmedabad,Male,40,0,Basic,Two-Year,UPI,No,2,302.0,1,1,3,15.0,2026-05-06,906.0,,0
CUST-106297,2025-01-20,Paid Search,Ahmedabad,Female,53,0,Premium,Monthly,Debit Card,No,0,793.0,1,0,16,12.0,2026-05-10,12688.0,,0
CUST-106298,2024-12-12,Paid Social,Ahmedabad,Male,58,0,Standard,Two-Year,UPI,Yes,1,549.0,1,0,17,19.0,2026-05-03,9333.0,,0
CUST-106299,2026-05-16,Email,Ahmedabad,Female,69,1,Standard,Annual,Debit Card,Yes,0,510.0,1,0,0,12.0,2026-05-05,510.0,,0
CUST-106300,2026-04-07,Organic Search,Ahmedabad,Female,51,0,Premium,Annual,Net Banking,No,0,812.0,1,0,1,11.0,2026-05-21,812.0,,0
CUST-106301,2025-11-04,Paid Search,Mumbai,Male,30,0,Premium,Annual,Debit Card,Yes,1,858.0,1,1,6,24.0,2026-05-25,5148.0,,0
CUST-106302,2024-09-11,Paid Search,Chennai,Male,35,0,Premium,Monthly,UPI,No,1,861.0,1,0,20,8.0,2026-05-28,17220.0,,0
CUST-106303,2025-07-16,Organic Search,Chennai,Male,28,0,Basic,Annual,Net Banking,Yes,1,235.0,1,1,10,24.0,2026-05-27,2350.0,,0
CUST-106304,2024-12-01,Referral,Chennai,Male,28,0,Basic,Annual,UPI,No,2,313.0,1,0,17,20.0,2026-05-08,5321.0,,0
CUST-106305,2024-09-21,Organic Search,Pune,Female,33,0,Standard,Two-Year,UPI,Yes,2,581.0,1,1,20,18.0,2026-05-30,11620.0,,0
CUST-106306,2024-06-26,Referral,Hyderabad,Male,43,0,Standard,Monthly,Net Banking,Yes,1,571.0,1,1,23,12.0,2026-05-14,13133.0,,0
CUST-106307,2025-01-19,Affiliate,Hyderabad,Female,58,0,Standard,Two-Year,UPI,Yes,0,532.0,1,1,16,27.0,2026-05-12,8512.0,,0
CUST-106308,2024-08-08,Paid Social,Kolkata,Female,33,0,Standard,Monthly,Credit Card,Yes,1,551.0,0,0,21,5.0,2026-05-09,11571.0,,0
CUST-106309,2024-08-06,Referral,Hyderabad,Female,27,0,Basic,Two-Year,Wallet,Yes,1,262.0,1,0,21,22.0,2026-05-30,5502.0,,0
CUST-106310,2024-12-03,Organic Search,Hyderabad,Male,24,0,Basic,Annual,UPI,Yes,0,205.0,1,0,17,16.0,2026-05-20,3485.0,,0
CUST-106311,2025-05-13,Affiliate,Chennai,Female,28,0,Standard,Annual,Net Banking,Yes,2,602.0,1,1,4,19.0,2025-09-10,2408.0,2025-09-10,1
CUST-106312,2025-09-21,Email,Bengaluru,Male,40,0,Standard,Annual,Credit Card,Yes,1,557.0,1,1,8,10.0,2026-05-05,4456.0,,0
CUST-106313,2026-02-24,Organic Search,Mumbai,Male,39,0,Premium,Two-Year,Credit Card,Yes,3,986.0,1,1,3,18.0,2026-05-31,2958.0,,0
CUST-106314,2024-10-25,Referral,Ahmedabad,Male,38,0,Standard,Monthly,Credit Card,No,0,502.0,1,1,19,33.0,2026-05-06,9538.0,,0
CUST-106315,2025-12-24,Paid Search,Delhi,Female,34,0,Basic,Monthly,Credit Card,No,3,380.0,1,1,5,30.0,2026-05-08,1900.0,,0
CUST-106316,2026-04-16,Paid Search,Ahmedabad,Male,41,0,Basic,Two-Year,Net Banking,Yes,1,255.0,1,0,1,26.0,2026-05-13,255.0,,0
CUST-106317,2025-12-13,Referral,Mumbai,Male,51,0,Basic,Monthly,Net Banking,Yes,1,247.0,1,1,5,24.0,2026-05-03,1235.0,,0
CUST-106318,2025-02-10,Paid Social,Ahmedabad,Male,20,0,Basic,Annual,UPI,Yes,1,269.0,1,0,15,20.0,2026-05-30,4035.0,,0
CUST-106319,2025-01-15,Paid Search,Delhi,Female,64,1,Standard,Monthly,Debit Card,No,1,585.0,1,0,16,26.0,2026-05-05,9360.0,,0
CUST-106320,2025-06-14,Organic Search,Surat,Female,33,0,Standard,Annual,Credit Card,No,0,469.0,1,1,11,19.0,2026-05-29,5159.0,,0
CUST-106321,2026-01-25,Paid Social,Delhi,Female,25,0,Premium,Two-Year,Debit Card,No,3,947.0,1,1,4,40.0,2026-05-09,3788.0,,0
CUST-106322,2025-09-28,Affiliate,Mumbai,Female,27,0,Standard,Monthly,UPI,No,1,541.0,0,0,8,24.0,2026-05-12,4328.0,,0
CUST-106323,2025-04-25,Organic Search,Delhi,Male,46,0,Basic,Annual,UPI,No,3,372.0,1,0,13,26.0,2026-05-22,4836.0,,0
CUST-106324,2024-09-08,Paid Search,Delhi,Male,45,0,Standard,Monthly,UPI,Yes,3,675.0,1,0,20,26.0,2026-05-19,13500.0,,0
CUST-106325,2025-09-30,Organic Search,Pune,Male,22,0,Basic,Annual,Credit Card,Yes,2,321.0,1,1,8,21.0,2026-05-23,2568.0,,0
CUST-106326,2025-10-15,Affiliate,Pune,Male,43,0,Basic,Monthly,UPI,No,1,260.0,0,0,7,27.0,2026-05-25,1820.0,,0
CUST-106327,2025-06-02,Paid Search,Ahmedabad,Female,29,0,Standard,Monthly,Credit Card,Yes,2,617.0,1,0,11,14.0,2026-05-22,6787.0,,0
CUST-106328,2024-08-27,Paid Social,Bengaluru,Male,65,1,Basic,Monthly,Wallet,Yes,1,278.0,1,1,3,20.0,2024-11-25,834.0,2024-11-25,1
CUST-106329,2025-04-20,Organic Search,Ahmedabad,Female,34,0,Basic,Monthly,UPI,No,2,305.0,1,1,13,21.0,2026-05-14,3965.0,,0
CUST-106330,2026-01-24,Paid Social,Pune,Female,69,1,Standard,Annual,Credit Card,No,3,693.0,1,1,4,17.0,2026-05-13,2772.0,,0
CUST-106331,2026-04-27,Email,Jaipur,Female,48,0,Standard,Monthly,UPI,Yes,2,649.0,1,1,1,21.0,2026-05-27,649.0,2026-05-27,1
CUST-106332,2025-05-22,Paid Search,Kolkata,Male,68,1,Basic,Two-Year,Credit Card,Yes,1,237.0,1,1,12,0.0,2026-05-18,2844.0,,0
CUST-106333,2026-02-09,Paid Social,Mumbai,Female,46,0,Standard,Two-Year,UPI,Yes,3,650.0,1,1,3,30.0,2026-05-09,1950.0,,0
CUST-106334,2024-08-05,Referral,Hyderabad,Female,24,0,Basic,Annual,Wallet,Yes,0,202.0,1,1,21,28.0,2026-05-08,4242.0,,0
CUST-106335,2024-07-19,Paid Social,Chennai,Male,51,0,Standard,Two-Year,UPI,Yes,2,629.0,1,1,22,18.0,2026-05-18,13838.0,,0
CUST-106336,2025-10-29,Paid Social,Kolkata,Female,42,0,Standard,Two-Year,Wallet,No,3,680.0,1,1,7,21.0,2026-05-29,4760.0,,0
CUST-106337,2026-05-10,Paid Social,Mumbai,Male,60,1,Standard,Annual,UPI,Yes,2,587.0,1,1,0,18.0,2026-05-10,587.0,2026-05-10,1
CUST-106338,2024-07-26,Organic Search,Bengaluru,Female,38,0,Standard,Annual,Net Banking,No,1,534.0,1,1,22,27.0,2026-05-18,11748.0,,0
CUST-106339,2024-09-16,Referral,Mumbai,Female,27,0,Basic,Monthly,UPI,Yes,3,371.0,1,1,20,34.0,2026-05-11,7420.0,,0
CUST-106340,2026-05-12,Affiliate,Ahmedabad,Female,23,0,Basic,Annual,UPI,Yes,0,205.0,1,0,0,25.0,2026-05-14,205.0,,0
CUST-106341,2026-04-30,Affiliate,Pune,Female,56,0,Standard,Annual,Net Banking,Yes,3,674.0,1,1,1,32.0,2026-05-22,674.0,,0
CUST-106342,2025-04-27,Affiliate,Delhi,Female,30,0,Basic,Monthly,UPI,No,1,262.0,0,0,13,17.0,2026-05-25,3406.0,,0
CUST-106343,2024-07-02,Paid Social,Mumbai,Male,52,0,Basic,Monthly,Credit Card,No,1,262.0,1,1,22,4.0,2026-05-04,5764.0,,0
CUST-106344,2025-03-07,Paid Social,Chennai,Male,24,0,Standard,Monthly,Debit Card,Yes,1,573.0,1,1,14,17.0,2026-05-02,8022.0,,0
CUST-106345,2025-10-04,Paid Search,Bengaluru,Female,22,0,Basic,Annual,Credit Card,Yes,3,362.0,1,0,7,29.0,2026-05-26,2534.0,,0
CUST-106346,2025-01-16,Email,Surat,Female,54,0,Standard,Two-Year,UPI,Yes,1,560.0,1,1,16,26.0,2026-05-23,8960.0,,0
CUST-106347,2025-01-28,Referral,Chennai,Female,35,0,Standard,Monthly,Wallet,Yes,1,581.0,1,1,7,17.0,2025-08-26,4067.0,2025-08-26,1
CUST-106348,2025-04-24,Paid Search,Kolkata,Male,47,0,Standard,Monthly,Debit Card,Yes,2,607.0,1,1,13,7.0,2026-05-28,7891.0,,0
CUST-106349,2025-04-26,Referral,Chennai,Male,19,0,Premium,Two-Year,Net Banking,Yes,0,790.0,1,1,13,24.0,2026-05-02,10270.0,,0
CUST-106350,2025-12-22,Referral,Ahmedabad,Female,27,0,Standard,Monthly,Debit Card,No,1,560.0,1,1,5,12.0,2026-05-24,2800.0,,0
CUST-106351,2025-05-30,Affiliate,Ahmedabad,Female,22,0,Premium,Annual,Debit Card,No,0,783.0,1,1,12,11.0,2026-05-28,9396.0,,0
CUST-106352,2025-06-15,Referral,Jaipur,Male,32,0,Standard,Monthly,Credit Card,No,2,602.0,1,1,11,28.0,2026-05-28,6622.0,,0
CUST-106353,2025-03-24,Paid Social,Mumbai,Male,32,0,Standard,Monthly,UPI,No,0,494.0,1,0,14,16.0,2026-05-14,6916.0,,0
CUST-106354,2025-09-12,Paid Social,Delhi,Female,37,0,Standard,Monthly,Net Banking,No,2,615.0,0,0,8,24.0,2026-05-24,4920.0,,0
CUST-106355,2025-10-22,Paid Search,Pune,Female,30,0,Premium,Monthly,Net Banking,Yes,1,870.0,1,1,7,8.0,2026-05-06,6090.0,,0
CUST-106356,2024-07-12,Paid Social,Mumbai,Male,41,0,Standard,Annual,Debit Card,Yes,0,486.0,1,1,22,17.0,2026-05-06,10692.0,,0
CUST-106357,2024-06-30,Email,Mumbai,Female,64,1,Premium,Monthly,Net Banking,Yes,3,979.0,1,1,23,9.0,2026-05-28,22517.0,,0
CUST-106358,2026-02-11,Paid Search,Bengaluru,Male,22,0,Standard,Annual,UPI,Yes,1,578.0,1,1,3,27.0,2026-05-06,1734.0,,0
CUST-106359,2024-07-06,Paid Social,Delhi,Male,64,1,Premium,Two-Year,UPI,Yes,1,877.0,1,1,22,25.0,2026-05-13,19294.0,,0
CUST-106360,2025-06-21,Paid Social,Pune,Male,39,0,Basic,Annual,UPI,Yes,0,197.0,1,0,11,8.0,2026-05-28,2167.0,,0
CUST-106361,2026-01-31,Paid Search,Ahmedabad,Male,48,0,Basic,Monthly,Debit Card,No,3,382.0,1,0,4,18.0,2026-05-28,1528.0,,0
CUST-106362,2025-06-17,Paid Search,Bengaluru,Female,52,0,Basic,Monthly,Credit Card,Yes,3,365.0,1,0,11,26.0,2026-05-28,4015.0,,0
CUST-106363,2024-08-04,Organic Search,Mumbai,Male,56,0,Standard,Monthly,UPI,Yes,0,503.0,1,1,21,10.0,2026-05-25,10563.0,,0
CUST-106364,2024-12-01,Affiliate,Pune,Female,67,1,Basic,Annual,Credit Card,Yes,1,282.0,1,1,8,7.0,2025-07-29,2256.0,2025-07-29,1
CUST-106365,2024-09-23,Paid Social,Ahmedabad,Male,69,1,Basic,Monthly,UPI,Yes,0,218.0,1,1,20,15.0,2026-05-23,4360.0,,0
CUST-106366,2024-07-27,Paid Social,Mumbai,Male,23,0,Basic,Two-Year,Credit Card,Yes,2,319.0,1,0,22,27.0,2026-05-28,7018.0,,0
CUST-106367,2025-02-12,Organic Search,Chennai,Male,39,0,Standard,Annual,UPI,Yes,0,504.0,1,1,15,11.0,2026-05-11,7560.0,,0
CUST-106368,2025-01-31,Paid Search,Mumbai,Male,46,0,Basic,Monthly,UPI,No,1,248.0,1,1,16,26.0,2026-05-20,3968.0,,0
CUST-106369,2025-09-21,Referral,Hyderabad,Female,45,0,Standard,Monthly,Credit Card,No,2,605.0,1,1,8,23.0,2026-05-18,4840.0,,0
CUST-106370,2026-01-18,Affiliate,Mumbai,Female,69,1,Standard,Annual,UPI,No,3,674.0,1,1,4,32.0,2026-05-24,2696.0,,0
CUST-106371,2025-07-26,Organic Search,Mumbai,Female,51,0,Standard,Two-Year,Credit Card,Yes,3,683.0,1,1,10,16.0,2026-05-13,6830.0,,0
CUST-106372,2025-07-04,Email,Delhi,Female,38,0,Standard,Monthly,UPI,No,1,570.0,1,1,5,11.0,2025-12-01,2850.0,2025-12-01,1
CUST-106373,2026-01-07,Referral,Kolkata,Female,65,1,Basic,Annual,Wallet,No,0,198.0,1,1,2,12.0,2026-03-08,396.0,2026-03-08,1
CUST-106374,2024-12-10,Paid Social,Delhi,Female,56,0,Premium,Monthly,UPI,No,2,926.0,1,1,17,28.0,2026-05-04,15742.0,,0
CUST-106375,2025-05-15,Organic Search,Mumbai,Female,59,0,Premium,Two-Year,UPI,Yes,1,821.0,1,1,12,20.0,2026-05-06,9852.0,,0
CUST-106376,2025-08-07,Paid Social,Bengaluru,Female,50,0,Basic,Annual,Net Banking,No,1,262.0,1,0,9,16.0,2026-05-02,2358.0,,0
CUST-106377,2026-01-09,Affiliate,Delhi,Male,21,0,Basic,Annual,UPI,Yes,3,370.0,1,1,4,32.0,2026-05-17,1480.0,,0
CUST-106378,2025-02-12,Paid Social,Chennai,Male,68,1,Standard,Monthly,Credit Card,Yes,1,540.0,1,0,15,7.0,2026-05-23,8100.0,,0
CUST-106379,2025-05-31,Paid Social,Surat,Female,55,0,Premium,Two-Year,Debit Card,Yes,2,926.0,1,1,12,23.0,2026-05-30,11112.0,,0
CUST-106380,2024-11-11,Referral,Bengaluru,Female,25,0,Premium,Annual,UPI,Yes,2,941.0,1,1,18,21.0,2026-05-08,16938.0,,0
CUST-106381,2025-01-16,Affiliate,Bengaluru,Male,31,0,Premium,Monthly,Wallet,No,1,859.0,1,1,7,28.0,2025-08-14,6013.0,2025-08-14,1
CUST-106382,2025-11-22,Paid Search,Delhi,Female,35,0,Premium,Annual,Credit Card,No,3,992.0,1,1,6,30.0,2026-05-22,5952.0,,0
CUST-106383,2026-02-06,Referral,Surat,Male,31,0,Standard,Monthly,Debit Card,No,1,553.0,1,1,3,15.0,2026-05-08,1659.0,,0
CUST-106384,2024-09-30,Organic Search,Bengaluru,Female,50,0,Basic,Annual,Wallet,Yes,2,350.0,1,1,20,33.0,2026-05-08,7000.0,,0
CUST-106385,2026-05-24,Affiliate,Mumbai,Female,46,0,Basic,Annual,Net Banking,Yes,2,295.0,1,1,0,23.0,2026-05-21,295.0,,0
CUST-106386,2025-08-01,Paid Social,Surat,Male,29,0,Basic,Monthly,UPI,Yes,3,377.0,1,1,8,26.0,2026-03-29,3016.0,2026-03-29,1
CUST-106387,2026-05-23,Organic Search,Surat,Female,54,0,Basic,Monthly,Credit Card,No,1,270.0,1,1,0,20.0,2026-05-05,270.0,,0
CUST-106388,2025-11-17,Email,Delhi,Female,32,0,Basic,Two-Year,Credit Card,Yes,0,199.0,1,1,6,29.0,2026-05-25,1194.0,,0
CUST-106389,2024-09-02,Organic Search,Delhi,Female,26,0,Standard,Two-Year,Credit Card,No,2,640.0,1,1,20,5.0,2026-05-03,12800.0,,0
CUST-106390,2024-07-15,Organic Search,Hyderabad,Female,67,1,Standard,Monthly,Debit Card,Yes,0,468.0,1,1,22,20.0,2026-05-08,10296.0,,0
CUST-106391,2026-03-27,Paid Search,Chennai,Female,34,0,Basic,Annual,UPI,Yes,3,377.0,1,1,2,39.0,2026-05-17,754.0,,0
CUST-106392,2025-10-21,Paid Social,Bengaluru,Male,30,0,Premium,Monthly,Credit Card,Yes,3,975.0,1,1,5,13.0,2026-03-20,4875.0,2026-03-20,1
CUST-106393,2026-02-22,Organic Search,Delhi,Female,55,0,Premium,Monthly,Debit Card,Yes,0,797.0,1,1,2,8.0,2026-04-23,1594.0,2026-04-23,1
CUST-106394,2024-06-09,Paid Search,Delhi,Male,57,0,Basic,Two-Year,UPI,No,0,175.0,1,1,23,19.0,2026-05-22,4025.0,,0
CUST-106395,2024-09-24,Referral,Delhi,Male,25,0,Basic,Annual,Debit Card,Yes,2,315.0,1,1,20,30.0,2026-05-20,6300.0,,0
CUST-106396,2026-01-13,Referral,Ahmedabad,Male,20,0,Standard,Monthly,UPI,Yes,2,614.0,1,1,4,23.0,2026-05-31,2456.0,,0
CUST-106397,2026-02-08,Organic Search,Chennai,Male,62,1,Premium,Monthly,Debit Card,Yes,3,983.0,1,1,1,21.0,2026-03-10,983.0,2026-03-10,1
CUST-106398,2024-12-20,Paid Search,Ahmedabad,Female,44,0,Standard,Monthly,UPI,No,0,515.0,1,1,17,16.0,2026-05-09,8755.0,,0
CUST-106399,2026-05-22,Affiliate,Delhi,Female,41,0,Basic,Monthly,Debit Card,Yes,0,201.0,0,0,0,9.0,2026-05-22,201.0,,0
CUST-106400,2024-09-21,Organic Search,Chennai,Female,39,0,Standard,Two-Year,UPI,Yes,1,565.0,0,0,20,16.0,2026-05-15,11300.0,,0
CUST-106401,2025-01-09,Organic Search,Delhi,Male,48,0,Premium,Monthly,Debit Card,No,0,818.0,1,1,6,6.0,2025-07-08,4908.0,2025-07-08,1
CUST-106402,2024-09-04,Organic Search,Delhi,Female,53,0,Basic,Monthly,Credit Card,Yes,3,397.0,1,1,8,38.0,2025-05-02,3176.0,2025-05-02,1
CUST-106403,2025-07-21,Paid Search,Jaipur,Female,22,0,Standard,Annual,Credit Card,No,2,583.0,1,1,10,23.0,2026-05-11,5830.0,,0
CUST-106404,2025-04-14,Organic Search,Ahmedabad,Male,31,0,Standard,Monthly,Debit Card,No,2,631.0,1,0,13,10.0,2026-05-05,8203.0,,0
CUST-106405,2025-08-14,Referral,Kolkata,Female,67,1,Basic,Monthly,Net Banking,Yes,2,331.0,1,0,9,28.0,2026-05-23,2979.0,,0
CUST-106406,2024-12-28,Email,Ahmedabad,M,26,0,Premium,Annual,UPI,Yes,2,915.0,1,1,15,5.0,2026-03-23,13725.0,2026-03-23,1
CUST-106407,2025-06-20,Organic Search,Delhi,Female,65,1,Basic,Monthly,Debit Card,Yes,1,252.0,1,0,11,7.0,2026-05-09,2772.0,,0
CUST-106408,2025-05-08,Paid Search,Pune,Male,38,0,Premium,Monthly,Credit Card,No,0,782.0,1,1,12,18.0,2026-05-22,9384.0,,0
CUST-106409,2024-12-24,Organic Search,Delhi,Female,27,0,Standard,Annual,Debit Card,Yes,3,650.0,1,1,17,23.0,2026-05-30,11050.0,,0
CUST-106410,2026-02-07,Organic Search,Bengaluru,Female,48,0,Basic,Two-Year,Net Banking,No,2,332.0,1,1,3,26.0,2026-05-26,996.0,,0
CUST-106411,2026-02-18,Referral,Mumbai,Female,52,0,Standard,Two-Year,Debit Card,No,0,510.0,1,1,3,11.0,2026-05-29,1530.0,,0
CUST-106412,2024-08-16,Paid Social,Bengaluru,Male,36,0,Basic,Monthly,UPI,Yes,0,198.0,0,0,21,11.0,2026-05-25,4158.0,,0
CUST-106413,2025-01-01,Email,Mumbai,Male,59,0,Basic,Annual,Credit Card,Yes,0,210.0,1,1,16,16.0,2026-05-02,3360.0,,0
CUST-106414,2024-12-07,Paid Search,Chennai,Female,21,0,Basic,Annual,Credit Card,Yes,3,394.0,1,0,17,18.0,2026-05-10,6698.0,,0
CUST-106415,2024-12-19,Organic Search,Pune,Male,24,0,Premium,Monthly,UPI,Yes,0,772.0,1,0,17,7.0,2026-05-14,13124.0,,0
CUST-106416,2024-08-22,Paid Social,Bengaluru,Male,50,0,Premium,Monthly,Debit Card,No,3,983.0,1,1,21,32.0,2026-05-10,20643.0,,0
CUST-106417,2025-03-10,Organic Search,Ahmedabad,Female,48,0,Basic,Annual,Debit Card,No,3,375.0,1,1,14,16.0,2026-05-13,5250.0,,0
CUST-106418,2025-09-08,Affiliate,Bengaluru,Female,54,0,Standard,Monthly,Debit Card,No,0,505.0,1,1,8,14.0,2026-05-05,4040.0,,0
CUST-106419,2025-02-27,Referral,Bengaluru,Female,62,1,Premium,Two-Year,UPI,Yes,0,802.0,1,1,15,11.0,2026-05-13,12030.0,,0
CUST-106420,2025-08-29,Paid Social,Mumbai,Male,66,1,Standard,Monthly,Debit Card,Yes,3,691.0,0,0,9,16.0,2026-05-17,6219.0,,0
CUST-106421,2024-07-22,Paid Search,Pune,Male,44,0,Basic,Monthly,UPI,Yes,2,295.0,1,0,22,10.0,2026-05-30,6490.0,,0
CUST-106422,2026-02-09,Paid Search,Ahmedabad,Female,44,0,Basic,Two-Year,UPI,No,3,399.0,1,1,3,14.0,2026-05-17,1197.0,,0
CUST-106423,2025-06-14,Referral,Mumbai,Male,66,1,Basic,Two-Year,Credit Card,No,3,371.0,0,0,11,20.0,2026-05-21,4081.0,,0
CUST-106424,2025-11-14,Organic Search,Hyderabad,Male,67,1,Basic,Monthly,Credit Card,Yes,0,197.0,1,1,6,14.0,2026-05-17,1182.0,,0
CUST-106425,2025-05-23,Organic Search,Mumbai,Male,20,0,Standard,Annual,Credit Card,No,0,473.0,1,1,12,19.0,2026-05-02,5676.0,,0
CUST-106426,2025-10-23,Organic Search,Mumbai,Female,44,0,Standard,Annual,Net Banking,Yes,3,677.0,1,1,7,38.0,2026-05-22,4739.0,,0
CUST-106427,2025-07-17,Paid Social,Pune,Male,65,1,Standard,Monthly,UPI,No,0,499.0,1,1,0,16.0,2025-07-17,499.0,2025-07-17,1
CUST-106428,2024-09-26,Paid Social,Hyderabad,Female,20,0,Basic,Annual,Credit Card,No,3,378.0,0,0,20,17.0,2026-05-05,7560.0,,0
CUST-106429,2024-11-15,Organic Search,Ahmedabad,Male,68,1,Standard,Annual,UPI,No,3,668.0,1,1,18,7.0,2026-05-03,12024.0,,0
CUST-106430,2026-01-19,Paid Social,Ahmedabad,Male,56,0,Standard,Monthly,UPI,No,1,541.0,1,1,4,9.0,2026-05-18,2164.0,,0
CUST-106431,2025-02-04,Paid Social,Bengaluru,Female,26,0,Standard,Two-Year,UPI,No,1,569.0,1,0,15,30.0,2026-05-29,8535.0,,0
CUST-106432,2024-06-06,Organic Search,Pune,Female,51,0,Basic,Two-Year,Debit Card,Yes,3,353.0,1,1,23,29.0,2026-05-26,8119.0,,0
CUST-106433,2025-06-17,Affiliate,Bengaluru,Female,40,0,Basic,Monthly,Credit Card,No,1,271.0,1,1,11,20.0,2026-05-10,2981.0,,0
CUST-106434,2025-11-04,Paid Search,Pune,Female,35,0,Basic,Monthly,Credit Card,No,0,224.0,1,1,6,19.0,2026-05-06,1344.0,,0
CUST-106435,2026-02-12,Paid Social,Hyderabad,Male,50,0,Basic,Two-Year,Credit Card,Yes,2,352.0,1,1,3,13.0,2026-05-17,1056.0,,0
CUST-106436,2026-01-15,Paid Search,Jaipur,Male,56,0,Standard,Monthly,UPI,No,1,543.0,1,1,2,19.0,2026-03-16,1086.0,2026-03-16,1
CUST-106437,2026-04-19,Paid Social,Delhi,Male,64,1,Standard,Monthly,UPI,No,2,628.0,0,0,1,15.0,2026-05-30,628.0,,0
CUST-106438,2024-11-13,Affiliate,Mumbai,Male,39,0,Basic,Annual,Credit Card,Yes,3,371.0,1,1,18,32.0,2026-05-04,6678.0,,0
CUST-106439,2025-11-03,Paid Search,Mumbai,Female,26,0,Standard,Annual,Net Banking,Yes,0,517.0,0,0,6,16.0,2026-05-08,3102.0,,0
CUST-106440,2025-01-14,Paid Search,Mumbai,Female,62,1,Standard,Monthly,Net Banking,Yes,0,505.0,0,0,16,9.0,2026-05-30,8080.0,,0
CUST-106441,2026-03-01,Affiliate,Delhi,Male,35,0,Standard,Monthly,UPI,Yes,3,675.0,1,1,2,23.0,2026-05-09,1350.0,,0
CUST-106442,2024-11-24,Affiliate,Kolkata,Male,57,0,Standard,Two-Year,Credit Card,Yes,3,665.0,1,0,18,20.0,2026-05-11,11970.0,,0
CUST-106443,2025-11-04,Affiliate,Delhi,Female,59,0,Premium,Two-Year,Credit Card,No,3,973.0,1,0,6,27.0,2026-05-27,5838.0,,0
CUST-106444,2026-01-19,Organic Search,Mumbai,Female,21,0,Standard,Monthly,Net Banking,Yes,0,489.0,1,1,4,16.0,2026-05-19,1956.0,2026-05-19,1
CUST-106445,2025-08-07,Organic Search,Bengaluru,Male,39,0,Basic,Monthly,UPI,Yes,0,199.0,1,1,4,23.0,2025-12-05,796.0,2025-12-05,1
CUST-106446,2025-04-03,Referral,Surat,Male,22,0,Premium,Monthly,UPI,Yes,1,859.0,0,0,13,11.0,2026-05-18,11167.0,,0
CUST-106447,2025-05-06,Paid Social,Mumbai,Male,49,0,Basic,Monthly,Wallet,No,0,191.0,0,0,12,23.0,2026-05-03,2292.0,,0
CUST-106448,2025-02-20,Referral,Chennai,Male,59,0,Standard,Monthly,UPI,No,1,549.0,1,1,15,21.0,2026-05-31,8235.0,,0
CUST-106449,2024-08-24,Referral,Chennai,Male,47,0,Premium,Annual,Wallet,Yes,2,928.0,1,1,3,21.0,2024-11-22,2784.0,2024-11-22,1
CUST-106450,2025-06-02,Paid Social,Delhi,Male,34,0,Basic,Monthly,Credit Card,Yes,2,330.0,0,0,11,24.0,2026-05-15,3630.0,,0
CUST-106451,2025-08-16,Paid Social,Pune,Male,68,1,Basic,Annual,Credit Card,No,1,247.0,0,0,9,22.0,2026-05-19,2223.0,,0
CUST-106452,2025-11-15,Paid Search,Delhi,Male,22,0,Basic,Annual,UPI,Yes,1,258.0,1,1,6,23.0,2026-05-15,1548.0,,0
CUST-106453,2024-07-13,Paid Social,Mumbai,Male,25,0,Premium,Annual,Net Banking,No,1,846.0,1,0,22,19.0,2026-05-18,18612.0,,0
CUST-106454,2025-09-25,Paid Search,Delhi,Male,37,0,Basic,Monthly,UPI,Yes,2,358.0,1,1,8,26.0,2026-05-31,2864.0,,0
CUST-106455,2024-12-28,Referral,Ahmedabad,Male,67,1,Standard,Annual,Credit Card,Yes,0,485.0,1,1,17,16.0,2026-05-10,8245.0,,0
CUST-106456,2025-10-29,Paid Social,Hyderabad,Female,64,1,Basic,Monthly,UPI,No,0,203.0,1,1,7,19.0,2026-05-02,1421.0,,0
CUST-106457,2025-05-29,Referral,Chennai,Female,47,0,Basic,Monthly,UPI,Yes,2,326.0,1,1,12,17.0,2026-05-12,3912.0,,0
CUST-106458,2026-04-22,Paid Search,Delhi,Male,67,1,Basic,Annual,Debit Card,No,2,309.0,1,1,1,16.0,2026-05-03,309.0,,0
CUST-106459,2024-08-19,Referral,Bengaluru,Male,65,1,Premium,Annual,UPI,No,0,786.0,1,1,21,14.0,2026-05-10,16506.0,,0
CUST-106460,2024-12-03,Organic Search,Mumbai,Female,48,0,Basic,Annual,Debit Card,Yes,2,315.0,1,1,17,9.0,2026-05-07,5355.0,,0
CUST-106461,2025-11-08,Referral,Ahmedabad,Male,24,0,Premium,Monthly,Debit Card,Yes,1,846.0,1,1,5,10.0,2026-04-07,4230.0,2026-04-07,1
CUST-106462,2024-10-29,Referral,Pune,Female,64,1,Standard,Annual,Credit Card,No,3,682.0,1,0,19,21.0,2026-05-09,12958.0,,0
CUST-106463,2024-12-02,Organic Search,Mumbai,Female,51,0,Premium,Monthly,Debit Card,No,2,906.0,1,1,6,9.0,2025-05-31,5436.0,2025-05-31,1
CUST-106464,2025-09-17,Paid Search,Chennai,Male,25,0,Basic,Annual,UPI,Yes,1,261.0,1,1,8,17.0,2026-05-29,2088.0,,0
CUST-106465,2025-06-09,Affiliate,Mumbai,Male,61,1,Standard,Monthly,Net Banking,Yes,3,648.0,1,0,11,25.0,2026-05-15,7128.0,,0
CUST-106466,2024-09-15,Organic Search,Chennai,Male,38,0,Basic,Annual,UPI,Yes,2,307.0,1,0,20,19.0,2026-05-30,6140.0,,0
CUST-106467,2025-01-24,Referral,Delhi,Female,58,0,Standard,Two-Year,Credit Card,Yes,0,493.0,1,1,16,15.0,2026-05-11,7888.0,,0
CUST-106468,2025-09-13,Email,Delhi,Male,31,0,Standard,Monthly,Net Banking,No,2,634.0,1,1,8,20.0,2026-05-23,5072.0,,0
CUST-106469,2024-07-18,Affiliate,Hyderabad,Female,18,0,Basic,Two-Year,Net Banking,No,2,291.0,1,0,22,2.0,2026-05-16,6402.0,,0
CUST-106470,2026-04-28,Paid Social,Bengaluru,Male,41,0,Premium,Annual,UPI,No,3,994.0,1,1,0,24.0,2026-04-28,994.0,2026-04-28,1
CUST-106471,2025-03-19,Paid Search,Mumbai,Female,41,0,Basic,Annual,UPI,No,0,209.0,0,0,14,22.0,2026-05-04,2926.0,,0
CUST-106472,2025-05-01,Email,Kolkata,Female,62,1,Basic,Monthly,Net Banking,No,3,352.0,1,1,12,28.0,2026-05-16,4224.0,,0
CUST-106473,2025-09-22,Paid Search,Delhi,Male,23,0,Standard,Monthly,Net Banking,Yes,1,567.0,1,0,8,14.0,2026-05-26,4536.0,,0
CUST-106474,2024-11-04,Organic Search,Ahmedabad,Female,65,1,Standard,Monthly,Debit Card,Yes,2,605.0,0,0,18,31.0,2026-05-05,10890.0,,0
CUST-106475,2025-07-15,Organic Search,Delhi,Female,25,0,Basic,Monthly,UPI,Yes,0,208.0,1,1,4,17.0,2025-11-12,832.0,2025-11-12,1
CUST-106476,2026-05-27,Referral,Bengaluru,Male,66,1,Premium,Annual,Credit Card,Yes,0,808.0,1,1,0,24.0,2026-05-07,808.0,,0
CUST-106477,2026-05-01,Paid Social,Pune,Female,54,0,Basic,Monthly,Wallet,No,3,391.0,0,0,0,14.0,2026-05-31,391.0,,0
CUST-106478,2025-03-07,Organic Search,Chennai,Female,36,0,Standard,Monthly,UPI,No,2,610.0,1,1,14,31.0,2026-05-17,8540.0,,0
CUST-106479,2026-05-24,Paid Social,Bengaluru,Male,67,1,Basic,Two-Year,Net Banking,Yes,1,269.0,1,0,0,15.0,2026-05-04,269.0,,0
CUST-106480,2024-08-23,Referral,Mumbai,Female,36,0,Basic,Annual,Credit Card,Yes,0,222.0,1,0,21,20.0,2026-05-16,4662.0,,0
CUST-106481,2026-03-18,Paid Social,Mumbai,Female,50,0,Standard,Monthly,Debit Card,Yes,3,675.0,1,1,2,20.0,2026-05-17,1350.0,2026-05-17,1
CUST-106482,2025-03-31,Affiliate,Ahmedabad,Female,18,0,Premium,Annual,UPI,Yes,0,797.0,1,1,14,9.0,2026-05-05,11158.0,,0
CUST-106483,2025-01-15,Referral,Hyderabad,Female,23,0,Standard,Monthly,UPI,No,0,510.0,1,1,6,28.0,2025-07-14,3060.0,2025-07-14,1
CUST-106484,2024-08-03,Email,Ahmedabad,Male,36,0,Basic,Annual,UPI,No,0,156.0,1,1,21,15.0,2026-05-22,3276.0,,0
CUST-106485,2025-08-26,Affiliate,Pune,Male,30,0,Basic,Monthly,Net Banking,Yes,2,304.0,1,0,9,9.0,2026-05-10,2736.0,,0
CUST-106486,2024-07-31,Organic Search,Pune,Male,29,0,Premium,Monthly,Debit Card,No,1,874.0,1,1,22,13.0,2026-05-12,19228.0,,0
CUST-106487,2025-11-15,Paid Search,Chennai,Female,37,0,Basic,Two-Year,Debit Card,No,2,321.0,1,1,1,27.0,2025-12-15,321.0,2025-12-15,1
CUST-106488,2024-07-05,Organic Search,Ahmedabad,Male,49,0,Standard,Monthly,Wallet,Yes,0,496.0,1,1,22,27.0,2026-05-06,10912.0,,0
CUST-106489,2025-06-18,Email,Mumbai,Male,24,0,Basic,Monthly,UPI,Yes,2,305.0,0,0,11,14.0,2026-05-11,3355.0,,0
CUST-106490,2025-04-28,Organic Search,Kolkata,Male,57,0,Basic,Monthly,Net Banking,Yes,3,379.0,1,1,5,26.0,2025-09-25,1895.0,2025-09-25,1
CUST-106491,2026-05-22,Paid Search,Bengaluru,Female,62,1,Basic,Monthly,UPI,No,3,371.0,0,0,0,16.0,2026-05-30,371.0,,0
CUST-106492,2025-05-01,Affiliate,Bengaluru,Male,61,1,Basic,Annual,UPI,No,3,353.0,0,0,12,5.0,2026-05-15,4236.0,,0
CUST-106493,2025-01-17,Organic Search,Hyderabad,Male,28,0,Standard,Monthly,Credit Card,No,3,699.0,1,1,3,26.0,2025-04-17,2097.0,2025-04-17,1
CUST-106494,2025-11-17,Affiliate,Kolkata,Male,63,1,Basic,Monthly,Wallet,No,3,369.0,1,1,1,12.0,2025-12-17,369.0,2025-12-17,1
CUST-106495,2026-02-23,Organic Search,Mumbai,Male,24,0,Premium,Two-Year,Debit Card,Yes,3,975.0,1,1,3,28.0,2026-05-15,2925.0,,0
CUST-106496,2025-07-02,Paid Social,Kolkata,Male,23,0,Basic,Monthly,UPI,Yes,3,352.0,1,0,10,23.0,2026-05-08,3520.0,,0
CUST-106497,2025-12-05,Paid Social,Ahmedabad,Male,55,0,Basic,Monthly,Wallet,Yes,0,191.0,1,0,5,9.0,2026-05-20,955.0,,0
CUST-106498,2026-02-18,Paid Social,Surat,Female,57,0,Basic,Monthly,Debit Card,No,0,214.0,0,0,3,14.0,2026-05-09,642.0,,0
CUST-106499,2025-05-02,Paid Search,Mumbai,Male,24,0,Basic,Two-Year,Debit Card,Yes,3,393.0,1,1,12,30.0,2026-05-13,4716.0,,0
CUST-106500,2026-02-27,Affiliate,Mumbai,Male,39,0,Basic,Monthly,Credit Card,No,1,259.0,1,0,3,3.0,2026-05-14,777.0,,0
CUST-106501,2026-01-05,Paid Social,Ahmedabad,Female,39,0,Basic,Annual,UPI,Yes,3,370.0,1,1,4,25.0,2026-05-22,1480.0,,0
CUST-106502,2024-10-03,Paid Search,Chennai,Male,55,0,Basic,Annual,UPI,Yes,2,319.0,1,1,19,25.0,2026-05-21,6061.0,,0
CUST-106503,2025-04-11,Affiliate,Surat,Male,44,0,Basic,Monthly,Debit Card,No,1,267.0,1,1,0,15.0,2025-04-11,267.0,2025-04-11,1
CUST-106504,2024-07-01,Referral,Delhi,Male,49,0,Basic,Annual,UPI,No,2,297.0,1,1,22,33.0,2026-05-10,6534.0,,0
CUST-106505,2025-12-12,Organic Search,Delhi,Male,22,0,Basic,Two-Year,Credit Card,No,1,263.0,1,1,5,21.0,2026-05-31,1315.0,,0
CUST-106506,2025-10-28,Email,Mumbai,Female,68,1,Basic,Annual,Credit Card,Yes,0,210.0,1,1,7,33.0,2026-05-16,1470.0,,0
CUST-106507,2024-06-29,Organic Search,Mumbai,Female,46,0,Basic,Annual,Credit Card,Yes,1,258.0,1,1,23,30.0,2026-05-04,5934.0,,0
CUST-106508,2024-06-08,Paid Search,Chennai,Male,52,0,Basic,Monthly,Net Banking,Yes,2,319.0,0,0,23,33.0,2026-05-29,7337.0,,0
CUST-106509,2025-08-17,Paid Search,Ahmedabad,Female,42,0,Standard,Monthly,Credit Card,Yes,2,608.0,1,0,9,24.0,2026-05-03,5472.0,,0
CUST-106510,2025-03-15,Referral,Surat,Female,30,0,Basic,Annual,Credit Card,Yes,1,263.0,1,1,14,28.0,2026-05-09,3682.0,,0
CUST-106511,2024-07-03,Organic Search,Jaipur,Male,52,0,Premium,Monthly,UPI,Yes,0,823.0,1,1,22,14.0,2026-05-10,18106.0,,0
CUST-106512,2024-07-10,Organic Search,Ahmedabad,Female,32,0,Basic,Monthly,UPI,No,0,220.0,0,0,22,28.0,2026-05-21,4840.0,,0
CUST-106513,2026-02-22,Referral,Bengaluru,Female,29,0,Basic,Monthly,UPI,Yes,0,190.0,1,1,3,9.0,2026-05-12,570.0,,0
CUST-106514,2025-05-01,Organic Search,Surat,Female,46,0,Premium,Monthly,UPI,Yes,2,913.0,1,1,12,34.0,2026-05-09,10956.0,,0
CUST-106515,2025-12-05,Paid Social,Kolkata,Female,36,0,Basic,Annual,Credit Card,No,1,279.0,1,1,5,18.0,2026-05-13,1395.0,,0
CUST-106516,2025-04-24,Referral,Hyderabad,Male,64,1,Basic,Monthly,Credit Card,Yes,2,328.0,1,1,13,11.0,2026-05-11,4264.0,,0
CUST-106517,2026-04-02,Paid Search,Ahmedabad,Female,52,0,Premium,Annual,Wallet,Yes,2,928.0,1,1,1,25.0,2026-05-25,928.0,,0
CUST-106518,2026-02-07,Organic Search,Ahmedabad,Male,37,0,Standard,Monthly,UPI,Yes,3,652.0,1,1,3,22.0,2026-05-03,1956.0,,0
CUST-106519,2026-03-22,Paid Social,Chennai,Female,19,0,Standard,Annual,UPI,Yes,0,513.0,1,0,2,19.0,2026-05-22,1026.0,,0
CUST-106520,2025-09-14,Email,Delhi,Male,35,0,Basic,Monthly,Debit Card,No,3,375.0,1,1,8,36.0,2026-05-09,3000.0,,0
CUST-106521,2024-06-11,Paid Social,Pune,Male,24,0,Basic,Monthly,UPI,Yes,3,383.0,1,0,23,13.0,2026-05-07,8809.0,,0
CUST-106522,2025-03-21,Organic Search,Hyderabad,Male,29,0,Basic,Monthly,Debit Card,Yes,1,248.0,1,1,14,30.0,2026-05-25,3472.0,,0
CUST-106523,2024-08-11,Organic Search,Delhi,Female,32,0,Standard,Monthly,Debit Card,Yes,2,644.0,1,1,6,25.0,2025-02-07,3864.0,2025-02-07,1
CUST-106524,2025-06-07,Paid Social,Mumbai,Female,51,0,Basic,Monthly,Debit Card,Yes,3,364.0,1,1,11,28.0,2026-05-15,4004.0,,0
CUST-106525,2025-05-17,Email,Delhi,Female,23,0,Standard,Annual,UPI,Yes,0,528.0,1,0,12,5.0,2026-05-23,6336.0,,0
CUST-106526,2025-07-06,Paid Social,Kolkata,Male,26,0,Premium,Two-Year,UPI,Yes,3,979.0,1,0,10,26.0,2026-05-30,9790.0,,0
CUST-106527,2026-04-16,Organic Search,Delhi,Male,20,0,Premium,Annual,Wallet,Yes,2,916.0,1,1,1,29.0,2026-05-04,916.0,,0
CUST-106528,2024-11-12,Paid Search,Ahmedabad,Male,65,1,Basic,Monthly,Net Banking,No,2,306.0,1,0,18,32.0,2026-05-11,5508.0,,0
CUST-106529,2026-02-26,Organic Search,Jaipur,Male,69,1,Standard,Annual,Debit Card,Yes,1,551.0,1,1,1,8.0,2026-03-28,551.0,2026-03-28,1
CUST-106530,2025-12-18,Paid Social,Hyderabad,Male,33,0,Standard,Monthly,UPI,Yes,3,676.0,1,1,5,19.0,2026-05-24,3380.0,,0
CUST-106531,2025-04-22,Email,Bengaluru,Female,41,0,Standard,Annual,Credit Card,Yes,3,681.0,1,1,13,43.0,2026-05-18,8853.0,,0
CUST-106532,2025-05-07,Referral,Chennai,Female,33,0,Premium,Annual,Debit Card,Yes,3,987.0,1,0,12,9.0,2026-05-15,11844.0,,0
CUST-106533,2025-03-13,Organic Search,Delhi,Male,45,0,Standard,Monthly,UPI,Yes,3,676.0,1,0,14,29.0,2026-05-27,9464.0,,0
CUST-106534,2025-09-08,Paid Social,Surat,Male,46,0,Standard,Annual,Wallet,Yes,2,627.0,1,1,8,23.0,2026-05-06,5016.0,2026-05-06,1
CUST-106535,2025-12-17,Organic Search,Kolkata,Female,31,0,Basic,Monthly,Wallet,Yes,2,337.0,1,1,3,15.0,2026-03-17,1011.0,2026-03-17,1
CUST-106536,2024-06-24,Organic Search,Mumbai,Female,51,0,Standard,Monthly,UPI,Yes,1,575.0,1,0,23,15.0,2026-05-11,13225.0,,0
CUST-106537,2026-05-25,Paid Search,Delhi,Female,18,0,Standard,Annual,UPI,Yes,0,508.0,1,1,0,35.0,2026-05-17,508.0,,0
CUST-106538,2024-08-20,Paid Search,Mumbai,Male,51,0,Standard,Annual,UPI,Yes,0,507.0,1,1,21,24.0,2026-05-28,10647.0,,0
CUST-106539,2024-09-23,Referral,Pune,Male,57,0,Standard,Annual,Credit Card,Yes,1,543.0,1,0,20,19.0,2026-05-16,10860.0,,0
CUST-106540,2025-08-04,Affiliate,Pune,Male,20,0,Basic,Monthly,Credit Card,Yes,2,322.0,1,1,9,15.0,2026-05-26,2898.0,,0
CUST-106541,2024-08-16,Organic Search,Bengaluru,Female,55,0,Standard,Annual,Debit Card,No,2,603.0,1,1,0,28.0,2024-08-16,603.0,2024-08-16,1
CUST-106542,2025-11-25,Email,Surat,Female,56,0,Premium,Two-Year,Credit Card,No,1,874.0,1,1,6,18.0,2026-05-13,5244.0,,0
CUST-106543,2024-11-07,Paid Search,Bengaluru,Female,68,1,Basic,Monthly,UPI,No,1,263.0,1,1,14,12.0,2026-01-01,3682.0,2026-01-01,1
CUST-106544,2025-01-20,Organic Search,Chennai,Male,59,0,Standard,Monthly,UPI,Yes,1,576.0,1,1,16,17.0,2026-05-13,9216.0,,0
CUST-106545,2025-08-06,Affiliate,Pune,Male,19,0,Standard,Monthly,Credit Card,Yes,3,697.0,1,0,9,24.0,2026-05-04,6273.0,,0
CUST-106546,2026-04-21,Organic Search,Bengaluru,Male,22,0,Basic,Annual,Credit Card,No,3,386.0,1,1,1,22.0,2026-05-15,386.0,,0
CUST-106547,2024-10-23,Paid Search,Ahmedabad,Female,25,0,Basic,Monthly,Wallet,Yes,1,249.0,1,0,19,30.0,2026-05-19,4731.0,,0
CUST-106548,2026-02-10,Referral,Pune,Male,48,0,Standard,Annual,UPI,No,2,585.0,1,1,3,27.0,2026-05-31,1755.0,,0
CUST-106549,2025-09-22,Paid Social,Pune,Female,55,0,Standard,Monthly,Net Banking,No,3,687.0,1,1,8,19.0,2026-05-15,5496.0,,0
CUST-106550,2025-06-18,Affiliate,Ahmedabad,Male,52,0,Basic,Monthly,UPI,Yes,1,256.0,1,1,11,24.0,2026-05-10,2816.0,,0
CUST-106551,2026-03-04,Organic Search,Chennai,Male,35,0,Premium,Monthly,Debit Card,Yes,1,871.0,1,1,2,15.0,2026-05-04,1742.0,,0
CUST-106552,2025-09-10,Affiliate,Bengaluru,Male,28,0,Standard,Monthly,UPI,Yes,2,629.0,1,1,8,19.0,2026-05-30,5032.0,,0
CUST-106553,2026-01-12,Organic Search,Delhi,Male,21,0,Basic,Annual,UPI,Yes,2,328.0,1,0,4,21.0,2026-05-22,1312.0,,0
CUST-106554,2025-08-07,Organic Search,Chennai,Female,37,0,Basic,Monthly,Credit Card,No,3,383.0,1,0,9,15.0,2026-05-09,3447.0,,0
CUST-106555,2025-05-13,Paid Social,Delhi,Female,33,0,Basic,Monthly,Debit Card,Yes,0,174.0,1,0,12,21.0,2026-05-29,2088.0,,0
CUST-106556,2025-01-09,Affiliate,Pune,Female,33,0,Basic,Two-Year,UPI,Yes,3,398.0,1,1,16,31.0,2026-05-26,6368.0,,0
CUST-106557,2024-12-12,Organic Search,Pune,Male,22,0,Basic,Monthly,UPI,Yes,0,180.0,1,1,17,10.0,2026-05-15,3060.0,,0
CUST-106558,2024-07-16,Affiliate,Ahmedabad,Female,33,0,Basic,Annual,Credit Card,No,1,249.0,1,0,22,31.0,2026-05-16,5478.0,,0
CUST-106559,2024-12-27,Organic Search,Delhi,Male,61,1,Premium,Monthly,Debit Card,Yes,1,854.0,1,1,17,22.0,2026-05-27,14518.0,,0
CUST-106560,2026-01-08,Paid Social,Mumbai,Female,30,0,Standard,Two-Year,UPI,Yes,2,619.0,1,1,4,7.0,2026-05-12,2476.0,,0
CUST-106561,2025-01-04,Paid Social,Mumbai,Female,63,1,Premium,Monthly,UPI,No,2,914.0,0,0,16,19.0,2026-05-14,14624.0,,0
CUST-106562,2025-05-02,Organic Search,Pune,Male,22,0,Standard,Monthly,Debit Card,No,0,491.0,1,1,12,21.0,2026-05-24,5892.0,,0
CUST-106563,2025-03-07,Email,Ahmedabad,Male,51,0,Standard,Annual,UPI,No,3,691.0,0,0,14,17.0,2026-05-22,9674.0,,0
CUST-106564,2026-02-04,Paid Social,Surat,Male,23,0,Premium,Monthly,UPI,No,3,959.0,1,0,3,35.0,2026-05-20,2877.0,,0
CUST-106565,2025-07-27,Referral,Delhi,Male,38,0,Basic,Monthly,UPI,No,0,193.0,1,1,10,10.0,2026-05-19,1930.0,,0
CUST-106566,2025-03-01,Paid Search,Delhi,Female,67,1,Standard,Monthly,Credit Card,No,2,588.0,0,0,14,22.0,2026-05-15,8232.0,,0
CUST-106567,2026-04-10,Paid Search,Jaipur,Female,57,0,Premium,Monthly,Wallet,No,3,964.0,1,0,1,13.0,2026-05-26,964.0,,0
CUST-106568,2024-06-11,Paid Search,Bengaluru,Male,44,0,Premium,Annual,Debit Card,Yes,0,776.0,0,0,23,12.0,2026-05-07,17848.0,,0
CUST-106569,2024-09-05,Affiliate,Pune,Male,50,0,Basic,Monthly,Net Banking,No,1,270.0,1,1,20,19.0,2026-05-25,5400.0,,0
CUST-106570,2024-09-01,Referral,Hyderabad,Female,52,0,Premium,Annual,Debit Card,No,1,862.0,1,1,20,14.0,2026-05-13,17240.0,,0
CUST-106571,2024-08-10,Paid Search,Kolkata,Male,59,0,Standard,Monthly,UPI,Yes,3,667.0,0,0,21,20.0,2026-05-10,14007.0,,0
CUST-106572,2024-09-23,Paid Search,Ahmedabad,Male,48,0,Basic,Annual,Wallet,No,2,271.0,1,1,20,16.0,2026-05-22,5420.0,,0
CUST-106573,2025-10-14,Paid Search,Ahmedabad,Female,44,0,Basic,Monthly,UPI,No,0,176.0,1,1,7,4.0,2026-05-29,1232.0,,0
CUST-106574,2025-11-15,Paid Social,Surat,Male,21,0,Standard,Monthly,Net Banking,Yes,2,603.0,0,0,6,15.0,2026-05-20,3618.0,,0
CUST-106575,2024-07-29,Paid Search,Ahmedabad,Male,67,1,Basic,Annual,UPI,Yes,2,314.0,1,0,22,36.0,2026-05-12,6908.0,,0
CUST-106576,2024-06-24,Paid Social,Hyderabad,Male,47,0,Basic,Annual,Debit Card,Yes,2,330.0,1,1,23,18.0,2026-05-14,7590.0,,0
CUST-106577,2026-03-21,Referral,Pune,Male,33,0,Basic,Annual,Wallet,No,3,357.0,1,1,2,23.0,2026-05-30,714.0,,0
CUST-106578,2026-01-19,Email,Bengaluru,Female,25,0,Premium,Monthly,Net Banking,No,0,779.0,1,1,3,15.0,2026-04-19,2337.0,2026-04-19,1
CUST-106579,2025-12-28,Email,Chennai,Female,49,0,Premium,Two-Year,Net Banking,Yes,1,834.0,1,0,5,32.0,2026-05-16,4170.0,,0
CUST-106580,2025-10-17,Affiliate,Surat,Female,58,0,Premium,Two-Year,Net Banking,No,0,799.0,1,1,7,21.0,2026-05-19,5593.0,,0
CUST-106581,2025-04-01,Paid Search,Ahmedabad,Female,60,1,Standard,Two-Year,Credit Card,No,3,646.0,1,1,13,17.0,2026-05-02,8398.0,,0
CUST-106582,2025-01-22,Referral,Pune,Male,64,1,Premium,Monthly,UPI,No,3,953.0,1,1,16,10.0,2026-05-10,15248.0,,0
CUST-106583,2025-01-28,Organic Search,Hyderabad,Male,64,1,Standard,Monthly,Credit Card,Yes,3,686.0,1,1,16,16.0,2026-05-15,10976.0,,0
CUST-106584,2025-06-16,Paid Social,Delhi,Female,50,0,Standard,Annual,UPI,Yes,1,582.0,1,0,11,18.0,2026-05-26,6402.0,,0
CUST-106585,2024-07-05,Organic Search,Kolkata,Male,67,1,Standard,Monthly,Credit Card,Yes,1,560.0,1,1,17,9.0,2025-11-27,9520.0,2025-11-27,1
CUST-106586,2026-04-11,Organic Search,Bengaluru,Female,21,0,Basic,Annual,UPI,Yes,1,254.0,1,1,1,29.0,2026-05-22,254.0,,0
CUST-106587,2026-05-12,Email,Mumbai,Male,38,0,Standard,Monthly,Net Banking,Yes,0,532.0,0,0,0,13.0,2026-05-19,532.0,,0
CUST-106588,2024-07-21,Affiliate,Kolkata,Male,43,0,Basic,Annual,Debit Card,Yes,3,371.0,0,0,22,33.0,2026-05-03,8162.0,,0
CUST-106589,2025-06-18,Paid Search,Jaipur,Female,54,0,Premium,Monthly,UPI,No,0,791.0,1,1,5,13.0,2025-11-15,3955.0,2025-11-15,1
CUST-106590,2025-02-20,Organic Search,Ahmedabad,Female,33,0,Basic,Two-Year,Debit Card,No,2,311.0,1,1,15,16.0,2026-05-29,4665.0,,0
CUST-106591,2025-03-01,Referral,Hyderabad,Female,33,0,Basic,Annual,Debit Card,Yes,0,222.0,1,1,14,11.0,2026-05-02,3108.0,,0
CUST-106592,2025-03-13,Paid Social,Mumbai,Female,64,1,Basic,Monthly,Net Banking,No,0,207.0,1,0,14,17.0,2026-05-10,2898.0,,0
CUST-106593,2025-06-16,Affiliate,Ahmedabad,Male,51,0,Basic,Monthly,UPI,Yes,2,327.0,1,0,11,26.0,2026-05-23,3597.0,,0
CUST-106594,2026-05-04,Email,Mumbai,Female,51,0,Premium,Monthly,Debit Card,Yes,0,804.0,1,0,0,17.0,2026-05-14,804.0,,0
CUST-106595,2025-11-17,Paid Social,Kolkata,Female,27,0,Standard,Two-Year,UPI,Yes,0,492.0,1,1,6,8.0,2026-05-12,2952.0,,0
CUST-106596,2026-05-12,Organic Search,Mumbai,Male,44,0,Basic,Monthly,Net Banking,Yes,0,194.0,1,1,0,16.0,2026-05-31,194.0,,0
CUST-106597,2024-12-16,Organic Search,Mumbai,Female,39,0,Standard,Annual,Net Banking,No,1,545.0,1,1,17,18.0,2026-05-31,9265.0,,0
CUST-106598,2026-02-04,Organic Search,Hyderabad,Male,50,0,Standard,Monthly,UPI,Yes,0,493.0,1,0,3,0.0,2026-05-16,1479.0,,0
CUST-106599,2025-03-28,Paid Social,Delhi,Male,65,1,Basic,Annual,UPI,Yes,0,203.0,1,1,14,17.0,2026-05-03,2842.0,,0
CUST-106600,2025-03-06,Organic Search,Mumbai,Female,32,0,Basic,Monthly,UPI,Yes,0,196.0,0,0,14,21.0,2026-05-22,2744.0,,0
CUST-106601,2024-07-09,Organic Search,Mumbai,Male,60,1,Basic,Two-Year,UPI,No,3,391.0,1,0,22,35.0,2026-05-05,8602.0,,0
CUST-106602,2026-03-11,Paid Social,Chennai,Female,50,0,Standard,Annual,UPI,Yes,3,683.0,1,0,2,26.0,2026-05-30,1366.0,,0
CUST-106603,2024-08-24,Organic Search,Pune,Male,43,0,Premium,Annual,Net Banking,No,1,862.0,1,0,21,7.0,2026-05-23,18102.0,,0
CUST-106604,2025-05-19,Referral,Hyderabad,F,67,1,Basic,Annual,Credit Card,Yes,2,306.0,1,1,7,16.0,2025-12-15,2142.0,2025-12-15,1
CUST-106605,2026-05-10,Organic Search,Ahmedabad,Male,25,0,Standard,Monthly,Credit Card,Yes,2,601.0,1,1,0,27.0,2026-05-12,601.0,,0
CUST-106606,2025-09-13,Affiliate,Bengaluru,Male,53,0,Standard,Monthly,Debit Card,Yes,0,482.0,1,1,0,7.0,2025-09-13,482.0,2025-09-13,1
CUST-106607,2024-08-28,Organic Search,Chennai,Female,38,0,Basic,Monthly,Debit Card,No,2,335.0,1,1,21,24.0,2026-05-31,7035.0,,0
CUST-106608,2026-04-08,Organic Search,Mumbai,Female,53,0,Standard,Monthly,UPI,No,0,473.0,1,1,0,12.0,2026-04-08,473.0,2026-04-08,1
CUST-106609,2025-08-12,Organic Search,Mumbai,Female,25,0,Basic,Monthly,Net Banking,Yes,1,262.0,1,1,9,18.0,2026-05-08,2358.0,,0
CUST-106610,2024-11-28,Referral,Delhi,Male,56,0,Basic,Annual,Debit Card,Yes,2,322.0,1,1,18,14.0,2026-05-26,5796.0,,0
CUST-106611,2024-12-08,Organic Search,Delhi,Male,21,0,Basic,Monthly,UPI,Yes,3,369.0,1,1,17,26.0,2026-05-24,6273.0,,0
CUST-106612,2026-02-18,Paid Search,Mumbai,Female,36,0,Basic,Annual,UPI,No,1,258.0,1,0,3,16.0,2026-05-05,774.0,,0
CUST-106613,2025-08-06,Organic Search,Jaipur,Female,65,1,Standard,Monthly,Debit Card,No,0,502.0,1,0,9,26.0,2026-05-30,4518.0,,0
CUST-106614,2025-03-19,Email,Bengaluru,Female,50,0,Standard,Monthly,UPI,Yes,2,602.0,1,1,11,17.0,2026-02-12,6622.0,2026-02-12,1
CUST-106615,2025-01-03,Organic Search,Pune,Female,43,0,Basic,Monthly,UPI,Yes,2,307.0,1,1,16,38.0,2026-05-15,4912.0,,0
CUST-106616,2026-02-26,Paid Social,Ahmedabad,Female,35,0,Premium,Monthly,Credit Card,Yes,0,797.0,1,1,3,18.0,2026-05-24,2391.0,,0
CUST-106617,2025-02-13,Affiliate,Pune,Female,22,0,Basic,Two-Year,Wallet,No,0,197.0,1,0,15,13.0,2026-05-17,2955.0,,0
CUST-106618,2025-07-05,Organic Search,Bengaluru,Female,23,0,Basic,Annual,Debit Card,Yes,1,238.0,1,1,10,14.0,2026-05-06,2380.0,,0
CUST-106619,2024-07-27,Organic Search,Jaipur,Female,55,0,Standard,Monthly,Net Banking,Yes,0,499.0,1,0,22,13.0,2026-05-09,10978.0,,0
CUST-106620,2024-11-28,Affiliate,Delhi,Female,32,0,Standard,Annual,UPI,No,3,680.0,1,1,18,20.0,2026-05-11,12240.0,,0
CUST-106621,2025-12-27,Paid Social,Chennai,Male,21,0,Premium,Monthly,Net Banking,Yes,3,993.0,1,1,5,20.0,2026-05-15,4965.0,,0
CUST-106622,2025-12-11,Organic Search,Delhi,Female,40,0,Basic,Monthly,Credit Card,No,3,377.0,1,0,5,20.0,2026-05-22,1885.0,,0
CUST-106623,2026-05-19,Paid Social,Bengaluru,Female,38,0,Basic,Monthly,Wallet,Yes,0,192.0,1,1,0,24.0,2026-05-08,192.0,,0
CUST-106624,2024-08-23,Organic Search,Jaipur,Female,67,1,Standard,Monthly,Credit Card,No,1,569.0,1,1,21,23.0,2026-05-17,11949.0,,0
CUST-106625,2025-06-14,Affiliate,Pune,Male,29,0,Standard,Annual,Debit Card,Yes,1,574.0,0,0,11,25.0,2026-05-07,6314.0,,0
CUST-106626,2024-09-13,Paid Search,Hyderabad,Male,31,0,Standard,Annual,Wallet,Yes,1,537.0,1,1,0,28.0,2024-09-13,537.0,2024-09-13,1
CUST-106627,2025-11-27,Paid Search,Kolkata,Female,26,0,Standard,Annual,Wallet,No,0,490.0,1,1,5,12.0,2026-04-26,2450.0,2026-04-26,1
CUST-106628,2024-09-17,Organic Search,Jaipur,Female,27,0,Basic,Monthly,UPI,No,0,166.0,1,1,20,8.0,2026-05-22,3320.0,,0
CUST-106629,2024-08-28,Referral,Mumbai,Male,45,0,Standard,Monthly,UPI,Yes,2,603.0,1,1,21,23.0,2026-05-24,12663.0,,0
CUST-106630,2026-02-03,Referral,Mumbai,Male,29,0,Standard,Monthly,Debit Card,No,2,640.0,1,1,3,20.0,2026-05-16,1920.0,,0
CUST-106631,2024-09-01,Organic Search,Bengaluru,Female,55,0,Standard,Monthly,UPI,Yes,3,662.0,1,0,20,20.0,2026-05-16,13240.0,,0
CUST-106632,2026-02-26,Affiliate,Surat,Female,60,1,Basic,Annual,UPI,Yes,1,265.0,1,0,3,34.0,2026-05-07,795.0,,0
CUST-106633,2025-11-27,Paid Search,Bengaluru,Male,43,0,Premium,Monthly,UPI,Yes,0,804.0,1,1,6,20.0,2026-05-18,4824.0,,0
CUST-106634,2025-07-23,Referral,Delhi,Male,30,0,Standard,Monthly,Credit Card,Yes,3,669.0,1,1,10,16.0,2026-05-13,6690.0,,0
CUST-106635,2024-09-14,Organic Search,Bengaluru,Male,60,1,Basic,Annual,Credit Card,Yes,2,311.0,1,1,20,23.0,2026-05-11,6220.0,,0
CUST-106636,2024-12-21,Organic Search,Ahmedabad,Male,68,1,Basic,Monthly,UPI,No,3,399.0,1,1,17,26.0,2026-05-11,6783.0,,0
CUST-106637,2024-10-27,Referral,Mumbai,Male,65,1,Standard,Annual,Credit Card,No,3,692.0,1,1,19,19.0,2026-05-19,13148.0,,0
CUST-106638,2025-03-15,Referral,Mumbai,Male,65,1,Premium,Annual,UPI,Yes,0,831.0,1,0,14,22.0,2026-05-28,11634.0,,0
CUST-106639,2024-10-26,Paid Social,Ahmedabad,Female,59,0,Standard,Annual,Wallet,No,3,639.0,1,1,19,15.0,2026-05-20,12141.0,,0
CUST-106640,2024-10-12,Organic Search,Hyderabad,Male,56,0,Premium,Two-Year,UPI,Yes,2,926.0,1,1,19,16.0,2026-05-29,17594.0,,0
CUST-106641,2025-01-27,Affiliate,Delhi,Male,67,1,Basic,Annual,Net Banking,Yes,3,342.0,1,1,16,21.0,2026-05-05,5472.0,,0
CUST-106642,2024-06-03,Organic Search,Mumbai,Female,35,0,Basic,Annual,Wallet,Yes,2,317.0,1,1,23,18.0,2026-05-04,7291.0,,0
CUST-106643,2026-03-24,Paid Social,Bengaluru,Male,66,1,Standard,Annual,Credit Card,Yes,0,494.0,1,0,2,16.0,2026-05-07,988.0,,0
CUST-106644,2026-02-03,Paid Search,Delhi,Female,19,0,Basic,Annual,Debit Card,No,0,180.0,1,0,3,11.0,2026-05-07,540.0,,0
CUST-106645,2024-12-14,Organic Search,Delhi,Male,61,1,Basic,Monthly,UPI,Yes,1,248.0,1,1,17,21.0,2026-05-03,4216.0,,0
CUST-106646,2024-10-20,Organic Search,Delhi,Female,35,0,Standard,Monthly,UPI,No,0,493.0,1,1,19,18.0,2026-05-12,9367.0,,0
CUST-106647,2026-02-28,Organic Search,Ahmedabad,Female,33,0,Basic,Monthly,UPI,Yes,2,324.0,1,1,3,0.0,2026-05-28,972.0,,0
CUST-106648,2024-07-28,Affiliate,Hyderabad,Male,53,0,Basic,Annual,Credit Card,Yes,3,360.0,1,1,22,33.0,2026-05-27,7920.0,,0
CUST-106649,2025-12-10,Paid Social,Ahmedabad,Female,27,0,Basic,Monthly,Wallet,Yes,2,306.0,1,0,5,19.0,2026-05-18,1530.0,,0
CUST-106650,2024-09-05,Paid Search,Mumbai,Female,69,1,Basic,Two-Year,UPI,No,1,265.0,1,0,20,18.0,2026-05-07,5300.0,,0
CUST-106651,2024-07-26,Email,Mumbai,Male,55,0,Basic,Annual,Credit Card,Yes,3,388.0,1,1,22,18.0,2026-05-07,8536.0,,0
CUST-106652,2026-04-07,Paid Search,Delhi,Female,18,0,Basic,Monthly,Debit Card,Yes,1,297.0,1,0,1,21.0,2026-05-03,297.0,,0
CUST-106653,2025-07-06,Paid Search,Mumbai,Male,61,1,Premium,Monthly,Credit Card,Yes,3,980.0,0,0,10,16.0,2026-05-09,9800.0,,0
CUST-106654,2025-02-20,Paid Search,Delhi,Male,23,0,Standard,Annual,Credit Card,No,1,567.0,1,1,15,16.0,2026-05-14,8505.0,,0
CUST-106655,2024-07-03,Paid Social,Mumbai,Female,60,1,Standard,Annual,Credit Card,Yes,2,614.0,1,1,22,19.0,2026-05-18,13508.0,,0
CUST-106656,2025-09-16,Paid Search,Ahmedabad,Male,60,1,Basic,Annual,Credit Card,No,0,219.0,1,1,8,14.0,2026-05-12,1752.0,,0
CUST-106657,2025-07-18,Email,Kolkata,Male,51,0,Basic,Monthly,UPI,Yes,1,244.0,1,1,10,17.0,2026-05-19,2440.0,,0
CUST-106658,2024-06-23,Referral,Delhi,Male,49,0,Premium,Two-Year,Credit Card,Yes,1,857.0,1,1,23,8.0,2026-05-12,19711.0,,0
CUST-106659,2025-11-02,Paid Social,Ahmedabad,Female,61,1,Standard,Two-Year,Credit Card,No,2,621.0,1,1,6,24.0,2026-05-12,3726.0,,0
CUST-106660,2025-06-21,Paid Social,Bengaluru,Male,62,1,Premium,Two-Year,UPI,Yes,3,985.0,1,0,11,17.0,2026-05-09,10835.0,,0
CUST-106661,2026-02-16,Affiliate,Ahmedabad,Male,54,0,Basic,Annual,Credit Card,Yes,0,212.0,1,1,3,15.0,2026-05-10,636.0,,0
CUST-106662,2025-11-27,Organic Search,Chennai,Female,26,0,Standard,Monthly,Credit Card,No,1,554.0,1,1,6,14.0,2026-05-22,3324.0,,0
CUST-106663,2025-08-10,Affiliate,Ahmedabad,Female,52,0,Standard,Two-Year,Credit Card,Yes,1,571.0,1,1,3,19.0,2025-11-08,1713.0,2025-11-08,1
CUST-106664,2024-07-18,Organic Search,Bengaluru,Male,28,0,Basic,Monthly,Credit Card,Yes,2,296.0,0,0,22,18.0,2026-05-08,6512.0,,0
CUST-106665,2024-10-31,Referral,Jaipur,Female,20,0,Premium,Monthly,Credit Card,Yes,0,801.0,1,1,19,14.0,2026-05-13,15219.0,,0
CUST-106666,2025-01-04,Affiliate,Mumbai,Male,25,0,Basic,Annual,Net Banking,No,2,289.0,1,1,16,22.0,2026-05-27,4624.0,,0
CUST-106667,2026-04-23,Paid Social,Mumbai,Female,41,0,Standard,Monthly,UPI,Yes,2,614.0,1,1,0,25.0,2026-04-23,614.0,2026-04-23,1
CUST-106668,2025-01-21,Organic Search,Pune,Female,68,1,Basic,Annual,Credit Card,No,2,355.0,1,1,16,23.0,2026-05-15,5680.0,,0
CUST-106669,2025-06-17,Affiliate,Surat,Male,19,0,Standard,Annual,Credit Card,No,3,681.0,1,1,11,31.0,2026-05-18,7491.0,,0
CUST-106670,2026-03-09,Paid Social,Delhi,Female,21,0,Standard,Monthly,Credit Card,No,2,610.0,0,0,2,25.0,2026-05-29,1220.0,,0
CUST-106671,2024-06-24,Paid Social,Pune,Female,22,0,Basic,Annual,Net Banking,Yes,3,385.0,0,0,23,20.0,2026-05-13,8855.0,,0
CUST-106672,2025-09-28,Paid Search,Mumbai,Male,27,0,Premium,Two-Year,Debit Card,No,0,797.0,0,0,8,28.0,2026-05-20,6376.0,,0
CUST-106673,2026-03-10,Paid Social,Pune,Male,46,0,Basic,Two-Year,UPI,No,1,241.0,1,1,2,16.0,2026-05-09,482.0,2026-05-09,1
CUST-106674,2026-02-21,Referral,Mumbai,Male,60,1,Premium,Monthly,Credit Card,Yes,2,890.0,1,1,1,10.0,2026-03-23,890.0,2026-03-23,1
CUST-106675,2025-06-06,Organic Search,Pune,Female,20,0,Standard,Monthly,UPI,No,0,497.0,1,1,11,17.0,2026-05-08,5467.0,,0
CUST-106676,2025-03-01,Paid Social,Ahmedabad,Male,59,0,Premium,Monthly,Debit Card,Yes,2,915.0,1,0,14,23.0,2026-05-22,12810.0,,0
CUST-106677,2024-10-13,Affiliate,Bengaluru,Female,65,1,Standard,Annual,Wallet,Yes,0,494.0,1,1,19,30.0,2026-05-30,9386.0,,0
CUST-106678,2025-08-05,Organic Search,Mumbai,Male,22,0,Standard,Annual,Debit Card,No,2,630.0,1,1,9,26.0,2026-05-06,5670.0,,0
CUST-106679,2026-03-18,Paid Social,Hyderabad,Female,41,0,Basic,Monthly,UPI,Yes,3,398.0,1,1,0,30.0,2026-03-18,398.0,2026-03-18,1
CUST-106680,2025-06-13,Paid Search,Hyderabad,Female,60,1,Premium,Monthly,UPI,Yes,0,809.0,1,1,4,25.0,2025-10-11,3236.0,2025-10-11,1
CUST-106681,2025-09-25,Affiliate,Chennai,Male,54,0,Premium,Annual,UPI,Yes,0,793.0,1,1,8,12.0,2026-05-12,6344.0,,0
CUST-106682,2024-12-19,Paid Search,Surat,Male,27,0,Standard,Annual,Credit Card,Yes,2,620.0,0,0,17,25.0,2026-05-04,10540.0,,0
CUST-106683,2025-11-23,Affiliate,Bengaluru,Female,25,0,Standard,Monthly,Net Banking,No,1,574.0,1,1,3,11.0,2026-02-21,1722.0,2026-02-21,1
CUST-106684,2025-04-04,Organic Search,Pune,Male,41,0,Standard,Monthly,Credit Card,No,3,691.0,1,1,13,23.0,2026-05-28,8983.0,,0
CUST-106685,2025-02-18,Paid Social,Ahmedabad,Male,62,1,Basic,Monthly,Wallet,No,0,207.0,1,0,15,12.0,2026-05-12,3105.0,,0
CUST-106686,2024-11-26,Email,Kolkata,Female,67,1,Basic,Two-Year,UPI,No,3,371.0,1,0,18,26.0,2026-05-20,6678.0,,0
CUST-106687,2025-09-22,Affiliate,Pune,Female,42,0,Standard,Annual,UPI,Yes,3,695.0,1,1,8,34.0,2026-05-29,5560.0,,0
CUST-106688,2024-06-12,Paid Search,Delhi,Female,45,0,Standard,Annual,Debit Card,Yes,2,639.0,1,1,23,31.0,2026-05-25,14697.0,,0
CUST-106689,2026-04-08,Paid Social,Delhi,Female,47,0,Standard,Monthly,UPI,No,1,571.0,1,0,1,14.0,2026-05-08,571.0,,0
CUST-106690,2026-05-07,Paid Social,Hyderabad,Female,43,0,Standard,Monthly,UPI,No,2,663.0,1,0,0,13.0,2026-05-29,663.0,,0
CUST-106691,2026-04-28,Organic Search,Chennai,Female,51,0,Basic,Monthly,UPI,No,1,270.0,1,1,1,25.0,2026-05-28,270.0,2026-05-28,1
CUST-106692,2026-04-30,Affiliate,Chennai,Male,32,0,Basic,Monthly,Credit Card,No,1,276.0,0,0,1,17.0,2026-05-28,276.0,,0
CUST-106693,2026-02-03,Affiliate,Bengaluru,Female,46,0,Basic,Monthly,UPI,Yes,2,329.0,1,0,3,28.0,2026-05-27,987.0,,0
CUST-106694,2026-01-22,Paid Social,Delhi,Female,49,0,Basic,Monthly,Wallet,No,3,377.0,0,0,4,2.0,2026-05-24,1508.0,,0
CUST-106695,2025-04-05,Paid Social,Jaipur,Female,47,0,Standard,Monthly,Net Banking,Yes,2,601.0,0,0,13,18.0,2026-05-14,7813.0,,0
CUST-106696,2024-10-06,Paid Social,Pune,Female,68,1,Standard,Annual,Debit Card,Yes,3,667.0,1,1,19,32.0,2026-05-18,12673.0,,0
CUST-106697,2024-06-05,Organic Search,Bengaluru,Male,56,0,Premium,Monthly,UPI,No,2,908.0,1,1,23,12.0,2026-05-16,20884.0,,0
CUST-106698,2024-06-15,Referral,Pune,Female,56,0,Basic,Monthly,UPI,No,3,361.0,1,1,23,12.0,2026-05-30,8303.0,,0
CUST-106699,2025-10-27,Paid Search,Pune,Male,59,0,Premium,Monthly,Debit Card,Yes,0,795.0,1,1,2,5.0,2025-12-26,1590.0,2025-12-26,1
CUST-106700,2024-10-21,Organic Search,Hyderabad,Male,45,0,Standard,Monthly,UPI,No,0,499.0,1,1,19,17.0,2026-05-05,9481.0,,0
CUST-106701,2024-09-22,Paid Search,Bengaluru,Male,33,0,Basic,Annual,Credit Card,No,0,217.0,1,1,12,13.0,2025-09-17,2604.0,2025-09-17,1
CUST-106702,2026-02-26,Email,Kolkata,Female,45,0,Standard,Annual,UPI,Yes,1,541.0,1,1,3,22.0,2026-05-21,1623.0,,0
CUST-106703,2024-09-21,Organic Search,Kolkata,Male,65,1,Premium,Annual,Credit Card,Yes,1,872.0,1,0,20,26.0,2026-05-25,17440.0,,0
CUST-106704,2024-09-20,Paid Social,Bengaluru,Female,63,1,Basic,Two-Year,Credit Card,Yes,2,323.0,1,0,20,16.0,2026-05-11,6460.0,,0
CUST-106705,2025-05-13,Paid Search,Mumbai,Female,36,0,Standard,Monthly,Credit Card,Yes,3,685.0,1,1,12,27.0,2026-05-29,8220.0,,0
CUST-106706,2024-11-18,Organic Search,Bengaluru,Female,43,0,Basic,Monthly,Debit Card,Yes,0,198.0,0,0,18,16.0,2026-05-09,3564.0,,0
CUST-106707,2024-07-25,Paid Search,Pune,Female,32,0,Basic,Monthly,UPI,Yes,0,230.0,1,0,22,0.0,2026-05-19,5060.0,,0
CUST-106708,2025-10-17,Paid Search,Bengaluru,Male,18,0,Basic,Monthly,UPI,Yes,3,367.0,1,1,7,15.0,2026-05-28,2569.0,,0
CUST-106709,2025-06-12,Organic Search,Kolkata,Male,34,0,Basic,Monthly,Credit Card,Yes,1,251.0,1,1,11,22.0,2026-05-09,2761.0,,0
CUST-106710,2025-05-15,Organic Search,Ahmedabad,Female,23,0,Standard,Annual,Debit Card,Yes,2,621.0,1,1,12,26.0,2026-05-17,7452.0,,0
CUST-106711,2024-11-22,Affiliate,Mumbai,Male,36,0,Basic,Annual,UPI,No,0,205.0,1,1,18,7.0,2026-05-28,3690.0,,0
CUST-106712,2025-09-20,Paid Social,Kolkata,Male,20,0,Standard,Monthly,Net Banking,Yes,3,682.0,1,1,8,21.0,2026-05-28,5456.0,,0
CUST-106713,2025-07-17,Paid Search,Jaipur,Male,34,0,Premium,Monthly,UPI,Yes,1,858.0,1,0,10,2.0,2026-05-31,8580.0,,0
CUST-106714,2025-07-16,Paid Search,Delhi,Male,55,0,Premium,Two-Year,UPI,Yes,3,987.0,1,1,10,23.0,2026-05-25,9870.0,,0
CUST-106715,2026-04-11,Affiliate,Mumbai,Female,61,1,Basic,Annual,Credit Card,No,0,208.0,1,1,1,21.0,2026-05-09,208.0,,0
CUST-106716,2025-07-23,Referral,Delhi,Female,64,1,Basic,Annual,UPI,Yes,2,318.0,0,0,10,10.0,2026-05-30,3180.0,,0
CUST-106717,2026-04-06,Affiliate,Bengaluru,Female,47,0,Basic,Monthly,Credit Card,No,3,407.0,1,1,0,13.0,2026-04-06,407.0,2026-04-06,1
CUST-106718,2026-02-27,Paid Search,Bengaluru,Male,46,0,Basic,Monthly,UPI,Yes,0,206.0,1,1,1,6.0,2026-03-29,206.0,2026-03-29,1
CUST-106719,2024-08-17,Paid Social,Mumbai,Female,68,1,Basic,Annual,Credit Card,Yes,3,375.0,1,1,21,25.0,2026-05-29,7875.0,,0
CUST-106720,2024-11-06,Paid Social,Delhi,Female,46,0,Standard,Monthly,UPI,Yes,3,698.0,1,1,18,26.0,2026-05-12,12564.0,,0
CUST-106721,2025-10-14,Paid Social,Pune,Female,22,0,Standard,Monthly,UPI,No,1,529.0,0,0,7,25.0,2026-05-20,3703.0,,0
CUST-106722,2024-09-10,Paid Social,Pune,Male,66,1,Basic,Monthly,UPI,No,3,362.0,1,1,11,9.0,2025-08-06,3982.0,2025-08-06,1
CUST-106723,2025-11-12,Organic Search,Pune,Male,49,0,Basic,Annual,Debit Card,Yes,3,376.0,1,1,6,23.0,2026-05-26,2256.0,,0
CUST-106724,2025-03-23,Paid Social,Delhi,Female,52,0,Premium,Annual,Debit Card,No,0,781.0,0,0,14,23.0,2026-05-21,10934.0,,0
CUST-106725,2025-01-12,Paid Social,Delhi,Female,22,0,Premium,Monthly,UPI,Yes,0,811.0,1,1,16,17.0,2026-05-04,12976.0,,0
CUST-106726,2025-06-25,Organic Search,Delhi,Male,42,0,Standard,Monthly,Wallet,Yes,0,511.0,1,1,11,4.0,2026-05-31,5621.0,,0
CUST-106727,2025-01-01,Paid Social,Jaipur,Male,41,0,Standard,Monthly,UPI,No,1,583.0,1,0,16,13.0,2026-05-23,9328.0,,0
CUST-106728,2025-05-24,Referral,Delhi,Female,60,1,Standard,Annual,Net Banking,Yes,2,610.0,1,1,12,29.0,2026-05-02,7320.0,,0
CUST-106729,2025-12-08,Paid Search,Pune,Female,37,0,Basic,Two-Year,Wallet,No,0,208.0,1,1,5,17.0,2026-05-05,1040.0,,0
CUST-106730,2025-06-29,Affiliate,Bengaluru,Female,35,0,Premium,Monthly,Credit Card,Yes,1,878.0,1,1,11,23.0,2026-05-13,9658.0,,0
CUST-106731,2026-05-19,Paid Search,Kolkata,Female,53,0,Basic,Monthly,UPI,Yes,1,261.0,0,0,0,21.0,2026-05-02,261.0,,0
CUST-106732,2025-05-21,Affiliate,Delhi,Female,18,0,Standard,Two-Year,Wallet,Yes,2,634.0,1,1,12,11.0,2026-05-24,7608.0,,0
CUST-106733,2026-01-15,Referral,Delhi,Female,56,0,Basic,Annual,Credit Card,No,1,257.0,1,1,4,14.0,2026-05-26,1028.0,,0
CUST-106734,2025-06-13,Organic Search,Chennai,Male,18,0,Standard,Annual,UPI,No,1,579.0,1,1,11,15.0,2026-05-20,6369.0,,0
CUST-106735,2026-02-04,Email,Mumbai,Male,30,0,Standard,Monthly,Net Banking,No,2,608.0,1,0,3,17.0,2026-05-25,1824.0,,0
CUST-106736,2026-04-11,Organic Search,Pune,Female,43,0,Standard,Monthly,Credit Card,No,2,596.0,1,1,1,19.0,2026-05-11,596.0,2026-05-11,1
CUST-106737,2026-03-04,Paid Search,Delhi,Female,28,0,Basic,Two-Year,Credit Card,No,3,373.0,0,0,2,29.0,2026-05-12,746.0,,0
CUST-106738,2024-07-07,Referral,Surat,Male,19,0,Standard,Monthly,Credit Card,Yes,3,678.0,1,1,22,18.0,2026-05-19,14916.0,,0
CUST-106739,2024-09-19,Paid Social,Hyderabad,Male,39,0,Standard,Monthly,Wallet,No,3,686.0,1,1,17,31.0,2026-02-11,11662.0,2026-02-11,1
CUST-106740,2026-04-18,Paid Search,Ahmedabad,Female,54,0,Standard,Annual,Credit Card,Yes,3,686.0,1,1,1,33.0,2026-05-08,686.0,,0
CUST-106741,2025-12-26,Paid Social,Chennai,Female,30,0,Standard,Annual,Net Banking,Yes,1,548.0,1,1,2,24.0,2026-02-24,1096.0,2026-02-24,1
CUST-106742,2025-08-03,Organic Search,Hyderabad,Male,32,0,Standard,Monthly,UPI,No,2,604.0,1,1,9,31.0,2026-05-29,5436.0,,0
CUST-106743,2025-09-12,Organic Search,Bengaluru,Female,53,0,Standard,Two-Year,Debit Card,Yes,2,643.0,1,1,8,21.0,2026-05-19,5144.0,,0
CUST-106744,2024-07-05,Organic Search,Mumbai,Male,67,1,Basic,Annual,Credit Card,Yes,2,317.0,1,0,22,11.0,2026-05-22,6974.0,,0
CUST-106745,2025-06-07,Organic Search,Mumbai,Male,44,0,Standard,Monthly,UPI,No,3,672.0,1,1,11,14.0,2026-05-15,7392.0,,0
CUST-106746,2024-07-09,Paid Search,Pune,Male,47,0,Basic,Monthly,UPI,No,3,384.0,1,1,22,23.0,2026-05-19,8448.0,,0
CUST-106747,2025-09-02,Paid Search,Delhi,Male,61,1,Standard,Annual,UPI,Yes,1,544.0,1,1,8,16.0,2026-05-21,4352.0,,0
CUST-106748,2025-07-22,Paid Social,Kolkata,Male,21,0,Basic,Annual,UPI,Yes,0,188.0,1,1,1,11.0,2025-08-21,188.0,2025-08-21,1
CUST-106749,2025-09-12,Referral,Mumbai,Female,69,1,Premium,Monthly,Debit Card,Yes,2,931.0,1,1,8,26.0,2026-05-10,7448.0,2026-05-10,1
CUST-106750,2025-10-16,Organic Search,Pune,Female,42,0,Basic,Monthly,UPI,Yes,2,304.0,1,1,7,20.0,2026-05-06,2128.0,,0
CUST-106751,2026-05-30,Paid Social,Mumbai,Female,37,0,Standard,Monthly,Debit Card,Yes,2,599.0,1,1,0,8.0,2026-05-31,599.0,,0
CUST-106752,2025-06-15,Referral,Pune,Female,50,0,Basic,Monthly,Net Banking,No,0,194.0,1,0,11,8.0,2026-05-22,2134.0,,0
CUST-106753,2026-01-14,Affiliate,Ahmedabad,Female,65,1,Premium,Two-Year,Debit Card,Yes,0,803.0,1,1,4,24.0,2026-05-24,3212.0,,0
CUST-106754,2025-04-24,Paid Social,Delhi,Male,66,1,Basic,Monthly,Net Banking,Yes,2,340.0,0,0,13,7.0,2026-05-23,4420.0,,0
CUST-106755,2025-11-27,Organic Search,Mumbai,Male,58,0,Standard,Two-Year,Credit Card,Yes,2,624.0,1,1,6,13.0,2026-05-16,3744.0,,0
CUST-106756,2024-12-19,Referral,Pune,Male,43,0,Basic,Monthly,Wallet,No,2,327.0,1,1,17,27.0,2026-05-27,5559.0,,0
CUST-106757,2025-04-12,Affiliate,Delhi,Female,25,0,Standard,Monthly,Debit Card,No,2,604.0,1,1,13,25.0,2026-05-23,7852.0,,0
CUST-106758,2025-08-17,Paid Social,Chennai,Male,27,0,Basic,Monthly,UPI,No,3,382.0,1,0,9,29.0,2026-05-10,3438.0,,0
CUST-106759,2026-05-08,Organic Search,Ahmedabad,Female,61,1,Standard,Two-Year,Debit Card,No,1,542.0,1,1,0,25.0,2026-05-28,542.0,,0
CUST-106760,2026-03-17,Organic Search,Bengaluru,Female,24,0,Basic,Monthly,Debit Card,Yes,2,333.0,1,1,1,24.0,2026-04-16,333.0,2026-04-16,1
CUST-106761,2024-12-13,Paid Search,Pune,Female,43,0,Basic,Monthly,Debit Card,Yes,3,381.0,1,0,17,24.0,2026-05-22,6477.0,,0
CUST-106762,2025-04-04,Affiliate,Ahmedabad,Male,39,0,Basic,Monthly,UPI,Yes,3,378.0,0,0,13,23.0,2026-05-05,4914.0,,0
CUST-106763,2024-07-27,Referral,Ahmedabad,Male,54,0,Standard,Annual,Credit Card,Yes,0,507.0,1,1,22,25.0,2026-05-18,11154.0,,0
CUST-106764,2025-10-21,Paid Social,Delhi,Male,35,0,Basic,Monthly,Net Banking,Yes,0,192.0,1,0,7,6.0,2026-05-10,1344.0,,0
CUST-106765,2024-07-21,Paid Search,Pune,Female,54,0,Premium,Monthly,Wallet,No,3,972.0,1,1,22,19.0,2026-05-25,21384.0,,0
CUST-106766,2024-06-13,Affiliate,Surat,Female,44,0,Basic,Monthly,UPI,Yes,2,305.0,1,1,23,13.0,2026-05-05,7015.0,,0
CUST-106767,2025-11-23,Paid Social,Ahmedabad,Female,64,1,Standard,Two-Year,Credit Card,Yes,2,646.0,1,1,6,23.0,2026-05-22,3876.0,,0
CUST-106768,2025-04-25,Affiliate,Hyderabad,Female,27,0,Basic,Two-Year,UPI,Yes,0,196.0,1,0,13,22.0,2026-05-20,2548.0,,0
CUST-106769,2024-10-12,Paid Social,Hyderabad,Male,57,0,Basic,Two-Year,Debit Card,Yes,0,194.0,1,1,19,21.0,2026-05-03,3686.0,,0
CUST-106770,2025-12-08,Paid Social,Pune,Male,55,0,Premium,Monthly,UPI,Yes,2,929.0,1,1,5,12.0,2026-05-10,4645.0,,0
CUST-106771,2025-12-19,Paid Search,Bengaluru,Male,60,1,Standard,Monthly,Wallet,No,0,499.0,1,1,3,21.0,2026-03-19,1497.0,2026-03-19,1
CUST-106772,2026-02-04,Paid Social,Surat,Male,43,0,Standard,Monthly,Credit Card,Yes,3,644.0,1,0,3,14.0,2026-05-21,1932.0,,0
CUST-106773,2026-01-15,Email,Bengaluru,Male,34,0,Standard,Two-Year,UPI,No,3,709.0,0,0,4,21.0,2026-05-12,2836.0,,0
CUST-106774,2025-06-27,Paid Search,Chennai,Male,44,0,Basic,Annual,UPI,No,3,372.0,1,1,11,31.0,2026-05-20,4092.0,,0
CUST-106775,2026-04-21,Paid Social,Mumbai,Female,68,1,Premium,Annual,Credit Card,Yes,0,786.0,0,0,1,16.0,2026-05-21,786.0,,0
CUST-106776,2025-07-18,Paid Social,Chennai,Male,28,0,Standard,Monthly,Credit Card,Yes,1,557.0,1,1,9,16.0,2026-04-14,5013.0,2026-04-14,1
CUST-106777,2025-10-20,Paid Search,Surat,Male,52,0,Premium,Monthly,Debit Card,Yes,0,791.0,0,0,7,33.0,2026-05-21,5537.0,,0
CUST-106778,2024-09-09,Paid Social,Jaipur,Male,29,0,Standard,Monthly,Credit Card,No,2,612.0,1,1,12,20.0,2025-09-04,7344.0,2025-09-04,1
CUST-106779,2025-07-01,Referral,Delhi,Male,58,0,Basic,Monthly,Credit Card,No,2,321.0,1,1,2,21.0,2025-08-30,642.0,2025-08-30,1
CUST-106780,2025-01-02,Paid Social,Chennai,Male,40,0,Standard,Monthly,UPI,Yes,0,471.0,0,0,16,13.0,2026-05-21,7536.0,,0
CUST-106781,2026-01-06,Paid Social,Ahmedabad,Male,62,1,Premium,Monthly,UPI,Yes,3,990.0,0,0,4,17.0,2026-05-28,3960.0,,0
CUST-106782,2025-09-30,Paid Search,Pune,Male,26,0,Basic,Monthly,UPI,No,2,333.0,1,1,5,19.0,2026-02-27,1665.0,2026-02-27,1
CUST-106783,2025-10-25,Organic Search,Delhi,Female,24,0,Basic,Monthly,UPI,Yes,1,234.0,1,0,7,10.0,2026-05-14,1638.0,,0
CUST-106784,2025-12-12,Paid Search,Pune,Male,67,1,Standard,Two-Year,Debit Card,Yes,3,686.0,1,1,5,18.0,2026-05-27,3430.0,,0
CUST-106785,2025-09-01,Paid Search,Delhi,Male,35,0,Basic,Two-Year,UPI,No,1,246.0,1,1,8,17.0,2026-05-31,1968.0,,0
CUST-106786,2024-07-30,Paid Social,Ahmedabad,Male,22,0,Basic,Annual,Debit Card,No,2,312.0,1,1,22,26.0,2026-05-02,6864.0,,0
CUST-106787,2024-11-15,Referral,Mumbai,Male,61,1,Standard,Annual,UPI,No,3,684.0,1,1,18,31.0,2026-05-29,12312.0,,0
CUST-106788,2026-05-02,Referral,Ahmedabad,Female,39,0,Premium,Monthly,UPI,No,3,992.0,1,1,0,10.0,2026-05-29,992.0,,0
CUST-106789,2025-10-19,Affiliate,Delhi,Male,65,1,Standard,Monthly,UPI,No,2,624.0,1,0,7,19.0,2026-05-12,4368.0,,0
CUST-106790,2026-04-27,Paid Social,Chennai,Female,40,0,Premium,Monthly,UPI,Yes,1,838.0,0,0,1,14.0,2026-05-07,838.0,,0
CUST-106791,2024-07-21,Paid Social,Hyderabad,Female,57,0,Basic,Monthly,UPI,Yes,1,260.0,1,0,22,33.0,2026-05-08,5720.0,,0
CUST-106792,2024-10-15,Referral,Chennai,Female,48,0,Basic,Annual,Net Banking,Yes,3,386.0,1,1,19,22.0,2026-05-04,7334.0,,0
CUST-106793,2025-09-28,Paid Search,Chennai,Male,43,0,Basic,Monthly,UPI,No,2,307.0,1,1,1,11.0,2025-10-28,307.0,2025-10-28,1
CUST-106794,2024-07-03,Paid Search,Delhi,Male,43,0,Basic,Two-Year,Credit Card,No,2,306.0,1,1,22,27.0,2026-05-30,6732.0,,0
CUST-106795,2024-07-21,Paid Search,Bengaluru,Male,31,0,Standard,Annual,Wallet,No,1,558.0,0,0,22,24.0,2026-05-05,12276.0,,0
CUST-106796,2025-02-04,Referral,Bengaluru,Female,56,0,Basic,Monthly,UPI,Yes,2,328.0,1,1,15,20.0,2026-05-17,4920.0,,0
CUST-106797,2025-10-07,Organic Search,Ahmedabad,Male,45,0,Basic,Annual, UPI ,Yes,0,190.0,1,0,7,20.0,2026-05-20,1330.0,,0
CUST-106798,2026-04-30,Paid Search,Pune,Female,18,0,Standard,Annual,Debit Card,Yes,2,623.0,1,0,1,28.0,2026-05-10,623.0,,0
CUST-106799,2026-05-12,Organic Search,Hyderabad,Male,38,0,Standard,Annual,UPI,No,0,480.0,1,1,0,26.0,2026-05-22,480.0,,0
CUST-106800,2025-04-19,Paid Social,Pune,Male,39,0,Standard,Monthly,UPI,No,2,623.0,1,1,13,23.0,2026-05-19,8099.0,,0
CUST-106801,2025-11-18,Paid Search,Hyderabad,Male,64,1,Standard,Monthly,Net Banking,No,2,592.0,1,1,6,14.0,2026-05-12,3552.0,,0
CUST-106802,2025-01-15,Paid Search,Ahmedabad,Male,40,0,Premium,Monthly,UPI,Yes,3,984.0,1,1,16,14.0,2026-05-28,15744.0,,0
CUST-106803,2025-10-28,Paid Social,Hyderabad,Female,47,0,Standard,Annual,UPI,Yes,0,512.0,1,1,7,11.0,2026-05-21,3584.0,,0
CUST-106804,2026-03-15,Affiliate,Mumbai,Female,22,0,Premium,Monthly,Credit Card,Yes,3,976.0,1,1,0,28.0,2026-03-15,976.0,2026-03-15,1
CUST-106805,2025-09-05,Referral,Kolkata,Male,38,0,Premium,Two-Year,UPI,Yes,3,987.0,1,1,8,28.0,2026-05-12,7896.0,,0
CUST-106806,2024-09-06,Paid Search,Mumbai,Male,32,0,Premium,Monthly,Net Banking,Yes,3,983.0,1,1,20,11.0,2026-05-19,19660.0,,0
CUST-106807,2024-12-21,Email,Bengaluru,Female,43,0,Basic,Two-Year,Net Banking,No,1,238.0,1,1,17,6.0,2026-05-03,4046.0,,0
CUST-106808,2026-04-18,Paid Social,Bengaluru,Male,64,1,Standard,Monthly,Net Banking,No,3,661.0,1,0,1,0.0,2026-05-21,661.0,,0
CUST-106809,2025-12-27,Referral,Mumbai,Female,66,1,Basic,Annual,UPI,No,0,194.0,1,1,5,21.0,2026-05-04,970.0,,0
CUST-106810,2026-01-11,Organic Search,Delhi,Male,32,0,Basic,Monthly,Wallet,Yes,1,257.0,0,0,4,12.0,2026-05-15,1028.0,,0
CUST-106811,2024-07-07,Paid Social,Mumbai,Female,49,0,Standard,Annual,Debit Card,Yes,3,667.0,1,0,22,20.0,2026-05-05,14674.0,,0
CUST-106812,2025-03-07,Paid Social,Bengaluru,Female,67,1,Basic,Two-Year,Credit Card,Yes,2,301.0,1,0,14,21.0,2026-05-11,4214.0,,0
CUST-106813,2025-06-12,Organic Search,Jaipur,Male,29,0,Standard,Monthly,Debit Card,Yes,3,636.0,0,0,11,18.0,2026-05-03,6996.0,,0
CUST-106814,2025-12-26,Paid Search,Delhi,Male,40,0,Premium,Monthly,Debit Card,Yes,2,944.0,1,1,5,16.0,2026-05-15,4720.0,,0
CUST-106815,2024-08-15,Organic Search,Bengaluru,Male,44,0,Basic,Two-Year,Credit Card,Yes,2,345.0,1,1,21,32.0,2026-05-07,7245.0,,0
CUST-106816,2025-12-04,Paid Search,Kolkata,Male,18,0,Premium,Two-Year,Credit Card,No,2,906.0,0,0,5,26.0,2026-05-14,4530.0,,0
CUST-106817,2025-08-21,Organic Search,Bengaluru,Female,42,0,Standard,Annual,Credit Card,No,2,597.0,1,0,9,27.0,2026-05-24,5373.0,,0
CUST-106818,2025-07-28,Organic Search,Chennai,Male,24,0,Premium,Monthly,UPI,No,1,881.0,1,1,1,29.0,2025-08-27,881.0,2025-08-27,1
CUST-106819,2026-02-19,Email,Bengaluru,Male,34,0,Basic,Monthly,UPI,Yes,2,287.0,1,1,3,28.0,2026-05-22,861.0,,0
CUST-106820,2025-12-22,Paid Search,Bengaluru,Female,24,0,Premium,Monthly,Credit Card,Yes,1,874.0,1,1,0,10.0,2025-12-22,874.0,2025-12-22,1
CUST-106821,2025-11-02,Email,Mumbai,Female,56,0,Basic,Annual,Credit Card,Yes,0,209.0,1,1,6,21.0,2026-05-06,1254.0,,0
CUST-106822,2025-05-31,Paid Social,Ahmedabad,Male,61,1,Premium,Monthly,Debit Card,No,0,794.0,1,0,12,0.0,2026-05-18,9528.0,,0
CUST-106823,2026-05-10,Organic Search,Pune,Female,31,0,Basic,Monthly,Debit Card,Yes,2,340.0,1,0,0,13.0,2026-05-08,340.0,,0
CUST-106824,2026-02-05,Paid Search,Chennai,Male,20,0,Basic,Two-Year,Credit Card,Yes,2,309.0,1,1,3,29.0,2026-05-16,927.0,,0
CUST-106825,2025-01-04,Paid Search,Mumbai,Female,43,0,Basic,Annual,UPI,Yes,0,212.0,0,0,16,12.0,2026-05-10,3392.0,,0
CUST-106826,2025-12-31,Organic Search,Jaipur,Male,23,0,Standard,Annual,Debit Card,Yes,1,555.0,1,1,5,23.0,2026-05-04,2775.0,,0
CUST-106827,2025-07-20,Affiliate,Delhi,Female,40,0,Premium,Two-Year,UPI,Yes,3,961.0,1,1,10,35.0,2026-05-06,9610.0,,0
CUST-106828,2026-03-23,Paid Search,Delhi,Male,46,0,Standard,Monthly,Net Banking,Yes,3,710.0,1,1,2,22.0,2026-05-08,1420.0,,0
CUST-106829,2025-02-28,Referral,Kolkata,Male,42,0,Standard,Monthly,Credit Card,Yes,1,548.0,1,1,15,17.0,2026-05-31,8220.0,,0
CUST-106830,2026-01-03,Paid Search,Kolkata,Female,45,0,Basic,Two-Year,Net Banking,No,2,313.0,1,1,4,19.0,2026-05-04,1252.0,,0
CUST-106831,2024-12-07,Paid Search,Bengaluru,Male,47,0,Premium,Two-Year,UPI,Yes,2,931.0,1,1,17,19.0,2026-05-16,15827.0,,0
CUST-106832,2026-04-03,Organic Search,Mumbai,Male,26,0,Basic,Monthly,Debit Card,Yes,2,338.0,1,0,1,16.0,2026-05-05,338.0,,0
CUST-106833,2024-10-05,Email,Mumbai,Male,53,0,Premium,Monthly,Credit Card,No,0,779.0,1,1,19,14.0,2026-05-08,14801.0,,0
CUST-106834,2024-10-08,Paid Social,Mumbai,Female,52,0,Standard,Monthly,UPI,No,1,581.0,1,1,4,19.0,2025-02-05,2324.0,2025-02-05,1
CUST-106835,2026-05-16,Organic Search,Chennai,Male,25,0,Basic,Monthly,Credit Card,Yes,1,259.0,1,1,0,16.0,2026-05-29,259.0,,0
CUST-106836,2024-12-20,Organic Search,Delhi,Female,40,0,Basic,Monthly,UPI,No,3,378.0,1,1,17,21.0,2026-05-22,6426.0,,0
CUST-106837,2025-06-14,Paid Search,Hyderabad,Male,32,0,Standard,Monthly,UPI,Yes,0,496.0,0,0,11,16.0,2026-05-22,5456.0,,0
CUST-106838,2025-04-26,Email,Mumbai,Female,38,0,Premium,Annual,Credit Card,No,2,919.0,1,1,13,14.0,2026-05-26,11947.0,,0
CUST-106839,2025-12-26,Affiliate,Bengaluru,Female,58,0,Standard,Monthly,UPI,No,1,536.0,1,1,5,17.0,2026-05-27,2680.0,,0
CUST-106840,2024-11-25,Referral,Delhi,Male,49,0,Premium,Two-Year,UPI,Yes,1,865.0,1,1,18,25.0,2026-05-27,15570.0,,0
CUST-106841,2025-02-02,Email,Bengaluru,Female,65,1,Premium,Annual,UPI,Yes,2,922.0,1,0,15,13.0,2026-05-14,13830.0,,0
CUST-106842,2026-03-16,Referral,Bengaluru,Male,47,0,Basic,Monthly,UPI,Yes,0,193.0,1,1,2,20.0,2026-05-14,386.0,,0
CUST-106843,2026-04-01,Paid Social,Surat,Male,20,0,Standard,Annual,UPI,No,2,622.0,1,0,1,22.0,2026-05-18,622.0,,0
CUST-106844,2024-10-10,Paid Search,Kolkata,Female,54,0,Standard,Annual,UPI,No,1,556.0,1,1,19,32.0,2026-05-16,10564.0,,0
CUST-106845,2025-05-22,Organic Search,Hyderabad,Female,21,0,Basic,Annual,Credit Card,Yes,1,258.0,1,1,12,22.0,2026-05-12,3096.0,,0
CUST-106846,2025-05-01,Organic Search,Mumbai,Female,35,0,Standard,Two-Year,Credit Card,Yes,0,505.0,1,1,12,13.0,2026-05-20,6060.0,,0
CUST-106847,2025-06-10,Paid Social,Jaipur,Female,66,1,Basic,Annual,UPI,No,0,196.0,1,1,11,15.0,2026-05-12,2156.0,,0
CUST-106848,2025-06-16,Organic Search,Kolkata,Male,69,1,Standard,Annual,Credit Card,Yes,0,487.0,1,1,9,13.0,2026-03-13,4383.0,2026-03-13,1
CUST-106849,2024-07-06,Email,Kolkata,Female,25,0,Standard,Annual,UPI,Yes,2,630.0,1,1,22,20.0,2026-05-04,13860.0,,0
CUST-106850,2026-02-27,Email,Bengaluru,Male,69,1,Premium,Monthly,UPI,Yes,1,843.0,1,1,3,6.0,2026-05-17,2529.0,,0
CUST-106851,2024-11-28,Paid Social,Mumbai,Female,68,1,Standard,Annual,Debit Card,Yes,0,515.0,0,0,18,14.0,2026-05-10,9270.0,,0
CUST-106852,2024-12-06,Referral,Hyderabad,Female,63,1,Standard,Annual,Debit Card,Yes,3,674.0,1,1,17,33.0,2026-05-24,11458.0,,0
CUST-106853,2026-01-13,Paid Social,Delhi,Male,61,1,Basic,Two-Year,UPI,No,3,392.0,0,0,4,31.0,2026-05-15,1568.0,,0
CUST-106854,2026-05-08,Organic Search,Delhi,Female,21,0,Premium,Monthly,UPI,Yes,2,941.0,0,0,0,23.0,2026-05-18,941.0,,0
CUST-106855,2026-03-20,Paid Social,Delhi,Female,24,0,Basic,Monthly,Credit Card,Yes,2,318.0,1,0,2,13.0,2026-05-08,636.0,,0
CUST-106856,2024-12-30,Organic Search,Bengaluru,Female,49,0,Standard,Monthly,Credit Card,No,2,632.0,1,0,17,23.0,2026-05-06,10744.0,,0
CUST-106857,2025-11-26,Paid Social,Delhi,Female,23,0,Premium,Monthly,Debit Card,Yes,3,988.0,1,0,6,17.0,2026-05-20,5928.0,,0
CUST-106858,2024-09-27,Organic Search,Hyderabad,Female,31,0,Standard,Monthly,Debit Card,No,3,682.0,1,1,20,20.0,2026-05-30,13640.0,,0
CUST-106859,2025-03-22,Organic Search,Pune,Female,68,1,Basic,Annual,UPI,No,3,388.0,1,1,14,31.0,2026-05-17,5432.0,,0
CUST-106860,2024-12-02,Organic Search,Bengaluru,Male,65,1,Basic,Two-Year,Debit Card,Yes,1,255.0,1,1,17,18.0,2026-05-20,4335.0,,0
CUST-106861,2024-11-13,Affiliate,Ahmedabad,Female,31,0,Standard,Monthly,Net Banking,No,1,584.0,0,0,18,15.0,2026-05-05,10512.0,,0
CUST-106862,2026-03-05,Organic Search,Jaipur,Male,46,0,Basic,Two-Year,Wallet,No,0,200.0,1,1,2,21.0,2026-05-20,400.0,,0
CUST-106863,2026-03-10,Paid Social,Delhi,Male,46,0,Basic,Annual,UPI,Yes,2,308.0,1,1,2,12.0,2026-05-06,616.0,,0
CUST-106864,2024-09-20,Paid Search,Bengaluru,Female,31,0,Basic,Monthly,Net Banking,No,1,252.0,1,1,17,17.0,2026-02-12,4284.0,2026-02-12,1
CUST-106865,2025-02-25,Paid Social,Bengaluru,Female,30,0,Basic,Monthly,UPI,Yes,2,332.0,1,0,15,27.0,2026-05-06,4980.0,,0
CUST-106866,2024-06-24,Paid Search,Delhi,Female,40,0,Standard,Two-Year,UPI,No,2,605.0,1,1,23,32.0,2026-05-12,13915.0,,0
CUST-106867,2026-01-23,Organic Search,Pune,Male,49,0,Standard,Annual,UPI,No,2,647.0,1,1,4,14.0,2026-05-09,2588.0,,0
CUST-106868,2024-12-30,Paid Search,Ahmedabad,Male,59,0,Standard,Monthly,UPI,No,0,519.0,1,1,17,9.0,2026-05-19,8823.0,,0
CUST-106869,2025-08-11,Paid Search,Kolkata,Female,61,1,Standard,Annual,UPI,Yes,2,601.0,1,1,9,18.0,2026-05-22,5409.0,,0
CUST-106870,2025-07-02,Referral,Ahmedabad,Male,19,0,Basic,Monthly,UPI,No,0,211.0,1,1,10,0.0,2026-05-09,2110.0,,0
CUST-106871,2024-10-23,Paid Search,Surat,Male,52,0,Premium,Annual,Debit Card,Yes,3,964.0,0,0,19,36.0,2026-05-15,18316.0,,0
CUST-106872,2025-02-15,Paid Social,Pune,Male,50,0,Standard,Monthly,Credit Card,No,0,486.0,0,0,15,19.0,2026-05-09,7290.0,,0
CUST-106873,2024-08-21,Paid Social,Ahmedabad,Female,20,0,Premium,Monthly,Debit Card,Yes,1,852.0,1,1,21,8.0,2026-05-16,17892.0,,0
CUST-106874,2024-09-26,Organic Search,Bengaluru,Male,61,1,Standard,Monthly,Credit Card,Yes,1,548.0,1,1,20,10.0,2026-05-20,10960.0,,0
CUST-106875,2026-02-09,Paid Search,Delhi,Male,48,0,Basic,Monthly,UPI,No,3,390.0,1,1,3,20.0,2026-05-11,1170.0,,0
CUST-106876,2025-02-21,Organic Search,Jaipur,Male,55,0,Standard,Monthly,Credit Card,Yes,0,503.0,1,0,15,17.0,2026-05-21,7545.0,,0
CUST-106877,2025-04-27,Paid Social,Hyderabad,Male,52,0,Basic,Annual,Debit Card,No,2,325.0,0,0,13,34.0,2026-05-20,4225.0,,0
CUST-106878,2025-10-18,Referral,Bengaluru,Female,35,0,Premium,Annual,UPI,Yes,3,979.0,1,1,7,20.0,2026-05-07,6853.0,,0
CUST-106879,2026-03-02,Organic Search,Delhi,Female,28,0,Standard,Annual,Wallet,Yes,3,671.0,1,1,2,25.0,2026-05-09,1342.0,,0
CUST-106880,2025-04-14,Organic Search,Surat,Female,37,0,Basic,Two-Year,Credit Card,No,1,251.0,1,1,13,16.0,2026-05-06,3263.0,,0
CUST-106881,2026-02-26,Paid Search,Pune,Male,57,0,Basic,Annual,Debit Card,No,1,276.0,1,1,3,18.0,2026-05-04,828.0,,0
CUST-106882,2025-07-23,Paid Social,Bengaluru,Male,51,0,Standard,Monthly,Credit Card,Yes,0,494.0,1,1,10,28.0,2026-05-27,4940.0,,0
CUST-106883,2024-07-08,Affiliate,Delhi,Male,50,0,Basic,Monthly,Debit Card,No,1,280.0,1,1,20,35.0,2026-02-28,5600.0,2026-02-28,1
CUST-106884,2026-04-22,Email,Delhi,Female,24,0,Basic,Annual,Debit Card,Yes,1,249.0,1,1,1,24.0,2026-05-05,249.0,,0
CUST-106885,2024-12-08,Email,Hyderabad,Male,18,0,Premium,Annual,Net Banking,No,3,980.0,1,0,17,14.0,2026-05-07,16660.0,,0
CUST-106886,2025-11-28,Paid Social,Pune,Male,52,0,Basic,Two-Year,UPI,No,3,384.0,1,1,6,30.0,2026-05-11,2304.0,,0
CUST-106887,2026-02-25,Organic Search,Chennai,Male,67,1,Basic,Monthly,UPI,Yes,3,397.0,1,1,3,22.0,2026-05-17,1191.0,,0
CUST-106888,2026-01-07,Paid Search,Bengaluru,Female,36,0,Basic,Monthly,UPI,Yes,1,274.0,1,1,4,20.0,2026-05-02,1096.0,,0
CUST-106889,2025-08-18,Paid Search,Pune,Female,41,0,Standard,Annual,Wallet,Yes,2,624.0,1,1,9,21.0,2026-05-18,5616.0,,0
CUST-106890,2024-12-27,Paid Search,Bengaluru,Male,67,1,Standard,Two-Year,UPI,No,2,620.0,1,0,17,17.0,2026-05-17,10540.0,,0
CUST-106891,2025-09-15,Paid Social,Hyderabad,Female,30,0,Standard,Monthly,UPI,Yes,1,545.0,1,1,8,22.0,2026-05-22,4360.0,,0
CUST-106892,2025-06-08,Organic Search,Delhi,Male,45,0,Premium,Monthly,UPI,Yes,0,796.0,1,0,11,11.0,2026-05-14,8756.0,,0
CUST-106893,2025-09-26,Organic Search,Kolkata,Female,22,0,Basic,Two-Year,Credit Card,Yes,1,293.0,1,0,8,17.0,2026-05-20,2344.0,,0
CUST-106894,2025-02-07,Organic Search,Delhi,Female,31,0,Basic,Monthly,Wallet,No,2,305.0,1,0,15,17.0,2026-05-06,4575.0,,0
CUST-106895,2025-10-15,Organic Search,Hyderabad,Female,37,0,Basic,Annual,Debit Card,No,0,191.0,1,1,7,20.0,2026-05-08,1337.0,,0
CUST-106896,2025-05-20,Email,Kolkata,Female,53,0,Basic,Two-Year,UPI,Yes,0,178.0,1,1,12,8.0,2026-05-28,2136.0,,0
CUST-106897,2026-05-10,Organic Search,Hyderabad,Male,34,0,Basic,Monthly,Net Banking,Yes,0,188.0,1,1,0,18.0,2026-05-12,188.0,,0
CUST-106898,2024-08-21,Paid Search,Delhi,Male,41,0,Basic,Monthly,Wallet,Yes,3,361.0,1,1,21,19.0,2026-05-08,7581.0,,0
CUST-106899,2025-11-10,Email,Hyderabad,Female,33,0,Premium,Two-Year,Debit Card,No,3,961.0,0,0,6,27.0,2026-05-20,5766.0,,0
CUST-106900,2025-06-13,Paid Social,Mumbai,Female,25,0,Basic,Monthly,Credit Card,No,0,204.0,1,1,8,30.0,2026-02-08,1632.0,2026-02-08,1
CUST-106901,2025-07-25,Paid Search,Ahmedabad,Male,59,0,Premium,Monthly,Debit Card,No,1,870.0,1,1,10,12.0,2026-05-31,8700.0,,0
CUST-106902,2025-06-19,Referral,Chennai,Male,52,0,Premium,Monthly,Debit Card,Yes,3,984.0,1,1,11,23.0,2026-05-11,10824.0,,0
CUST-106903,2024-09-07,Paid Social,Chennai,Male,51,0,Standard,Annual,Net Banking,Yes,1,544.0,1,1,20,17.0,2026-05-04,10880.0,,0
CUST-106904,2025-07-25,Paid Social,Ahmedabad,Male,48,0,Premium,Monthly,Debit Card,Yes,0,774.0,1,1,10,11.0,2026-05-17,7740.0,,0
CUST-106905,2025-04-02,Affiliate,Jaipur,Female,24,0,Standard,Annual,Credit Card,No,2,588.0,1,1,13,12.0,2026-05-20,7644.0,,0
CUST-106906,2024-11-19,Referral,Bengaluru,Male,44,0,Basic,Monthly,UPI,No,2,301.0,1,1,18,22.0,2026-05-17,5418.0,,0
CUST-106907,2026-04-06,Affiliate,Kolkata,Female,54,0,Standard,Monthly,UPI,Yes,2,604.0,0,0,1,10.0,2026-05-13,604.0,,0
CUST-106908,2024-11-09,Email,Chennai,Male,43,0,Basic,Monthly,UPI,Yes,1,252.0,1,0,18,29.0,2026-05-03,4536.0,,0
CUST-106909,2025-04-04,Paid Social,Kolkata,Female,55,0,Standard,Monthly,Debit Card,Yes,3,683.0,1,1,8,24.0,2025-11-30,5464.0,2025-11-30,1
CUST-106910,2025-02-24,Referral,Chennai,Female,35,0,Premium,Two-Year,Wallet,Yes,0,793.0,1,1,15,9.0,2026-05-07,11895.0,,0
CUST-106911,2025-04-27,Paid Search,Surat,Female,44,0,Standard,Monthly,UPI,No,1,583.0,1,1,13,21.0,2026-05-16,7579.0,,0
CUST-106912,2025-06-27,Paid Search,Pune,Female,37,0,Basic,Annual,Credit Card,Yes,3,414.0,1,1,11,25.0,2026-05-30,4554.0,,0
CUST-106913,2025-09-03,Referral,Mumbai,Male,69,1,Standard,Monthly,Debit Card,No,1,557.0,1,1,3,11.0,2025-12-02,1671.0,2025-12-02,1
CUST-106914,2025-02-01,Referral,Delhi,Male,27,0,Premium,Monthly,UPI,No,0,770.0,1,1,15,16.0,2026-05-10,11550.0,,0
CUST-106915,2025-02-08,Affiliate,Hyderabad,Female,32,0,Basic,Monthly,Credit Card,Yes,2,311.0,1,0,15,19.0,2026-05-02,4665.0,,0
CUST-106916,2025-10-28,Paid Social,Mumbai,Female,53,0,Basic,Annual,Net Banking,Yes,2,315.0,0,0,7,35.0,2026-05-12,2205.0,,0
CUST-106917,2025-10-22,Paid Search,Jaipur,Female,21,0,Basic,Annual,UPI,Yes,2,329.0,1,1,7,14.0,2026-05-22,2303.0,,0
CUST-106918,2025-08-01,Paid Social,Mumbai,Female,44,0,Premium,Annual,Debit Card,No,1,839.0,1,1,9,20.0,2026-05-12,7551.0,,0
CUST-106919,2025-06-14,Paid Search,Kolkata,Male,19,0,Standard,Monthly,Debit Card,Yes,3,655.0,0,0,11,13.0,2026-05-23,7205.0,,0
CUST-106920,2024-08-22,Referral,Bengaluru,Male,45,0,Basic,Two-Year,Debit Card,No,2,323.0,1,1,21,19.0,2026-05-13,6783.0,,0
CUST-106921,2025-07-18,Referral,Chennai,Female,34,0,Standard,Annual,UPI,No,2,611.0,1,1,10,14.0,2026-05-10,6110.0,,0
CUST-106922,2024-11-11,Paid Social,Jaipur,Female,27,0,Standard,Two-Year,UPI,No,2,611.0,1,0,18,31.0,2026-05-23,10998.0,,0
CUST-106923,2024-07-24,Paid Search,Delhi,Female,43,0,Basic,Monthly,UPI,No,3,366.0,1,1,22,31.0,2026-05-30,8052.0,,0
CUST-106924,2025-08-15,Paid Social,Hyderabad,Female,35,0,Premium,Monthly,Credit Card,Yes,2,913.0,0,0,9,24.0,2026-05-03,8217.0,,0
CUST-106925,2025-06-17,Organic Search,Mumbai,Female,22,0,Standard,Annual,UPI,No,3,682.0,1,1,11,19.0,2026-05-10,7502.0,,0
CUST-106926,2025-06-23,Organic Search,Chennai,Female,45,0,Basic,Monthly,Debit Card,Yes,1,223.0,1,1,11,12.0,2026-05-24,2453.0,,0
CUST-106927,2025-11-17,Affiliate,Chennai,Male,47,0,Premium,Annual,Credit Card,Yes,0,799.0,1,1,6,17.0,2026-05-11,4794.0,,0
CUST-106928,2025-02-03,Paid Social,Delhi,Female,52,0,Basic,Monthly,Net Banking,Yes,2,329.0,1,0,15,31.0,2026-05-11,4935.0,,0
CUST-106929,2025-01-31,Email,Ahmedabad,Male,64,1,Basic,Annual,Net Banking,Yes,1,266.0,1,1,16,27.0,2026-05-31,4256.0,,0
CUST-106930,2024-10-04,Organic Search,Delhi,Male,54,0,Basic,Monthly,UPI,Yes,3,411.0,1,1,19,40.0,2026-05-15,7809.0,,0
CUST-106931,2024-07-26,Referral,Mumbai,Female,59,0,Basic,Monthly,UPI,Yes,0,192.0,1,1,22,15.0,2026-05-29,4224.0,,0
CUST-106932,2026-04-02,Paid Search,Chennai,Male,51,0,Standard,Monthly,UPI,Yes,3,678.0,1,1,0,22.0,2026-04-02,678.0,2026-04-02,1
CUST-106933,2024-12-28,Referral,Mumbai,Male,52,0,Basic,Two-Year,Debit Card,No,3,398.0,1,1,17,29.0,2026-05-18,6766.0,,0
CUST-106934,2025-04-24,Paid Search,Jaipur,Female,59,0,Basic,Monthly,Credit Card,Yes,3,380.0,1,1,13,22.0,2026-05-12,4940.0,,0
CUST-106935,2026-03-24,Referral,Surat,Female,52,0,Premium,Annual,UPI,Yes,1,882.0,1,1,2,19.0,2026-05-25,1764.0,,0
CUST-106936,2024-11-02,Affiliate,Kolkata,Male,44,0,Basic,Monthly,Debit Card,Yes,3,391.0,1,0,18,13.0,2026-05-08,7038.0,,0
CUST-106937,2024-10-06,Paid Search,Pune,Female,55,0,Basic,Monthly,UPI,Yes,2,321.0,1,1,19,15.0,2026-05-10,6099.0,,0
CUST-106938,2025-11-08,Organic Search,Mumbai,Male,68,1,Basic,Monthly,Credit Card,No,0,199.0,1,1,6,30.0,2026-05-11,1194.0,,0
CUST-106939,2025-02-14,Paid Social,Chennai,Male,43,0,Premium,Monthly,Credit Card,Yes,1,855.0,1,1,15,14.0,2026-05-29,12825.0,,0
CUST-106940,2024-12-04,Referral,Hyderabad,Female,29,0,Basic,Monthly,UPI,Yes,2,318.0,1,1,4,29.0,2025-04-03,1272.0,2025-04-03,1
CUST-106941,2025-12-21,Paid Search,Surat,Female,38,0,Basic,Monthly,Net Banking,Yes,3,366.0,1,0,5,9.0,2026-05-16,1830.0,,0
CUST-106942,2024-12-11,Paid Search,Delhi,Female,18,0,Premium,Annual,Debit Card,Yes,1,869.0,0,0,17,19.0,2026-05-06,14773.0,,0
CUST-106943,2024-06-04,Paid Search,Ahmedabad,Female,33,0,Basic,Two-Year,Credit Card,No,1,288.0,1,0,23,12.0,2026-05-06,6624.0,,0
CUST-106944,2026-01-24,Paid Social,Surat,Female,64,1,Premium,Annual,Debit Card,Yes,2,892.0,0,0,4,17.0,2026-05-08,3568.0,,0
CUST-106945,2026-05-09,Referral,Chennai,Female,23,0,Standard,Monthly,UPI,No,0,517.0,1,1,0,22.0,2026-05-09,517.0,2026-05-09,1
CUST-106946,2026-03-24,Referral,Mumbai,Male,64,1,Premium,Monthly,Credit Card,Yes,3,983.0,1,1,2,21.0,2026-05-10,1966.0,,0
CUST-106947,2024-08-24,Referral,Hyderabad,Female,47,0,Basic,Monthly,Debit Card,No,1,275.0,1,1,21,31.0,2026-05-09,5775.0,,0
CUST-106948,2025-05-08,Referral,Ahmedabad,Female,34,0,Premium,Monthly,UPI,Yes,2,910.0,1,0,12,21.0,2026-05-23,10920.0,,0
CUST-106949,2026-03-07,Affiliate,Bengaluru,Male,42,0,Basic,Annual,Debit Card,Yes,1,256.0,1,0,2,19.0,2026-05-30,512.0,,0
CUST-106950,2025-09-04,Paid Search,Delhi,Female,63,1,Basic,Monthly,Credit Card,Yes,1,278.0,1,0,8,13.0,2026-05-08,2224.0,,0
CUST-106951,2025-01-04,Email,Delhi,Female,24,0,Standard,Monthly,UPI,Yes,1,558.0,1,0,16,11.0,2026-05-02,8928.0,,0
CUST-106952,2025-02-19,Organic Search,Mumbai,Male,47,0,Basic,Annual,Credit Card,Yes,3,391.0,1,1,5,19.0,2025-07-19,1955.0,2025-07-19,1
CUST-106953,2025-01-15,Paid Search,Mumbai,Male,31,0,Basic,Monthly,Debit Card,No,1,250.0,1,1,16,21.0,2026-05-20,4000.0,,0
CUST-106954,2025-09-05,Referral,Bengaluru,Female,46,0,Standard,Monthly,UPI,No,3,676.0,1,1,8,18.0,2026-05-28,5408.0,,0
CUST-106955,2025-09-19,Paid Social,Mumbai,Male,58,0,Basic,Two-Year,Net Banking,Yes,0,207.0,1,1,8,15.0,2026-05-17,1656.0,,0
CUST-106956,2025-11-13,Paid Social,Bengaluru,Female,65,1,Basic,Monthly,UPI,Yes,1,265.0,1,0,6,13.0,2026-05-21,1590.0,,0
CUST-106957,2024-12-20,Paid Search,Bengaluru,Male,31,0,Standard,Annual,UPI,Yes,0,511.0,1,1,17,29.0,2026-05-22,8687.0,,0
CUST-106958,2025-11-08,Paid Social,Hyderabad,Female,52,0,Basic,Monthly,Net Banking,No,1,254.0,1,0,6,16.0,2026-05-17,1524.0,,0
CUST-106959,2025-04-17,Affiliate,Pune,Female,40,0,Standard,Two-Year,UPI,Yes,3,679.0,1,1,13,25.0,2026-05-02,8827.0,,0
CUST-106960,2024-06-30,Paid Social,Mumbai,Male,44,0,Standard,Annual,Credit Card,Yes,2,634.0,1,0,23,14.0,2026-05-04,14582.0,,0
CUST-106961,2025-12-22,Organic Search,Ahmedabad,Male,26,0,Basic,Monthly,UPI,No,0,221.0,1,1,5,9.0,2026-05-21,1105.0,,0
CUST-106962,2024-08-11,Paid Search,Chennai,Male,62,1,Basic,Two-Year,UPI,Yes,2,306.0,1,1,21,15.0,2026-05-09,6426.0,,0
CUST-106963,2024-06-07,Paid Social,Kolkata,Male,26,0,Basic,Monthly,Debit Card,No,1,277.0,1,0,23,15.0,2026-05-23,6371.0,,0
CUST-106964,2025-10-30,Organic Search,Surat,Male,20,0,Basic,Two-Year,Debit Card,Yes,0,187.0,1,0,7,6.0,2026-05-23,1309.0,,0
CUST-106965,2024-08-03,Paid Search,Jaipur,Male,57,0,Basic,Annual,UPI,No,0,202.0,1,0,21,22.0,2026-05-07,4242.0,,0
CUST-106966,2025-06-23,Paid Search,Pune,Female,39,0,Standard,Monthly,Debit Card,Yes,1,563.0,1,1,11,21.0,2026-05-10,6193.0,,0
CUST-106967,2025-01-31,Organic Search,Kolkata,Female,21,0,Basic,Monthly,UPI,No,0,192.0,1,1,15,8.0,2026-04-26,2880.0,2026-04-26,1
CUST-106968,2026-04-19,Paid Search,Bengaluru,Male,53,0,Standard,Monthly,Debit Card,Yes,2,616.0,0,0,1,16.0,2026-05-10,616.0,,0
CUST-106969,2025-01-12,Paid Search,Chennai,Male,32,0,Basic,Annual,Debit Card,Yes,2,292.0,1,1,16,30.0,2026-05-26,4672.0,,0
CUST-106970,2024-08-15,Referral,Jaipur,Female,68,1,Basic,Annual,Wallet,No,3,390.0,1,0,21,22.0,2026-05-29,8190.0,,0
CUST-106971,2024-09-08,Paid Social,Chennai,Male,69,1,Basic,Monthly,Net Banking,Yes,3,375.0,1,0,20,11.0,2026-05-17,7500.0,,0
CUST-106972,2026-05-23,Organic Search,Delhi,Female,46,0,Basic,Annual,Net Banking,Yes,3,378.0,1,1,0,31.0,2026-05-10,378.0,,0
CUST-106973,2026-05-03,Email,Delhi,Male,42,0,Standard,Two-Year,Wallet,Yes,1,550.0,1,0,0,26.0,2026-05-27,550.0,,0
CUST-106974,2024-09-06,Paid Search,Delhi,Female,41,0,Standard,Monthly,Net Banking,Yes,1,570.0,1,1,20,28.0,2026-05-02,11400.0,,0
CUST-106975,2025-02-01,Organic Search,Delhi,Male,49,0,Premium,Annual,Net Banking,No,2,922.0,1,1,15,14.0,2026-05-28,13830.0,,0
CUST-106976,2024-06-23,Affiliate,Chennai,Male,65,1,Basic,Monthly,UPI,No,1,242.0,1,1,23,39.0,2026-05-14,5566.0,2026-05-14,1
CUST-106977,2026-01-20,Organic Search,Hyderabad,Female,51,0,Basic,Two-Year,Debit Card,Yes,3,377.0,1,1,4,26.0,2026-05-20,1508.0,,0
CUST-106978,2026-03-18,Referral,Mumbai,Male,23,0,Premium,Two-Year,Debit Card,Yes,3,963.0,1,1,2,23.0,2026-05-04,1926.0,,0
CUST-106979,2025-10-28,Referral,Hyderabad,Female,28,0,Standard,Two-Year,Wallet,Yes,2,619.0,1,1,7,24.0,2026-05-08,4333.0,,0
CUST-106980,2025-06-03,Email,Delhi,Male,50,0,Basic,Annual,Debit Card,No,1,269.0,0,0,11,25.0,2026-05-11,2959.0,,0
CUST-106981,2025-02-25,Email,Bengaluru,Male,37,0,Basic,Monthly,UPI,Yes,3,382.0,1,1,15,34.0,2026-05-26,5730.0,,0
CUST-106982,2024-12-26,Paid Social,Delhi,Male,42,0,Standard,Monthly,UPI,Yes,2,626.0,1,1,17,15.0,2026-05-28,10642.0,,0
CUST-106983,2025-11-02,Referral,Bengaluru,Female,38,0,Basic,Monthly,UPI,Yes,0,215.0,1,1,6,14.0,2026-05-29,1290.0,,0
CUST-106984,2025-07-22,Paid Social,Hyderabad,Female,48,0,Standard,Monthly,Credit Card,No,0,487.0,1,1,10,9.0,2026-05-20,4870.0,,0
CUST-106985,2025-05-06,Paid Search,Hyderabad,Male,29,0,Basic,Annual,Debit Card,No,0,192.0,1,0,12,5.0,2026-05-08,2304.0,,0
CUST-106986,2025-03-03,Paid Search,Hyderabad,Female,21,0,Premium,Monthly,UPI,No,0,772.0,1,1,14,18.0,2026-05-05,10808.0,,0
CUST-106987,2025-11-15,Organic Search,Delhi,Female,30,0,Standard,Annual,UPI,No,1,553.0,1,1,6,26.0,2026-05-11,3318.0,,0
CUST-106988,2026-05-22,Organic Search,Hyderabad,Male,52,0,Standard,Annual,UPI,No,2,610.0,1,1,0,15.0,2026-05-24,610.0,,0
CUST-106989,2024-08-29,Organic Search,Mumbai,Male,49,0,Basic,Monthly,Net Banking,No,2,329.0,1,1,21,16.0,2026-05-28,6909.0,,0
CUST-106990,2025-12-17,Organic Search,Bengaluru,Male,60,1,Standard,Annual,UPI,Yes,1,566.0,1,1,5,15.0,2026-05-07,2830.0,,0
CUST-106991,2025-04-27,Organic Search,Pune,Male,23,0,Premium,Monthly,UPI,Yes,1,882.0,1,1,13,24.0,2026-05-04,11466.0,,0
CUST-106992,2025-09-22,Affiliate,Hyderabad,Female,25,0,Basic,Monthly,Credit Card,Yes,2,311.0,1,1,8,16.0,2026-05-20,2488.0,2026-05-20,1
CUST-106993,2026-01-04,Paid Search,Jaipur,Male,24,0,Standard,Monthly,UPI,No,3,685.0,1,1,4,7.0,2026-05-30,2740.0,,0
CUST-106994,2025-01-21,Referral,Delhi,Male,47,0,Basic,Monthly,Debit Card,Yes,2,330.0,1,1,16,21.0,2026-05-06,5280.0,,0
CUST-106995,2024-10-24,Affiliate,Chennai,Female,47,0,Standard,Monthly,Net Banking,Yes,0,533.0,1,0,19,12.0,2026-05-23,10127.0,,0
CUST-106996,2024-06-19,Referral,Delhi,Male,26,0,Premium,Monthly,UPI,No,1,866.0,1,1,13,11.0,2025-07-14,11258.0,2025-07-14,1
CUST-106997,2026-05-06,Paid Social,Bengaluru,Female,41,0,Standard,Monthly,Net Banking,Yes,3,678.0,1,1,0,21.0,2026-05-19,678.0,,0
CUST-106998,2026-01-03,Affiliate,Chennai,Female,20,0,Standard,Monthly,Debit Card,No,3,681.0,1,1,0,24.0,2026-01-03,681.0,2026-01-03,1
CUST-106999,2025-11-07,Referral,Hyderabad,Male,49,0,Basic,Monthly,UPI,No,1,266.0,1,1,1,16.0,2025-12-07,266.0,2025-12-07,1
CUST-107000,2024-07-05,Referral,Kolkata,Male,47,0,Premium,Annual,UPI,No,1,880.0,1,1,22,19.0,2026-05-14,19360.0,,0
CUST-107001,2026-04-04,Affiliate,Chennai,Male,19,0,Standard,Monthly,UPI,No,3,673.0,1,0,1,8.0,2026-05-13,673.0,,0
CUST-107002,2024-08-22,Paid Search,Mumbai,Female,22,0,Basic,Monthly,UPI,Yes,3,368.0,1,1,21,17.0,2026-05-19,7728.0,,0
CUST-107003,2024-12-29,Paid Search,Surat,Male,54,0,Premium,Monthly,UPI,Yes,1,898.0,1,0,17,19.0,2026-05-12,15266.0,,0
CUST-107004,2025-08-04,Affiliate,Jaipur,Female,64,1,Basic,Monthly,Wallet,Yes,0,182.0,1,1,9,21.0,2026-05-09,1638.0,,0
CUST-107005,2024-06-09,Paid Social,Delhi,Female,62,1,Basic,Monthly,UPI,Yes,2,332.0,1,1,19,14.0,2025-12-31,6308.0,2025-12-31,1
CUST-107006,2025-12-04,Affiliate,Ahmedabad,Male,47,0,Premium,Monthly,Wallet,No,2,925.0,1,0,5,31.0,2026-05-18,4625.0,,0
CUST-107007,2026-04-07,Organic Search,Delhi,Female,45,0,Basic,Annual,Credit Card,Yes,2,324.0,1,1,1,20.0,2026-05-07,324.0,,0
CUST-107008,2025-03-26,Organic Search,Chennai,Female,60,1,Basic,Annual,Credit Card,No,3,361.0,1,1,14,18.0,2026-05-18,5054.0,,0
CUST-107009,2024-08-28,Paid Search,Jaipur,Male,61,1,Basic,Two-Year,Debit Card,No,1,300.0,1,1,21,21.0,2026-05-30,6300.0,,0
CUST-107010,2025-08-04,Organic Search,Chennai,Female,65,1,Premium,Two-Year,Net Banking,No,3,982.0,1,1,9,26.0,2026-05-31,8838.0,,0
CUST-107011,2025-12-20,Email,Delhi,Male,38,0,Basic,Monthly,Wallet,No,3,371.0,1,1,5,21.0,2026-05-21,1855.0,,0
CUST-107012,2026-05-11,Organic Search,Ahmedabad,Female,42,0,Basic,Monthly,UPI,Yes,0,179.0,1,1,0,16.0,2026-05-24,179.0,,0
CUST-107013,2024-12-16,Referral,Bengaluru,Female,22,0,Basic,Monthly,UPI,Yes,2,289.0,1,1,17,25.0,2026-05-05,4913.0,,0
CUST-107014,2024-12-23,Organic Search,Delhi,Male,27,0,Basic,Annual,UPI,Yes,0,210.0,1,1,6,27.0,2025-06-21,1260.0,2025-06-21,1
CUST-107015,2024-07-31,Email,Ahmedabad,Male,37,0,Basic,Annual,UPI,No,0,186.0,1,0,22,10.0,2026-05-26,4092.0,,0
CUST-107016,2024-07-03,Paid Social,Ahmedabad,Male,60,1,Premium,Monthly,UPI,No,0,795.0,1,1,0,9.0,2024-07-03,795.0,2024-07-03,1
CUST-107017,2025-11-19,Organic Search,Mumbai,Male,41,0,Standard,Two-Year,Debit Card,No,3,670.0,1,1,6,24.0,2026-05-18,4020.0,2026-05-18,1
CUST-107018,2024-11-09,Organic Search,Mumbai,Female,48,0,Premium,Monthly,UPI,Yes,3,987.0,1,0,18,27.0,2026-05-12,17766.0,,0
CUST-107019,2025-01-08,Paid Search,Hyderabad,Male,63,1,Standard,Two-Year,Net Banking,No,1,565.0,1,1,16,6.0,2026-05-12,9040.0,,0
CUST-107020,2025-04-22,Email,Delhi,Female,42,0,Basic,Two-Year,Debit Card,No,3,390.0,1,1,13,25.0,2026-05-22,5070.0,,0
CUST-107021,2024-07-27,Email,Delhi,Male,35,0,Basic,Monthly,Credit Card,Yes,2,331.0,0,0,22,31.0,2026-05-23,7282.0,,0
CUST-107022,2025-12-19,Paid Social,Pune,Male,55,0,Standard,Monthly,Credit Card,Yes,0,488.0,1,1,2,17.0,2026-02-17,976.0,2026-02-17,1
CUST-107023,2025-07-20,Paid Social,Surat,Male,34,0,Basic,Monthly,Debit Card,No,1,239.0,1,1,10,20.0,2026-05-14,2390.0,,0
CUST-107024,2025-04-02,Organic Search,Hyderabad,Male,38,0,Standard,Monthly,UPI,Yes,2,617.0,0,0,13,20.0,2026-05-22,8021.0,,0
CUST-107025,2024-11-17,Paid Search,Pune,Female,64,1,Basic,Two-Year,UPI,No,2,327.0,1,1,18,23.0,2026-05-26,5886.0,,0
CUST-107026,2025-08-04,Paid Search,Hyderabad,Male,40,0,Standard,Two-Year,UPI,Yes,2,621.0,0,0,9,26.0,2026-05-23,5589.0,,0
CUST-107027,2025-11-07,Organic Search,Hyderabad,Female,31,0,Basic,Monthly,UPI,Yes,2,291.0,1,1,6,15.0,2026-05-03,1746.0,,0
CUST-107028,2025-07-18,Paid Search,Hyderabad,Female,61,1,Standard,Monthly,Credit Card,Yes,2,620.0,1,0,10,9.0,2026-05-07,6200.0,,0
CUST-107029,2025-12-05,Affiliate,Bengaluru,Male,51,0,Premium,Annual,UPI,Yes,3,964.0,1,1,5,27.0,2026-05-08,4820.0,,0
CUST-107030,2025-05-22,Organic Search,Bengaluru,Male,57,0,Basic,Annual,UPI,No,2,319.0,1,1,12,22.0,2026-05-29,3828.0,,0
CUST-107031,2024-08-29,Organic Search,Bengaluru,Male,34,0,Basic,Annual,Debit Card,Yes,1,273.0,1,1,21,32.0,2026-05-21,5733.0,,0
CUST-107032,2024-09-24,Organic Search,Delhi,Male,58,0,Basic,Monthly,Debit Card,Yes,0,162.0,1,1,20,7.0,2026-05-11,3240.0,,0
CUST-107033,2026-01-01,Organic Search,Mumbai,Female,67,1,Basic,Monthly,UPI,No,0,222.0,1,1,4,21.0,2026-05-20,888.0,,0
CUST-107034,2024-07-20,Organic Search,Delhi,Male,26,0,Standard,Monthly,UPI,Yes,1,543.0,1,1,22,12.0,2026-05-24,11946.0,,0
CUST-107035,2025-04-28,Paid Search,Delhi,Male,27,0,Premium,Monthly,UPI,Yes,1,874.0,1,1,6,20.0,2025-10-25,5244.0,2025-10-25,1
CUST-107036,2024-10-26,Organic Search,Bengaluru,Male,47,0,Premium,Monthly,Credit Card,No,0,812.0,1,1,15,20.0,2026-01-19,12180.0,2026-01-19,1
CUST-107037,2025-12-04,Referral,Bengaluru,Male,55,0,Standard,Monthly,Credit Card,No,2,614.0,1,1,5,19.0,2026-05-08,3070.0,,0
CUST-107038,2024-12-14,Affiliate,Ahmedabad,Female,18,0,Standard,Monthly,Net Banking,No,1,566.0,1,1,5,18.0,2025-05-13,2830.0,2025-05-13,1
CUST-107039,2025-12-09,Email,Delhi,Female,46,0,Basic,Annual,UPI,Yes,1,248.0,1,0,5,17.0,2026-05-26,1240.0,,0
CUST-107040,2024-10-15,Paid Search,Delhi,Female,24,0,Premium,Monthly,Net Banking,Yes,2,893.0,1,0,19,20.0,2026-05-13,16967.0,,0
CUST-107041,2025-08-18,Organic Search,Hyderabad,Male,68,1,Standard,Two-Year,UPI,No,3,696.0,1,1,9,15.0,2026-05-14,6264.0,,0
CUST-107042,2024-10-19,Organic Search,Delhi,Male,55,0,Basic,Monthly,UPI,No,2,309.0,1,1,19,14.0,2026-05-15,5871.0,,0
